Workbook

Sheet Sheet1
A1: 学籍番号 | B1: クラス | C1: 氏名 | D1: 卒業・退学 | E1: 進路区分 | F1: 最終合格校 | G1: 出願経験 | H1: 1年生 | I1: 退学理由 | J1: 進学希望 | K1: 卒業者進路 | L1: 大学・大学院 | M1: 専門学校 | N1: 進学先
A2: 2304010 | B2: 2-1 | C2: 尹 麗 | D2: 卒業 | E2: 専門学校 | F2: 兵庫県立総合衛生学院 | G2: 有 | J2: =IF(OR(テーブル1[[#This Row],[最終合格校]]<>"",テーブル1[[#This Row],[進路区分]]="進学未定",テーブル1[[#This Row],[出願経験]]="有"),"○","")&F2 -> ○兵庫県立総合衛生学院 | K2: =IF(OR(D2="卒業",D2="修了",D2="延長"),E2,"") -> 専門学校 | L2: =IF(E2="大学",F2,IF(E2="大学院",F2,"")) | M2: =IF(E2="専門学校",F2,"") -> 兵庫県立総合衛生学院 | N2: =テーブル1[[#This Row],[大学・大学院]]&テーブル1[[#This Row],[専門学校]] -> 兵庫県立総合衛生学院
A3: 2304066 | B3: 2-1 | C3: PAING SHIN HTET | D3: 卒業 | E3: 専門学校 | F3: 神戸電子専門学校 | G3: 有 | J3: =IF(OR(テーブル1[[#This Row],[最終合格校]]<>"",テーブル1[[#This Row],[進路区分]]="進学未定",テーブル1[[#This Row],[出願経験]]="有"),"○","")&F3 -> ○神戸電子専門学校 | K3: =IF(OR(D3="卒業",D3="修了",D3="延長"),E3,"") -> 専門学校 | L3: =IF(E3="大学",F3,IF(E3="大学院",F3,"")) | M3: =IF(E3="専門学校",F3,"") -> 神戸電子専門学校 | N3: =テーブル1[[#This Row],[大学・大学院]]&テーブル1[[#This Row],[専門学校]] -> 神戸電子専門学校
A4: 2304067 | B4: 2-1 | C4: HTET HTOO KHIN | D4: 卒業 | E4: 専門学校 | F4: 神戸電子専門学校 | G4: 有 | J4: =IF(OR(テーブル1[[#This Row],[最終合格校]]<>"",テーブル1[[#This Row],[進路区分]]="進学未定",テーブル1[[#This Row],[出願経験]]="有"),"○","")&F4 -> ○神戸電子専門学校 | K4: =IF(OR(D4="卒業",D4="修了",D4="延長"),E4,"") -> 専門学校 | L4: =IF(E4="大学",F4,IF(E4="大学院",F4,"")) | M4: =IF(E4="専門学校",F4,"") -> 神戸電子専門学校 | N4: =テーブル1[[#This Row],[大学・大学院]]&テーブル1[[#This Row],[専門学校]] -> 神戸電子専門学校
A5: 2304069 | B5: 2-1 | C5: THIRI HNIN HTET | D5: 卒業 | E5: 専門学校 | F5: 東京国際ビジネスカレッジ神戸校 | G5: 有 | J5: =IF(OR(テーブル1[[#This Row],[最終合格校]]<>"",テーブル1[[#This Row],[進路区分]]="進学未定",テーブル1[[#This Row],[出願経験]]="有"),"○","")&F5 -> ○東京国際ビジネスカレッジ神戸校 | K5: =IF(OR(D5="卒業",D5="修了",D5="延長"),E5,"") -> 専門学校 | L5: =IF(E5="大学",F5,IF(E5="大学院",F5,"")) | M5: =IF(E5="専門学校",F5,"") -> 東京国際ビジネスカレッジ神戸校 | N5: =テーブル1[[#This Row],[大学・大学院]]&テーブル1[[#This Row],[専門学校]] -> 東京国際ビジネスカレッジ神戸校
A6: 2304070 | B6: 2-1 | C6: YOON LAE LAE TUN | D6: 卒業 | E6: 大学 | F6: 神戸国際大学 | G6: 有 | J6: =IF(OR(テーブル1[[#This Row],[最終合格校]]<>"",テーブル1[[#This Row],[進路区分]]="進学未定",テーブル1[[#This Row],[出願経験]]="有"),"○","")&F6 -> ○神戸国際大学 | K6: =IF(OR(D6="卒業",D6="修了",D6="延長"),E6,"") -> 大学 | L6: =IF(E6="大学",F6,IF(E6="大学院",F6,"")) -> 神戸国際大学 | M6: =IF(E6="専門学校",F6,"") | N6: =テーブル1[[#This Row],[大学・大学院]]&テーブル1[[#This Row],[専門学校]] -> 神戸国際大学
A7: 2304071 | B7: 2-1 | C7: AYE WAI PHYO | D7: 卒業 | E7: 専門学校 | F7: ECCコンピュータ専門学校 | G7: 有 | J7: =IF(OR(テーブル1[[#This Row],[最終合格校]]<>"",テーブル1[[#This Row],[進路区分]]="進学未定",テーブル1[[#This Row],[出願経験]]="有"),"○","")&F7 -> ○ECCコンピュータ専門学校 | K7: =IF(OR(D7="卒業",D7="修了",D7="延長"),E7,"") -> 専門学校 | L7: =IF(E7="大学",F7,IF(E7="大学院",F7,"")) | M7: =IF(E7="専門学校",F7,"") -> ECCコンピュータ専門学校 | N7: =テーブル1[[#This Row],[大学・大学院]]&テーブル1[[#This Row],[専門学校]] -> ECCコンピュータ専門学校
A8: 2304072 | B8: 2-1 | C8: ARKAR HEIN | D8: 卒業 | E8: 専門学校 | F8: トヨタ神戸自動車大学校 | G8: 有 | J8: =IF(OR(テーブル1[[#This Row],[最終合格校]]<>"",テーブル1[[#This Row],[進路区分]]="進学未定",テーブル1[[#This Row],[出願経験]]="有"),"○","")&F8 -> ○トヨタ神戸自動車大学校 | K8: =IF(OR(D8="卒業",D8="修了",D8="延長"),E8,"") -> 専門学校 | L8: =IF(E8="大学",F8,IF(E8="大学院",F8,"")) | M8: =IF(E8="専門学校",F8,"") -> トヨタ神戸自動車大学校 | N8: =テーブル1[[#This Row],[大学・大学院]]&テーブル1[[#This Row],[専門学校]] -> トヨタ神戸自動車大学校
A9: 2304073 | B9: 2-1 | C9: WIN THEINGI SHWE | D9: 卒業 | E9: 専門学校 | F9: ECCコンピュータ専門学校 | G9: 有 | J9: =IF(OR(テーブル1[[#This Row],[最終合格校]]<>"",テーブル1[[#This Row],[進路区分]]="進学未定",テーブル1[[#This Row],[出願経験]]="有"),"○","")&F9 -> ○ECCコンピュータ専門学校 | K9: =IF(OR(D9="卒業",D9="修了",D9="延長"),E9,"") -> 専門学校 | L9: =IF(E9="大学",F9,IF(E9="大学院",F9,"")) | M9: =IF(E9="専門学校",F9,"") -> ECCコンピュータ専門学校 | N9: =テーブル1[[#This Row],[大学・大学院]]&テーブル1[[#This Row],[専門学校]] -> ECCコンピュータ専門学校
A10: 2304074 | B10: 2-1 | C10: MAY THINZAR KYAW | D10: 卒業 | E10: 専門学校 | F10: ECC国際外語専門学校 | G10: 有 | J10: =IF(OR(テーブル1[[#This Row],[最終合格校]]<>"",テーブル1[[#This Row],[進路区分]]="進学未定",テーブル1[[#This Row],[出願経験]]="有"),"○","")&F10 -> ○ECC国際外語専門学校 | K10: =IF(OR(D10="卒業",D10="修了",D10="延長"),E10,"") -> 専門学校 | L10: =IF(E10="大学",F10,IF(E10="大学院",F10,"")) | M10: =IF(E10="専門学校",F10,"") -> ECC国際外語専門学校 | N10: =テーブル1[[#This Row],[大学・大学院]]&テーブル1[[#This Row],[専門学校]] -> ECC国際外語専門学校
A11: 2304075 | B11: 2-1 | C11: EI THAE PHYU | D11: 卒業 | E11: 専門学校 | F11: ECC国際外語専門学校 | G11: 有 | J11: =IF(OR(テーブル1[[#This Row],[最終合格校]]<>"",テーブル1[[#This Row],[進路区分]]="進学未定",テーブル1[[#This Row],[出願経験]]="有"),"○","")&F11 -> ○ECC国際外語専門学校 | K11: =IF(OR(D11="卒業",D11="修了",D11="延長"),E11,"") -> 専門学校 | L11: =IF(E11="大学",F11,IF(E11="大学院",F11,"")) | M11: =IF(E11="専門学校",F11,"") -> ECC国際外語専門学校 | N11: =テーブル1[[#This Row],[大学・大学院]]&テーブル1[[#This Row],[専門学校]] -> ECC国際外語専門学校
A12: 2304081 | B12: 2-1 | C12: KAUNG KHANT SAN | D12: 卒業 | E12: 専門学校 | F12: 神戸電子専門学校 | G12: 有 | J12: =IF(OR(テーブル1[[#This Row],[最終合格校]]<>"",テーブル1[[#This Row],[進路区分]]="進学未定",テーブル1[[#This Row],[出願経験]]="有"),"○","")&F12 -> ○神戸電子専門学校 | K12: =IF(OR(D12="卒業",D12="修了",D12="延長"),E12,"") -> 専門学校 | L12: =IF(E12="大学",F12,IF(E12="大学院",F12,"")) | M12: =IF(E12="専門学校",F12,"") -> 神戸電子専門学校 | N12: =テーブル1[[#This Row],[大学・大学院]]&テーブル1[[#This Row],[専門学校]] -> 神戸電子専門学校
A13: 2304090 | B13: 2-1 | C13: HTET NAING WIN | D13: 卒業 | E13: 専門学校 | F13: ECCコンピュータ専門学校 | G13: 有 | J13: =IF(OR(テーブル1[[#This Row],[最終合格校]]<>"",テーブル1[[#This Row],[進路区分]]="進学未定",テーブル1[[#This Row],[出願経験]]="有"),"○","")&F13 -> ○ECCコンピュータ専門学校 | K13: =IF(OR(D13="卒業",D13="修了",D13="延長"),E13,"") -> 専門学校 | L13: =IF(E13="大学",F13,IF(E13="大学院",F13,"")) | M13: =IF(E13="専門学校",F13,"") -> ECCコンピュータ専門学校 | N13: =テーブル1[[#This Row],[大学・大学院]]&テーブル1[[#This Row],[専門学校]] -> ECCコンピュータ専門学校
... A24: 2304080 | B24: 2-2 | C24: KAUNG MYAT TUN | D24: 卒業 | E24: 専門学校 | F24: CAD製図専門学校 | G24: 有 | J24: =IF(OR(テーブル1[[#This Row],[最終合格校]]<>"",テーブル1[[#This Row],[進路区分]]="進学未定",テーブル1[[#This Row],[出願経験]]="有"),"○","")&F24 -> ○CAD製図専門学校 | K24: =IF(OR(D24="卒業",D24="修了",D24="延長"),E24,"") -> 専門学校 | L24: =IF(E24="大学",F24,IF(E24="大学院",F24,"")) | M24: =IF(E24="専門学校",F24,"") -> CAD製図専門学校 | N24: =テーブル1[[#This Row],[大学・大学院]]&テーブル1[[#This Row],[専門学校]] -> CAD製図専門学校
A25: 2304083 | B25: 2-2 | C25: EI EI HTUN | D25: 卒業 | E25: 特定活動ビザ | J25: =IF(OR(テーブル1[[#This Row],[最終合格校]]<>"",テーブル1[[#This Row],[進路区分]]="進学未定",テーブル1[[#This Row],[出願経験]]="有"),"○","")&F25 | K25: =IF(OR(D25="卒業",D25="修了",D25="延長"),E25,"") -> 特定活動ビザ | L25: =IF(E25="大学",F25,IF(E25="大学院",F25,"")) | M25: =IF(E25="専門学校",F25,"") | N25: =テーブル1[[#This Row],[大学・大学院]]&テーブル1[[#This Row],[専門学校]]
A26: 2304084 | B26: 2-2 | C26: ZAW WAI PHYO | D26: 卒業 | E26: 専門学校 | F26: 東京国際ビジネスカレッジ神戸校 | G26: 有 | J26: =IF(OR(テーブル1[[#This Row],[最終合格校]]<>"",テーブル1[[#This Row],[進路区分]]="進学未定",テーブル1[[#This Row],[出願経験]]="有"),"○","")&F26 -> ○東京国際ビジネスカレッジ神戸校 | K26: =IF(OR(D26="卒業",D26="修了",D26="延長"),E26,"") -> 専門学校 | L26: =IF(E26="大学",F26,IF(E26="大学院",F26,"")) | M26: =IF(E26="専門学校",F26,"") -> 東京国際ビジネスカレッジ神戸校 | N26: =テーブル1[[#This Row],[大学・大学院]]&テーブル1[[#This Row],[専門学校]] -> 東京国際ビジネスカレッジ神戸校
A27: 2304085 | B27: 2-2 | C27: MOE PYAE SAN | D27: 卒業 | E27: 専門学校 | F27: エール学園 | G27: 有 | J27: =IF(OR(テーブル1[[#This Row],[最終合格校]]<>"",テーブル1[[#This Row],[進路区分]]="進学未定",テーブル1[[#This Row],[出願経験]]="有"),"○","")&F27 -> ○エール学園 | K27: =IF(OR(D27="卒業",D27="修了",D27="延長"),E27,"") -> 専門学校 | L27: =IF(E27="大学",F27,IF(E27="大学院",F27,"")) | M27: =IF(E27="専門学校",F27,"") -> エール学園 | N27: =テーブル1[[#This Row],[大学・大学院]]&テーブル1[[#This Row],[専門学校]] -> エール学園
A28: 2304086 | B28: 2-2 | C28: MAY THAZIN PHOO | D28: 卒業 | E28: 専門学校 | F28: プロスペラ学院ビジネス専門学校 | G28: 有 | J28: =IF(OR(テーブル1[[#This Row],[最終合格校]]<>"",テーブル1[[#This Row],[進路区分]]="進学未定",テーブル1[[#This Row],[出願経験]]="有"),"○","")&F28 -> ○プロスペラ学院ビジネス専門学校 | K28: =IF(OR(D28="卒業",D28="修了",D28="延長"),E28,"") -> 専門学校 | L28: =IF(E28="大学",F28,IF(E28="大学院",F28,"")) | M28: =IF(E28="専門学校",F28,"") -> プロスペラ学院ビジネス専門学校 | N28: =テーブル1[[#This Row],[大学・大学院]]&テーブル1[[#This Row],[専門学校]] -> プロスペラ学院ビジネス専門学校
A29: 2304139 | B29: 2-2 | C29: NAGOLLE GEDARA LAHIRU MADUSHAN JAYARATHNE | D29: 卒業 | E29: 専門学校 | F29: 東亜経理専門学校 | G29: 有 | J29: =IF(OR(テーブル1[[#This Row],[最終合格校]]<>"",テーブル1[[#This Row],[進路区分]]="進学未定",テーブル1[[#This Row],[出願経験]]="有"),"○","")&F29 -> ○東亜経理専門学校 | K29: =IF(OR(D29="卒業",D29="修了",D29="延長"),E29,"") -> 専門学校 | L29: =IF(E29="大学",F29,IF(E29="大学院",F29,"")) | M29: =IF(E29="専門学校",F29,"") -> 東亜経理専門学校 | N29: =テーブル1[[#This Row],[大学・大学院]]&テーブル1[[#This Row],[専門学校]] -> 東亜経理専門学校
A30: 2304140 | B30: 2-2 | C30: SAMARAWEERA KUSAL DILITHA | D30: 卒業 | E30: 専門学校 | F30: 東京自動車大学校 | G30: 有 | J30: =IF(OR(テーブル1[[#This Row],[最終合格校]]<>"",テーブル1[[#This Row],[進路区分]]="進学未定",テーブル1[[#This Row],[出願経験]]="有"),"○","")&F30 -> ○東京自動車大学校 | K30: =IF(OR(D30="卒業",D30="修了",D30="延長"),E30,"") -> 専門学校 | L30: =IF(E30="大学",F30,IF(E30="大学院",F30,"")) | M30: =IF(E30="専門学校",F30,"") -> 東京自動車大学校 | N30: =テーブル1[[#This Row],[大学・大学院]]&テーブル1[[#This Row],[専門学校]] -> 東京自動車大学校
A31: 2304141 | B31: 2-2 | C31: SHAHADAT HOSSAIN | D31: 卒業 | E31: 専門学校 | F31: CAD製図専門学校 | G31: 有 | J31: =IF(OR(テーブル1[[#This Row],[最終合格校]]<>"",テーブル1[[#This Row],[進路区分]]="進学未定",テーブル1[[#This Row],[出願経験]]="有"),"○","")&F31 -> ○CAD製図専門学校 | K31: =IF(OR(D31="卒業",D31="修了",D31="延長"),E31,"") -> 専門学校 | L31: =IF(E31="大学",F31,IF(E31="大学院",F31,"")) | M31: =IF(E31="専門学校",F31,"") -> CAD製図専門学校 | N31: =テーブル1[[#This Row],[大学・大学院]]&テーブル1[[#This Row],[専門学校]] -> CAD製図専門学校
A32: 2307010 | B32: 2-2 | C32: MARKARIO | D32: 卒業 | E32: 大学 | F32: 流通科学大学 | G32: 有 | J32: =IF(OR(テーブル1[[#This Row],[最終合格校]]<>"",テーブル1[[#This Row],[進路区分]]="進学未定",テーブル1[[#This Row],[出願経験]]="有"),"○","")&F32 -> ○流通科学大学 | K32: =IF(OR(D32="卒業",D32="修了",D32="延長"),E32,"") -> 大学 | L32: =IF(E32="大学",F32,IF(E32="大学院",F32,"")) -> 流通科学大学 | M32: =IF(E32="専門学校",F32,"") | N32: =テーブル1[[#This Row],[大学・大学院]]&テーブル1[[#This Row],[専門学校]] -> 流通科学大学
A33: 2307018 | B33: 2-2 | C33: HNIN YU YU HLAING | D33: 卒業 | E33: 大学 | F33: 流通科学大学 | G33: 有 | J33: =IF(OR(テーブル1[[#This Row],[最終合格校]]<>"",テーブル1[[#This Row],[進路区分]]="進学未定",テーブル1[[#This Row],[出願経験]]="有"),"○","")&F33 -> ○流通科学大学 | K33: =IF(OR(D33="卒業",D33="修了",D33="延長"),E33,"") -> 大学 | L33: =IF(E33="大学",F33,IF(E33="大学院",F33,"")) -> 流通科学大学 | M33: =IF(E33="専門学校",F33,"") | N33: =テーブル1[[#This Row],[大学・大学院]]&テーブル1[[#This Row],[専門学校]] -> 流通科学大学
A34: 2307022 | B34: 2-2 | C34: CHIT SU SU THEINT ZUN | D34: 卒業 | E34: 大学 | F34: 大阪女学院大学 | G34: 有 | J34: =IF(OR(テーブル1[[#This Row],[最終合格校]]<>"",テーブル1[[#This Row],[進路区分]]="進学未定",テーブル1[[#This Row],[出願経験]]="有"),"○","")&F34 -> ○大阪女学院大学 | K34: =IF(OR(D34="卒業",D34="修了",D34="延長"),E34,"") -> 大学 | L34: =IF(E34="大学",F34,IF(E34="大学院",F34,"")) -> 大阪女学院大学 | M34: =IF(E34="専門学校",F34,"") | N34: =テーブル1[[#This Row],[大学・大学院]]&テーブル1[[#This Row],[専門学校]] -> 大阪女学院大学
A35: 2307023 | B35: 2-2 | C35: HANNI ZAW OO | D35: 卒業 | E35: 専門学校 | F35: 中央工学校OSAKA | G35: 有 | J35: =IF(OR(テーブル1[[#This Row],[最終合格校]]<>"",テーブル1[[#This Row],[進路区分]]="進学未定",テーブル1[[#This Row],[出願経験]]="有"),"○","")&F35 -> ○中央工学校OSAKA | K35: =IF(OR(D35="卒業",D35="修了",D35="延長"),E35,"") -> 専門学校 | L35: =IF(E35="大学",F35,IF(E35="大学院",F35,"")) | M35: =IF(E35="専門学校",F35,"") -> 中央工学校OSAKA | N35: =テーブル1[[#This Row],[大学・大学院]]&テーブル1[[#This Row],[専門学校]] -> 中央工学校OSAKA
A36: 2307055 | B36: 2-2 | C36: PRADHAN ANMOLISHA | D36: 卒業 | E36: 大学 | F36: 桃山学院大学 | G36: 有 | J36: =IF(OR(テーブル1[[#This Row],[最終合格校]]<>"",テーブル1[[#This Row],[進路区分]]="進学未定",テーブル1[[#This Row],[出願経験]]="有"),"○","")&F36 -> ○桃山学院大学 | K36: =IF(OR(D36="卒業",D36="修了",D36="延長"),E36,"") -> 大学 | L36: =IF(E36="大学",F36,IF(E36="大学院",F36,"")) -> 桃山学院大学 | M36: =IF(E36="専門学校",F36,"") | N36: =テーブル1[[#This Row],[大学・大学院]]&テーブル1[[#This Row],[専門学校]] -> 桃山学院大学
A37: 2310014 | B37: 2-2 | C37: HNIN PWINT WAI | D37: 卒業 | E37: 専門学校 | F37: 駿台観光＆ホテルブライダルビジネスカレッジ | G37: 有 | J37: =IF(OR(テーブル1[[#This Row],[最終合格校]]<>"",テーブル1[[#This Row],[進路区分]]="進学未定",テーブル1[[#This Row],[出願経験]]="有"),"○","")&F37 -> ○駿台観光＆ホテルブライダルビジネスカレッジ | K37: =IF(OR(D37="卒業",D37="修了",D37="延長"),E37,"") -> 専門学校 | L37: =IF(E37="大学",F37,IF(E37="大学院",F37,"")) | M37: =IF(E37="専門学校",F37,"") -> 駿台観光＆ホテルブライダルビジネスカレッジ | N37: =テーブル1[[#This Row],[大学・大学院]]&テーブル1[[#This Row],[専門学校]] -> 駿台観光＆ホテルブライダルビジネスカレッジ
... A85: 2304052 | B85: 2-5 | C85: ANJALI LO TAMANG | D85: 卒業 | E85: 専門学校 | F85: 大阪観光ビジネス学院 | G85: 有 | J85: =IF(OR(テーブル1[[#This Row],[最終合格校]]<>"",テーブル1[[#This Row],[進路区分]]="進学未定",テーブル1[[#This Row],[出願経験]]="有"),"○","")&F85 -> ○大阪観光ビジネス学院 | K85: =IF(OR(D85="卒業",D85="修了",D85="延長"),E85,"") -> 専門学校 | L85: =IF(E85="大学",F85,IF(E85="大学院",F85,"")) | M85: =IF(E85="専門学校",F85,"") -> 大阪観光ビジネス学院 | N85: =テーブル1[[#This Row],[大学・大学院]]&テーブル1[[#This Row],[専門学校]] -> 大阪観光ビジネス学院
A86: 2304078 | B86: 2-5 | C86: ZWE MARN OO | D86: 卒業 | E86: 特定活動ビザ | J86: =IF(OR(テーブル1[[#This Row],[最終合格校]]<>"",テーブル1[[#This Row],[進路区分]]="進学未定",テーブル1[[#This Row],[出願経験]]="有"),"○","")&F86 | K86: =IF(OR(D86="卒業",D86="修了",D86="延長"),E86,"") -> 特定活動ビザ | L86: =IF(E86="大学",F86,IF(E86="大学院",F86,"")) | M86: =IF(E86="専門学校",F86,"") | N86: =テーブル1[[#This Row],[大学・大学院]]&テーブル1[[#This Row],[専門学校]]
A87: 2304079 | B87: 2-5 | C87: PYAE PHYO HEIN | D87: 卒業 | E87: 専門学校 | F87: 神戸電子専門学校 | G87: 有 | J87: =IF(OR(テーブル1[[#This Row],[最終合格校]]<>"",テーブル1[[#This Row],[進路区分]]="進学未定",テーブル1[[#This Row],[出願経験]]="有"),"○","")&F87 -> ○神戸電子専門学校 | K87: =IF(OR(D87="卒業",D87="修了",D87="延長"),E87,"") -> 専門学校 | L87: =IF(E87="大学",F87,IF(E87="大学院",F87,"")) | M87: =IF(E87="専門学校",F87,"") -> 神戸電子専門学校 | N87: =テーブル1[[#This Row],[大学・大学院]]&テーブル1[[#This Row],[専門学校]] -> 神戸電子専門学校
A88: 2304088 | B88: 2-5 | C88: YAMONE PHOO | D88: 卒業 | E88: 特定活動ビザ | F88: 関西国際旅行・ホテル専門学校 | G88: 有 | J88: =IF(OR(テーブル1[[#This Row],[最終合格校]]<>"",テーブル1[[#This Row],[進路区分]]="進学未定",テーブル1[[#This Row],[出願経験]]="有"),"○","")&F88 -> ○関西国際旅行・ホテル専門学校 | K88: =IF(OR(D88="卒業",D88="修了",D88="延長"),E88,"") -> 特定活動ビザ | L88: =IF(E88="大学",F88,IF(E88="大学院",F88,"")) | M88: =IF(E88="専門学校",F88,"") | N88: =テーブル1[[#This Row],[大学・大学院]]&テーブル1[[#This Row],[専門学校]]
A89: 2304096 | B89: 2-5 | C89: KAMRUL HASSAN SHIAM | D89: 卒業 | E89: 専門学校 | F89: 東亜経理専門学校 | G89: 有 | J89: =IF(OR(テーブル1[[#This Row],[最終合格校]]<>"",テーブル1[[#This Row],[進路区分]]="進学未定",テーブル1[[#This Row],[出願経験]]="有"),"○","")&F89 -> ○東亜経理専門学校 | K89: =IF(OR(D89="卒業",D89="修了",D89="延長"),E89,"") -> 専門学校 | L89: =IF(E89="大学",F89,IF(E89="大学院",F89,"")) | M89: =IF(E89="専門学校",F89,"") -> 東亜経理専門学校 | N89: =テーブル1[[#This Row],[大学・大学院]]&テーブル1[[#This Row],[専門学校]] -> 東亜経理専門学校
A90: 2304102 | B90: 2-5 | C90: REZWANA TASNIM NAWMI | D90: 卒業 | E90: 専門学校 | F90: 関西国際旅行・ホテル専門学校 | G90: 有 | J90: =IF(OR(テーブル1[[#This Row],[最終合格校]]<>"",テーブル1[[#This Row],[進路区分]]="進学未定",テーブル1[[#This Row],[出願経験]]="有"),"○","")&F90 -> ○関西国際旅行・ホテル専門学校 | K90: =IF(OR(D90="卒業",D90="修了",D90="延長"),E90,"") -> 専門学校 | L90: =IF(E90="大学",F90,IF(E90="大学院",F90,"")) | M90: =IF(E90="専門学校",F90,"") -> 関西国際旅行・ホテル専門学校 | N90: =テーブル1[[#This Row],[大学・大学院]]&テーブル1[[#This Row],[専門学校]] -> 関西国際旅行・ホテル専門学校
A91: 2304104 | B91: 2-5 | C91: GOLAM SAJJAD | D91: 卒業 | E91: 専門学校 | F91: 中央美術学園 | G91: 有 | J91: =IF(OR(テーブル1[[#This Row],[最終合格校]]<>"",テーブル1[[#This Row],[進路区分]]="進学未定",テーブル1[[#This Row],[出願経験]]="有"),"○","")&F91 -> ○中央美術学園 | K91: =IF(OR(D91="卒業",D91="修了",D91="延長"),E91,"") -> 専門学校 | L91: =IF(E91="大学",F91,IF(E91="大学院",F91,"")) | M91: =IF(E91="専門学校",F91,"") -> 中央美術学園 | N91: =テーブル1[[#This Row],[大学・大学院]]&テーブル1[[#This Row],[専門学校]] -> 中央美術学園
A92: 2304110 | B92: 2-5 | C92: MANIK MIA | D92: 卒業 | E92: 専門学校 | F92: 東京国際ビジネスカレッジ神戸校 | G92: 有 | J92: =IF(OR(テーブル1[[#This Row],[最終合格校]]<>"",テーブル1[[#This Row],[進路区分]]="進学未定",テーブル1[[#This Row],[出願経験]]="有"),"○","")&F92 -> ○東京国際ビジネスカレッジ神戸校 | K92: =IF(OR(D92="卒業",D92="修了",D92="延長"),E92,"") -> 専門学校 | L92: =IF(E92="大学",F92,IF(E92="大学院",F92,"")) | M92: =IF(E92="専門学校",F92,"") -> 東京国際ビジネスカレッジ神戸校 | N92: =テーブル1[[#This Row],[大学・大学院]]&テーブル1[[#This Row],[専門学校]] -> 東京国際ビジネスカレッジ神戸校
A93: 2304121 | B93: 2-5 | C93: ISLAM MD SAIDUL | D93: 卒業 | E93: 専門学校 | F93: CAD製図専門学校 | G93: 有 | J93: =IF(OR(テーブル1[[#This Row],[最終合格校]]<>"",テーブル1[[#This Row],[進路区分]]="進学未定",テーブル1[[#This Row],[出願経験]]="有"),"○","")&F93 -> ○CAD製図専門学校 | K93: =IF(OR(D93="卒業",D93="修了",D93="延長"),E93,"") -> 専門学校 | L93: =IF(E93="大学",F93,IF(E93="大学院",F93,"")) | M93: =IF(E93="専門学校",F93,"") -> CAD製図専門学校 | N93: =テーブル1[[#This Row],[大学・大学院]]&テーブル1[[#This Row],[専門学校]] -> CAD製図専門学校
A94: 2304125 | B94: 2-5 | C94: MREDUL CHOUDHURY | D94: 卒業 | E94: 専門学校 | F94: 神戸電子専門学校 | G94: 有 | J94: =IF(OR(テーブル1[[#This Row],[最終合格校]]<>"",テーブル1[[#This Row],[進路区分]]="進学未定",テーブル1[[#This Row],[出願経験]]="有"),"○","")&F94 -> ○神戸電子専門学校 | K94: =IF(OR(D94="卒業",D94="修了",D94="延長"),E94,"") -> 専門学校 | L94: =IF(E94="大学",F94,IF(E94="大学院",F94,"")) | M94: =IF(E94="専門学校",F94,"") -> 神戸電子専門学校 | N94: =テーブル1[[#This Row],[大学・大学院]]&テーブル1[[#This Row],[専門学校]] -> 神戸電子専門学校
A95: 2304127 | B95: 2-5 | C95: MD.EASIN HOSSEN REDOY | D95: 卒業 | E95: 専門学校 | F95: 中央美術学園 | G95: 有 | J95: =IF(OR(テーブル1[[#This Row],[最終合格校]]<>"",テーブル1[[#This Row],[進路区分]]="進学未定",テーブル1[[#This Row],[出願経験]]="有"),"○","")&F95 -> ○中央美術学園 | K95: =IF(OR(D95="卒業",D95="修了",D95="延長"),E95,"") -> 専門学校 | L95: =IF(E95="大学",F95,IF(E95="大学院",F95,"")) | M95: =IF(E95="専門学校",F95,"") -> 中央美術学園 | N95: =テーブル1[[#This Row],[大学・大学院]]&テーブル1[[#This Row],[専門学校]] -> 中央美術学園
A96: 2307012 | B96: 2-5 | C96: TIN ZAW WIN | D96: 卒業 | E96: 専門学校 | F96: トヨタ神戸自動車大学校 | G96: 有 | J96: =IF(OR(テーブル1[[#This Row],[最終合格校]]<>"",テーブル1[[#This Row],[進路区分]]="進学未定",テーブル1[[#This Row],[出願経験]]="有"),"○","")&F96 -> ○トヨタ神戸自動車大学校 | K96: =IF(OR(D96="卒業",D96="修了",D96="延長"),E96,"") -> 専門学校 | L96: =IF(E96="大学",F96,IF(E96="大学院",F96,"")) | M96: =IF(E96="専門学校",F96,"") -> トヨタ神戸自動車大学校 | N96: =テーブル1[[#This Row],[大学・大学院]]&テーブル1[[#This Row],[専門学校]] -> トヨタ神戸自動車大学校
A97: 2307076 | B97: 2-5 | C97: SHAIDUL ISLAM | D97: 卒業 | E97: 大学院 | F97: 南山大学大学院研修生 | G97: 有 | J97: =IF(OR(テーブル1[[#This Row],[最終合格校]]<>"",テーブル1[[#This Row],[進路区分]]="進学未定",テーブル1[[#This Row],[出願経験]]="有"),"○","")&F97 -> ○南山大学大学院研修生 | K97: =IF(OR(D97="卒業",D97="修了",D97="延長"),E97,"") -> 大学院 | L97: =IF(E97="大学",F97,IF(E97="大学院",F97,"")) -> 南山大学大学院研修生 | M97: =IF(E97="専門学校",F97,"") | N97: =テーブル1[[#This Row],[大学・大学院]]&テーブル1[[#This Row],[専門学校]] -> 南山大学大学院研修生
A98: 2304019 | B98: 2-6 | C98: OUEDRAOGO SAHOUDATOU | D98: 卒業 | E98: 大学 | F98: 流通科学大学 | G98: 有 | J98: =IF(OR(テーブル1[[#This Row],[最終合格校]]<>"",テーブル1[[#This Row],[進路区分]]="進学未定",テーブル1[[#This Row],[出願経験]]="有"),"○","")&F98 -> ○流通科学大学 | K98: =IF(OR(D98="卒業",D98="修了",D98="延長"),E98,"") -> 大学 | L98: =IF(E98="大学",F98,IF(E98="大学院",F98,"")) -> 流通科学大学 | M98: =IF(E98="専門学校",F98,"") | N98: =テーブル1[[#This Row],[大学・大学院]]&テーブル1[[#This Row],[専門学校]] -> 流通科学大学
... A141: 2307008 | B141: 2-8 | C141: THET HTET MOE OO | D141: 卒業 | E141: 大学 | F141: 大阪女学院大学 | G141: 有 | J141: =IF(OR(テーブル1[[#This Row],[最終合格校]]<>"",テーブル1[[#This Row],[進路区分]]="進学未定",テーブル1[[#This Row],[出願経験]]="有"),"○","")&F141 -> ○大阪女学院大学 | K141: =IF(OR(D141="卒業",D141="修了",D141="延長"),E141,"") -> 大学 | L141: =IF(E141="大学",F141,IF(E141="大学院",F141,"")) -> 大阪女学院大学 | M141: =IF(E141="専門学校",F141,"") | N141: =テーブル1[[#This Row],[大学・大学院]]&テーブル1[[#This Row],[専門学校]] -> 大阪女学院大学
A142: 2307009 | B142: 2-8 | C142: SI THU KYAW | D142: 卒業 | E142: 特定活動ビザ | J142: =IF(OR(テーブル1[[#This Row],[最終合格校]]<>"",テーブル1[[#This Row],[進路区分]]="進学未定",テーブル1[[#This Row],[出願経験]]="有"),"○","")&F142 | K142: =IF(OR(D142="卒業",D142="修了",D142="延長"),E142,"") -> 特定活動ビザ | L142: =IF(E142="大学",F142,IF(E142="大学院",F142,"")) | M142: =IF(E142="専門学校",F142,"") | N142: =テーブル1[[#This Row],[大学・大学院]]&テーブル1[[#This Row],[専門学校]]
A143: 2307013 | B143: 2-8 | C143: AUNG MYAT HEIN | D143: 卒業 | E143: 特定活動ビザ | J143: =IF(OR(テーブル1[[#This Row],[最終合格校]]<>"",テーブル1[[#This Row],[進路区分]]="進学未定",テーブル1[[#This Row],[出願経験]]="有"),"○","")&F143 | K143: =IF(OR(D143="卒業",D143="修了",D143="延長"),E143,"") -> 特定活動ビザ | L143: =IF(E143="大学",F143,IF(E143="大学院",F143,"")) | M143: =IF(E143="専門学校",F143,"") | N143: =テーブル1[[#This Row],[大学・大学院]]&テーブル1[[#This Row],[専門学校]]
A144: 2307014 | B144: 2-8 | C144: ZAW MIN HTAY | D144: 卒業 | E144: 特定活動ビザ | J144: =IF(OR(テーブル1[[#This Row],[最終合格校]]<>"",テーブル1[[#This Row],[進路区分]]="進学未定",テーブル1[[#This Row],[出願経験]]="有"),"○","")&F144 | K144: =IF(OR(D144="卒業",D144="修了",D144="延長"),E144,"") -> 特定活動ビザ | L144: =IF(E144="大学",F144,IF(E144="大学院",F144,"")) | M144: =IF(E144="専門学校",F144,"") | N144: =テーブル1[[#This Row],[大学・大学院]]&テーブル1[[#This Row],[専門学校]]
A145: 2307031 | B145: 2-8 | C145: LAMA RANJITA | D145: 卒業 | E145: 専門学校 | F145: 千葉モードビジネス専門学校 | G145: 有 | J145: =IF(OR(テーブル1[[#This Row],[最終合格校]]<>"",テーブル1[[#This Row],[進路区分]]="進学未定",テーブル1[[#This Row],[出願経験]]="有"),"○","")&F145 -> ○千葉モードビジネス専門学校 | K145: =IF(OR(D145="卒業",D145="修了",D145="延長"),E145,"") -> 専門学校 | L145: =IF(E145="大学",F145,IF(E145="大学院",F145,"")) | M145: =IF(E145="専門学校",F145,"") -> 千葉モードビジネス専門学校 | N145: =テーブル1[[#This Row],[大学・大学院]]&テーブル1[[#This Row],[専門学校]] -> 千葉モードビジネス専門学校
A146: 2307035 | B146: 2-8 | C146: SANDESH DUWADI | D146: 卒業 | E146: 専門学校 | F146: 関西国際旅行・ホテル専門学校 | G146: 有 | J146: =IF(OR(テーブル1[[#This Row],[最終合格校]]<>"",テーブル1[[#This Row],[進路区分]]="進学未定",テーブル1[[#This Row],[出願経験]]="有"),"○","")&F146 -> ○関西国際旅行・ホテル専門学校 | K146: =IF(OR(D146="卒業",D146="修了",D146="延長"),E146,"") -> 専門学校 | L146: =IF(E146="大学",F146,IF(E146="大学院",F146,"")) | M146: =IF(E146="専門学校",F146,"") -> 関西国際旅行・ホテル専門学校 | N146: =テーブル1[[#This Row],[大学・大学院]]&テーブル1[[#This Row],[専門学校]] -> 関西国際旅行・ホテル専門学校
A147: 2307036 | B147: 2-8 | C147: PRAMISHA GC | D147: 卒業 | E147: 大学 | F147: 日本経済大学渋谷キャンパス | G147: 有 | J147: =IF(OR(テーブル1[[#This Row],[最終合格校]]<>"",テーブル1[[#This Row],[進路区分]]="進学未定",テーブル1[[#This Row],[出願経験]]="有"),"○","")&F147 -> ○日本経済大学渋谷キャンパス | K147: =IF(OR(D147="卒業",D147="修了",D147="延長"),E147,"") -> 大学 | L147: =IF(E147="大学",F147,IF(E147="大学院",F147,"")) -> 日本経済大学渋谷キャンパス | M147: =IF(E147="専門学校",F147,"") | N147: =テーブル1[[#This Row],[大学・大学院]]&テーブル1[[#This Row],[専門学校]] -> 日本経済大学渋谷キャンパス
A148: 2307037 | B148: 2-8 | C148: BED KUMARI GAUTAM | D148: 卒業 | E148: 専門学校 | F148: 東京グローバルビジネス専門学校 | G148: 有 | J148: =IF(OR(テーブル1[[#This Row],[最終合格校]]<>"",テーブル1[[#This Row],[進路区分]]="進学未定",テーブル1[[#This Row],[出願経験]]="有"),"○","")&F148 -> ○東京グローバルビジネス専門学校 | K148: =IF(OR(D148="卒業",D148="修了",D148="延長"),E148,"") -> 専門学校 | L148: =IF(E148="大学",F148,IF(E148="大学院",F148,"")) | M148: =IF(E148="専門学校",F148,"") -> 東京グローバルビジネス専門学校 | N148: =テーブル1[[#This Row],[大学・大学院]]&テーブル1[[#This Row],[専門学校]] -> 東京グローバルビジネス専門学校
A149: 2307038 | B149: 2-8 | C149: TAMANG BIPIN BAHADUR | D149: 卒業 | E149: 専門学校 | F149: ECC国際外語専門学校 | G149: 有 | J149: =IF(OR(テーブル1[[#This Row],[最終合格校]]<>"",テーブル1[[#This Row],[進路区分]]="進学未定",テーブル1[[#This Row],[出願経験]]="有"),"○","")&F149 -> ○ECC国際外語専門学校 | K149: =IF(OR(D149="卒業",D149="修了",D149="延長"),E149,"") -> 専門学校 | L149: =IF(E149="大学",F149,IF(E149="大学院",F149,"")) | M149: =IF(E149="専門学校",F149,"") -> ECC国際外語専門学校 | N149: =テーブル1[[#This Row],[大学・大学院]]&テーブル1[[#This Row],[専門学校]] -> ECC国際外語専門学校
A150: 2307051 | B150: 2-8 | C150: MALLIKA SINGH CHHETRI | D150: 卒業 | E150: 専門学校 | F150: 大阪社会福祉専門学校 | G150: 有 | J150: =IF(OR(テーブル1[[#This Row],[最終合格校]]<>"",テーブル1[[#This Row],[進路区分]]="進学未定",テーブル1[[#This Row],[出願経験]]="有"),"○","")&F150 -> ○大阪社会福祉専門学校 | K150: =IF(OR(D150="卒業",D150="修了",D150="延長"),E150,"") -> 専門学校 | L150: =IF(E150="大学",F150,IF(E150="大学院",F150,"")) | M150: =IF(E150="専門学校",F150,"") -> 大阪社会福祉専門学校 | N150: =テーブル1[[#This Row],[大学・大学院]]&テーブル1[[#This Row],[専門学校]] -> 大阪社会福祉専門学校
A151: 2307082 | B151: 2-8 | C151: ILANGAKOON LEKAM RALALAGE LAKSHITHA DHANANJAYA BANDARA WIJEKOON | D151: 卒業 | E151: 専門学校 | F151: 神戸電子専門学校 | G151: 有 | J151: =IF(OR(テーブル1[[#This Row],[最終合格校]]<>"",テーブル1[[#This Row],[進路区分]]="進学未定",テーブル1[[#This Row],[出願経験]]="有"),"○","")&F151 -> ○神戸電子専門学校 | K151: =IF(OR(D151="卒業",D151="修了",D151="延長"),E151,"") -> 専門学校 | L151: =IF(E151="大学",F151,IF(E151="大学院",F151,"")) | M151: =IF(E151="専門学校",F151,"") -> 神戸電子専門学校 | N151: =テーブル1[[#This Row],[大学・大学院]]&テーブル1[[#This Row],[専門学校]] -> 神戸電子専門学校
A152: 2307083 | B152: 2-8 | C152: JAYASUNDARA RANASINGHE MUDIYANSELAGE CHAMIKA MADUSHANKA BANDARA | D152: 卒業 | E152: 専門学校 | F152: 愛甲学院専門学校 | G152: 有 | J152: =IF(OR(テーブル1[[#This Row],[最終合格校]]<>"",テーブル1[[#This Row],[進路区分]]="進学未定",テーブル1[[#This Row],[出願経験]]="有"),"○","")&F152 -> ○愛甲学院専門学校 | K152: =IF(OR(D152="卒業",D152="修了",D152="延長"),E152,"") -> 専門学校 | L152: =IF(E152="大学",F152,IF(E152="大学院",F152,"")) | M152: =IF(E152="専門学校",F152,"") -> 愛甲学院専門学校 | N152: =テーブル1[[#This Row],[大学・大学院]]&テーブル1[[#This Row],[専門学校]] -> 愛甲学院専門学校
A153: 2307084 | B153: 2-8 | C153: MOHOTTI MUDIYANSELAGE LAKSHAN NIROSHANA SENAVIRATHNA | D153: 卒業 | E153: 専門学校 | F153: 愛甲学院専門学校 | G153: 有 | J153: =IF(OR(テーブル1[[#This Row],[最終合格校]]<>"",テーブル1[[#This Row],[進路区分]]="進学未定",テーブル1[[#This Row],[出願経験]]="有"),"○","")&F153 -> ○愛甲学院専門学校 | K153: =IF(OR(D153="卒業",D153="修了",D153="延長"),E153,"") -> 専門学校 | L153: =IF(E153="大学",F153,IF(E153="大学院",F153,"")) | M153: =IF(E153="専門学校",F153,"") -> 愛甲学院専門学校 | N153: =テーブル1[[#This Row],[大学・大学院]]&テーブル1[[#This Row],[専門学校]] -> 愛甲学院専門学校
A154: 2307088 | B154: 2-8 | C154: MALLIKAKANKANAMALAGE THARUSHI NAVODYA CHANDRASEKARA | D154: 卒業 | E154: 専門学校 | F154: 東京国際ビジネスカレッジ神戸校 | G154: 有 | J154: =IF(OR(テーブル1[[#This Row],[最終合格校]]<>"",テーブル1[[#This Row],[進路区分]]="進学未定",テーブル1[[#This Row],[出願経験]]="有"),"○","")&F154 -> ○東京国際ビジネスカレッジ神戸校 | K154: =IF(OR(D154="卒業",D154="修了",D154="延長"),E154,"") -> 専門学校 | L154: =IF(E154="大学",F154,IF(E154="大学院",F154,"")) | M154: =IF(E154="専門学校",F154,"") -> 東京国際ビジネスカレッジ神戸校 | N154: =テーブル1[[#This Row],[大学・大学院]]&テーブル1[[#This Row],[専門学校]] -> 東京国際ビジネスカレッジ神戸校
A155: 2304004 | B155: 2-9 | C155: 張 洪宇 | D155: 退学 | E155: 帰国 | I155: 自己都合 | J155: =IF(OR(テーブル1[[#This Row],[最終合格校]]<>"",テーブル1[[#This Row],[進路区分]]="進学未定",テーブル1[[#This Row],[出願経験]]="有"),"○","")&F155 | K155: =IF(OR(D155="卒業",D155="修了",D155="延長"),E155,"") | L155: =IF(E155="大学",F155,IF(E155="大学院",F155,"")) | M155: =IF(E155="専門学校",F155,"") | N155: =テーブル1[[#This Row],[大学・大学院]]&テーブル1[[#This Row],[専門学校]]
A156: 2304020 | B156: 2-9 | C156: NGUYEN THI ANH THU | D156: 卒業 | E156: 専門学校 | F156: 日本コンピュータ専門学校 | G156: 有 | J156: =IF(OR(テーブル1[[#This Row],[最終合格校]]<>"",テーブル1[[#This Row],[進路区分]]="進学未定",テーブル1[[#This Row],[出願経験]]="有"),"○","")&F156 -> ○日本コンピュータ専門学校 | K156: =IF(OR(D156="卒業",D156="修了",D156="延長"),E156,"") -> 専門学校 | L156: =IF(E156="大学",F156,IF(E156="大学院",F156,"")) | M156: =IF(E156="専門学校",F156,"") -> 日本コンピュータ専門学校 | N156: =テーブル1[[#This Row],[大学・大学院]]&テーブル1[[#This Row],[専門学校]] -> 日本コンピュータ専門学校
A157: 2304022 | B157: 2-9 | C157: BUI VIET HOANG | D157: 卒業 | E157: 専門学校 | F157: 専門学校アートカレッジ神戸 | G157: 有 | J157: =IF(OR(テーブル1[[#This Row],[最終合格校]]<>"",テーブル1[[#This Row],[進路区分]]="進学未定",テーブル1[[#This Row],[出願経験]]="有"),"○","")&F157 -> ○専門学校アートカレッジ神戸 | K157: =IF(OR(D157="卒業",D157="修了",D157="延長"),E157,"") -> 専門学校 | L157: =IF(E157="大学",F157,IF(E157="大学院",F157,"")) | M157: =IF(E157="専門学校",F157,"") -> 専門学校アートカレッジ神戸 | N157: =テーブル1[[#This Row],[大学・大学院]]&テーブル1[[#This Row],[専門学校]] -> 専門学校アートカレッジ神戸
A158: 2304045 | B158: 2-9 | C158: MANISH ACHARYA | D158: 卒業 | E158: 専門学校 | F158: 東亜経理専門学校 | G158: 有 | J158: =IF(OR(テーブル1[[#This Row],[最終合格校]]<>"",テーブル1[[#This Row],[進路区分]]="進学未定",テーブル1[[#This Row],[出願経験]]="有"),"○","")&F158 -> ○東亜経理専門学校 | K158: =IF(OR(D158="卒業",D158="修了",D158="延長"),E158,"") -> 専門学校 | L158: =IF(E158="大学",F158,IF(E158="大学院",F158,"")) | M158: =IF(E158="専門学校",F158,"") -> 東亜経理専門学校 | N158: =テーブル1[[#This Row],[大学・大学院]]&テーブル1[[#This Row],[専門学校]] -> 東亜経理専門学校
A159: 2307016 | B159: 2-9 | C159: THAW NANDAR AUNG | D159: 卒業 | E159: 専門学校 | F159: 麻生専門学校 | G159: 有 | J159: =IF(OR(テーブル1[[#This Row],[最終合格校]]<>"",テーブル1[[#This Row],[進路区分]]="進学未定",テーブル1[[#This Row],[出願経験]]="有"),"○","")&F159 -> ○麻生専門学校 | K159: =IF(OR(D159="卒業",D159="修了",D159="延長"),E159,"") -> 専門学校 | L159: =IF(E159="大学",F159,IF(E159="大学院",F159,"")) | M159: =IF(E159="専門学校",F159,"") -> 麻生専門学校 | N159: =テーブル1[[#This Row],[大学・大学院]]&テーブル1[[#This Row],[専門学校]] -> 麻生専門学校
A160: 2307019 | B160: 2-9 | C160: HSU MYAT AUNG | D160: 卒業 | E160: 専門学校 | F160: ECCコンピュータ専門学校 | G160: 有 | J160: =IF(OR(テーブル1[[#This Row],[最終合格校]]<>"",テーブル1[[#This Row],[進路区分]]="進学未定",テーブル1[[#This Row],[出願経験]]="有"),"○","")&F160 -> ○ECCコンピュータ専門学校 | K160: =IF(OR(D160="卒業",D160="修了",D160="延長"),E160,"") -> 専門学校 | L160: =IF(E160="大学",F160,IF(E160="大学院",F160,"")) | M160: =IF(E160="専門学校",F160,"") -> ECCコンピュータ専門学校 | N160: =テーブル1[[#This Row],[大学・大学院]]&テーブル1[[#This Row],[専門学校]] -> ECCコンピュータ専門学校
A161: 2307020 | B161: 2-9 | C161: SU MYAT WAI | D161: 卒業 | E161: 専門学校 | F161: ECCコンピュータ専門学校 | G161: 有 | J161: =IF(OR(テーブル1[[#This Row],[最終合格校]]<>"",テーブル1[[#This Row],[進路区分]]="進学未定",テーブル1[[#This Row],[出願経験]]="有"),"○","")&F161 -> ○ECCコンピュータ専門学校 | K161: =IF(OR(D161="卒業",D161="修了",D161="延長"),E161,"") -> 専門学校 | L161: =IF(E161="大学",F161,IF(E161="大学院",F161,"")) | M161: =IF(E161="専門学校",F161,"") -> ECCコンピュータ専門学校 | N161: =テーブル1[[#This Row],[大学・大学院]]&テーブル1[[#This Row],[専門学校]] -> ECCコンピュータ専門学校
A162: 2307029 | B162: 2-9 | C162: SUJINA SAPKOTA | D162: 卒業 | E162: 専門学校 | F162: 関西国際旅行・ホテル専門学校 | G162: 有 | J162: =IF(OR(テーブル1[[#This Row],[最終合格校]]<>"",テーブル1[[#This Row],[進路区分]]="進学未定",テーブル1[[#This Row],[出願経験]]="有"),"○","")&F162 -> ○関西国際旅行・ホテル専門学校 | K162: =IF(OR(D162="卒業",D162="修了",D162="延長"),E162,"") -> 専門学校 | L162: =IF(E162="大学",F162,IF(E162="大学院",F162,"")) | M162: =IF(E162="専門学校",F162,"") -> 関西国際旅行・ホテル専門学校 | N162: =テーブル1[[#This Row],[大学・大学院]]&テーブル1[[#This Row],[専門学校]] -> 関西国際旅行・ホテル専門学校
A163: 2307033 | B163: 2-9 | C163: UKESH RAI | D163: 卒業 | E163: 専門学校 | F163: 専門学校アートカレッジ神戸 | G163: 有 | J163: =IF(OR(テーブル1[[#This Row],[最終合格校]]<>"",テーブル1[[#This Row],[進路区分]]="進学未定",テーブル1[[#This Row],[出願経験]]="有"),"○","")&F163 -> ○専門学校アートカレッジ神戸 | K163: =IF(OR(D163="卒業",D163="修了",D163="延長"),E163,"") -> 専門学校 | L163: =IF(E163="大学",F163,IF(E163="大学院",F163,"")) | M163: =IF(E163="専門学校",F163,"") -> 専門学校アートカレッジ神戸 | N163: =テーブル1[[#This Row],[大学・大学院]]&テーブル1[[#This Row],[専門学校]] -> 専門学校アートカレッジ神戸
A164: 2307042 | B164: 2-9 | C164: PATHAK SADHANA | D164: 卒業 | E164: 専門学校 | F164: 国際観光専門学校名古屋校 | G164: 有 | J164: =IF(OR(テーブル1[[#This Row],[最終合格校]]<>"",テーブル1[[#This Row],[進路区分]]="進学未定",テーブル1[[#This Row],[出願経験]]="有"),"○","")&F164 -> ○国際観光専門学校名古屋校 | K164: =IF(OR(D164="卒業",D164="修了",D164="延長"),E164,"") -> 専門学校 | L164: =IF(E164="大学",F164,IF(E164="大学院",F164,"")) | M164: =IF(E164="専門学校",F164,"") -> 国際観光専門学校名古屋校 | N164: =テーブル1[[#This Row],[大学・大学院]]&テーブル1[[#This Row],[専門学校]] -> 国際観光専門学校名古屋校
A165: 2307043 | B165: 2-9 | C165: HUKUMRAJ KHATRI | D165: 卒業 | E165: 専門学校 | F165: 日本デザイナー芸術学院 | G165: 有 | J165: =IF(OR(テーブル1[[#This Row],[最終合格校]]<>"",テーブル1[[#This Row],[進路区分]]="進学未定",テーブル1[[#This Row],[出願経験]]="有"),"○","")&F165 -> ○日本デザイナー芸術学院 | K165: =IF(OR(D165="卒業",D165="修了",D165="延長"),E165,"") -> 専門学校 | L165: =IF(E165="大学",F165,IF(E165="大学院",F165,"")) | M165: =IF(E165="専門学校",F165,"") -> 日本デザイナー芸術学院 | N165: =テーブル1[[#This Row],[大学・大学院]]&テーブル1[[#This Row],[専門学校]] -> 日本デザイナー芸術学院
A166: 2307054 | B166: 2-9 | C166: BISHAM KHADKA | D166: 卒業 | E166: 専門学校 | F166: 駿台観光＆外語ビジネス専門学校 | G166: 有 | J166: =IF(OR(テーブル1[[#This Row],[最終合格校]]<>"",テーブル1[[#This Row],[進路区分]]="進学未定",テーブル1[[#This Row],[出願経験]]="有"),"○","")&F166 -> ○駿台観光＆外語ビジネス専門学校 | K166: =IF(OR(D166="卒業",D166="修了",D166="延長"),E166,"") -> 専門学校 | L166: =IF(E166="大学",F166,IF(E166="大学院",F166,"")) | M166: =IF(E166="専門学校",F166,"") -> 駿台観光＆外語ビジネス専門学校 | N166: =テーブル1[[#This Row],[大学・大学院]]&テーブル1[[#This Row],[専門学校]] -> 駿台観光＆外語ビジネス専門学校
A167: 2307065 | B167: 2-9 | C167: TAHER SHADIN | D167: 卒業 | E167: 専門学校 | F167: 中央美術学園 | G167: 有 | J167: =IF(OR(テーブル1[[#This Row],[最終合格校]]<>"",テーブル1[[#This Row],[進路区分]]="進学未定",テーブル1[[#This Row],[出願経験]]="有"),"○","")&F167 -> ○中央美術学園 | K167: =IF(OR(D167="卒業",D167="修了",D167="延長"),E167,"") -> 専門学校 | L167: =IF(E167="大学",F167,IF(E167="大学院",F167,"")) | M167: =IF(E167="専門学校",F167,"") -> 中央美術学園 | N167: =テーブル1[[#This Row],[大学・大学院]]&テーブル1[[#This Row],[専門学校]] -> 中央美術学園
... A235: 2304103 | B235: 2-13 | C235: SHIHAB AHAMED FAHIM | D235: 卒業 | E235: 専門学校 | F235: ICT専門学校 | G235: 有 | J235: =IF(OR(テーブル1[[#This Row],[最終合格校]]<>"",テーブル1[[#This Row],[進路区分]]="進学未定",テーブル1[[#This Row],[出願経験]]="有"),"○","")&F235 -> ○ICT専門学校 | K235: =IF(OR(D235="卒業",D235="修了",D235="延長"),E235,"") -> 専門学校 | L235: =IF(E235="大学",F235,IF(E235="大学院",F235,"")) | M235: =IF(E235="専門学校",F235,"") -> ICT専門学校 | N235: =テーブル1[[#This Row],[大学・大学院]]&テーブル1[[#This Row],[専門学校]] -> ICT専門学校
A236: 2310002 | B236: 2-13 | C236: 胡 文成 | D236: 卒業 | E236: 転校 | J236: =IF(OR(テーブル1[[#This Row],[最終合格校]]<>"",テーブル1[[#This Row],[進路区分]]="進学未定",テーブル1[[#This Row],[出願経験]]="有"),"○","")&F236 | K236: =IF(OR(D236="卒業",D236="修了",D236="延長"),E236,"") -> 転校 | L236: =IF(E236="大学",F236,IF(E236="大学院",F236,"")) | M236: =IF(E236="専門学校",F236,"") | N236: =テーブル1[[#This Row],[大学・大学院]]&テーブル1[[#This Row],[専門学校]]
A237: 2310004 | B237: 2-13 | C237: 張 宇洋 | D237: 卒業 | E237: 帰国 | G237: 有 | J237: =IF(OR(テーブル1[[#This Row],[最終合格校]]<>"",テーブル1[[#This Row],[進路区分]]="進学未定",テーブル1[[#This Row],[出願経験]]="有"),"○","")&F237 -> ○ | K237: =IF(OR(D237="卒業",D237="修了",D237="延長"),E237,"") -> 帰国 | L237: =IF(E237="大学",F237,IF(E237="大学院",F237,"")) | M237: =IF(E237="専門学校",F237,"") | N237: 帰国
A238: 2310005 | B238: 2-13 | C238: 鄭 佳発 | D238: 退学 | E238: 留学国変更 | I238: 自己都合 | J238: =IF(OR(テーブル1[[#This Row],[最終合格校]]<>"",テーブル1[[#This Row],[進路区分]]="進学未定",テーブル1[[#This Row],[出願経験]]="有"),"○","")&F238 | K238: =IF(OR(D238="卒業",D238="修了",D238="延長"),E238,"") | L238: =IF(E238="大学",F238,IF(E238="大学院",F238,"")) | M238: =IF(E238="専門学校",F238,"") | N238: =テーブル1[[#This Row],[大学・大学院]]&テーブル1[[#This Row],[専門学校]]
A239: 2310007 | B239: 2-13 | C239: 付 佳順 | D239: 卒業 | E239: 専門学校 | F239: 日本工科大学校 | G239: 有 | J239: =IF(OR(テーブル1[[#This Row],[最終合格校]]<>"",テーブル1[[#This Row],[進路区分]]="進学未定",テーブル1[[#This Row],[出願経験]]="有"),"○","")&F239 -> ○日本工科大学校 | K239: =IF(OR(D239="卒業",D239="修了",D239="延長"),E239,"") -> 専門学校 | L239: =IF(E239="大学",F239,IF(E239="大学院",F239,"")) | M239: =IF(E239="専門学校",F239,"") -> 日本工科大学校 | N239: =テーブル1[[#This Row],[大学・大学院]]&テーブル1[[#This Row],[専門学校]] -> 日本工科大学校
A240: 2310021 | B240: 2-13 | C240: YE MHAN OO | D240: 卒業 | E240: 専門学校 | F240: 中央工学校OSAKA | G240: 有 | J240: =IF(OR(テーブル1[[#This Row],[最終合格校]]<>"",テーブル1[[#This Row],[進路区分]]="進学未定",テーブル1[[#This Row],[出願経験]]="有"),"○","")&F240 -> ○中央工学校OSAKA | K240: =IF(OR(D240="卒業",D240="修了",D240="延長"),E240,"") -> 専門学校 | L240: =IF(E240="大学",F240,IF(E240="大学院",F240,"")) | M240: =IF(E240="専門学校",F240,"") -> 中央工学校OSAKA | N240: =テーブル1[[#This Row],[大学・大学院]]&テーブル1[[#This Row],[専門学校]] -> 中央工学校OSAKA
A241: 2310030 | B241: 2-13 | C241: MD YASIR ARAFAT | D241: 卒業 | E241: 専門学校 | F241: ICT専門学校 | G241: 有 | J241: =IF(OR(テーブル1[[#This Row],[最終合格校]]<>"",テーブル1[[#This Row],[進路区分]]="進学未定",テーブル1[[#This Row],[出願経験]]="有"),"○","")&F241 -> ○ICT専門学校 | K241: =IF(OR(D241="卒業",D241="修了",D241="延長"),E241,"") -> 専門学校 | L241: =IF(E241="大学",F241,IF(E241="大学院",F241,"")) | M241: =IF(E241="専門学校",F241,"") -> ICT専門学校 | N241: =テーブル1[[#This Row],[大学・大学院]]&テーブル1[[#This Row],[専門学校]] -> ICT専門学校
A242: 2310031 | B242: 2-13 | C242: HASAN MD MEHEDI | D242: 卒業 | E242: 専門学校 | F242: 東京国際ビジネスカレッジ神戸校 | G242: 有 | J242: =IF(OR(テーブル1[[#This Row],[最終合格校]]<>"",テーブル1[[#This Row],[進路区分]]="進学未定",テーブル1[[#This Row],[出願経験]]="有"),"○","")&F242 -> ○東京国際ビジネスカレッジ神戸校 | K242: =IF(OR(D242="卒業",D242="修了",D242="延長"),E242,"") -> 専門学校 | L242: =IF(E242="大学",F242,IF(E242="大学院",F242,"")) | M242: =IF(E242="専門学校",F242,"") -> 東京国際ビジネスカレッジ神戸校 | N242: =テーブル1[[#This Row],[大学・大学院]]&テーブル1[[#This Row],[専門学校]] -> 東京国際ビジネスカレッジ神戸校
A243: 2310032 | B243: 2-13 | C243: MD MASUM BILLAH | D243: 卒業 | E243: 専門学校 | F243: 太田工科専門学校 | G243: 有 | J243: =IF(OR(テーブル1[[#This Row],[最終合格校]]<>"",テーブル1[[#This Row],[進路区分]]="進学未定",テーブル1[[#This Row],[出願経験]]="有"),"○","")&F243 -> ○太田工科専門学校 | K243: =IF(OR(D243="卒業",D243="修了",D243="延長"),E243,"") -> 専門学校 | L243: =IF(E243="大学",F243,IF(E243="大学院",F243,"")) | M243: =IF(E243="専門学校",F243,"") -> 太田工科専門学校 | N243: =テーブル1[[#This Row],[大学・大学院]]&テーブル1[[#This Row],[専門学校]] -> 太田工科専門学校
A244: 2310033 | B244: 2-13 | C244: SAKIBUL HASAN POLASH | D244: 卒業 | E244: 専門学校 | F244: 太田工科専門学校 | G244: 有 | J244: =IF(OR(テーブル1[[#This Row],[最終合格校]]<>"",テーブル1[[#This Row],[進路区分]]="進学未定",テーブル1[[#This Row],[出願経験]]="有"),"○","")&F244 -> ○太田工科専門学校 | K244: =IF(OR(D244="卒業",D244="修了",D244="延長"),E244,"") -> 専門学校 | L244: =IF(E244="大学",F244,IF(E244="大学院",F244,"")) | M244: =IF(E244="専門学校",F244,"") -> 太田工科専門学校 | N244: =テーブル1[[#This Row],[大学・大学院]]&テーブル1[[#This Row],[専門学校]] -> 太田工科専門学校
A245: 2310034 | B245: 2-13 | C245: MAHMUD MIRAZ | D245: 卒業 | E245: 専門学校 | F245: 太田工科専門学校 | G245: 有 | J245: =IF(OR(テーブル1[[#This Row],[最終合格校]]<>"",テーブル1[[#This Row],[進路区分]]="進学未定",テーブル1[[#This Row],[出願経験]]="有"),"○","")&F245 -> ○太田工科専門学校 | K245: =IF(OR(D245="卒業",D245="修了",D245="延長"),E245,"") -> 専門学校 | L245: =IF(E245="大学",F245,IF(E245="大学院",F245,"")) | M245: =IF(E245="専門学校",F245,"") -> 太田工科専門学校 | N245: =テーブル1[[#This Row],[大学・大学院]]&テーブル1[[#This Row],[専門学校]] -> 太田工科専門学校
A246: 2310036 | B246: 2-13 | C246: JAWAD AHMED JEHAN | D246: 卒業 | E246: 専門学校 | F246: 東京国際ビジネスカレッジ神戸校 | G246: 有 | J246: =IF(OR(テーブル1[[#This Row],[最終合格校]]<>"",テーブル1[[#This Row],[進路区分]]="進学未定",テーブル1[[#This Row],[出願経験]]="有"),"○","")&F246 -> ○東京国際ビジネスカレッジ神戸校 | K246: =IF(OR(D246="卒業",D246="修了",D246="延長"),E246,"") -> 専門学校 | L246: =IF(E246="大学",F246,IF(E246="大学院",F246,"")) | M246: =IF(E246="専門学校",F246,"") -> 東京国際ビジネスカレッジ神戸校 | N246: =テーブル1[[#This Row],[大学・大学院]]&テーブル1[[#This Row],[専門学校]] -> 東京国際ビジネスカレッジ神戸校
A247: 2310037 | B247: 2-13 | C247: MOHAMMAD HOZAIFA | D247: 卒業 | E247: 専門学校 | F247: 東京国際ビジネスカレッジ神戸校 | G247: 有 | J247: =IF(OR(テーブル1[[#This Row],[最終合格校]]<>"",テーブル1[[#This Row],[進路区分]]="進学未定",テーブル1[[#This Row],[出願経験]]="有"),"○","")&F247 -> ○東京国際ビジネスカレッジ神戸校 | K247: =IF(OR(D247="卒業",D247="修了",D247="延長"),E247,"") -> 専門学校 | L247: =IF(E247="大学",F247,IF(E247="大学院",F247,"")) | M247: =IF(E247="専門学校",F247,"") -> 東京国際ビジネスカレッジ神戸校 | N247: =テーブル1[[#This Row],[大学・大学院]]&テーブル1[[#This Row],[専門学校]] -> 東京国際ビジネスカレッジ神戸校
A248: 2310038 | B248: 2-13 | C248: ABDUR RAHMAN IMRAN | D248: 卒業 | E248: 専門学校 | F248: 東京国際ビジネスカレッジ神戸校 | G248: 有 | J248: =IF(OR(テーブル1[[#This Row],[最終合格校]]<>"",テーブル1[[#This Row],[進路区分]]="進学未定",テーブル1[[#This Row],[出願経験]]="有"),"○","")&F248 -> ○東京国際ビジネスカレッジ神戸校 | K248: =IF(OR(D248="卒業",D248="修了",D248="延長"),E248,"") -> 専門学校 | L248: =IF(E248="大学",F248,IF(E248="大学院",F248,"")) | M248: =IF(E248="専門学校",F248,"") -> 東京国際ビジネスカレッジ神戸校 | N248: =テーブル1[[#This Row],[大学・大学院]]&テーブル1[[#This Row],[専門学校]] -> 東京国際ビジネスカレッジ神戸校
A249: 2310040 | B249: 2-13 | C249: MD.SAGAR KHANDAKER | D249: 卒業 | E249: 専門学校 | F249: CAD製図専門学校 | G249: 有 | J249: =IF(OR(テーブル1[[#This Row],[最終合格校]]<>"",テーブル1[[#This Row],[進路区分]]="進学未定",テーブル1[[#This Row],[出願経験]]="有"),"○","")&F249 -> ○CAD製図専門学校 | K249: =IF(OR(D249="卒業",D249="修了",D249="延長"),E249,"") -> 専門学校 | L249: =IF(E249="大学",F249,IF(E249="大学院",F249,"")) | M249: =IF(E249="専門学校",F249,"") -> CAD製図専門学校 | N249: =テーブル1[[#This Row],[大学・大学院]]&テーブル1[[#This Row],[専門学校]] -> CAD製図専門学校
A250: 2310041 | B250: 2-13 | C250: AMIR HAMZA BHUIYAN RONY | D250: 卒業 | E250: 専門学校 | F250: CAD製図専門学校 | G250: 有 | J250: =IF(OR(テーブル1[[#This Row],[最終合格校]]<>"",テーブル1[[#This Row],[進路区分]]="進学未定",テーブル1[[#This Row],[出願経験]]="有"),"○","")&F250 -> ○CAD製図専門学校 | K250: =IF(OR(D250="卒業",D250="修了",D250="延長"),E250,"") -> 専門学校 | L250: =IF(E250="大学",F250,IF(E250="大学院",F250,"")) | M250: =IF(E250="専門学校",F250,"") -> CAD製図専門学校 | N250: =テーブル1[[#This Row],[大学・大学院]]&テーブル1[[#This Row],[専門学校]] -> CAD製図専門学校
... A253: 2310047 | B253: 2-13 | C253: DAS ANJALI | D253: 卒業 | E253: 専門学校 | F253: 東京国際ビジネスカレッジ神戸校 | G253: 有 | J253: =IF(OR(テーブル1[[#This Row],[最終合格校]]<>"",テーブル1[[#This Row],[進路区分]]="進学未定",テーブル1[[#This Row],[出願経験]]="有"),"○","")&F253 -> ○東京国際ビジネスカレッジ神戸校 | K253: =IF(OR(D253="卒業",D253="修了",D253="延長"),E253,"") -> 専門学校 | L253: =IF(E253="大学",F253,IF(E253="大学院",F253,"")) | M253: =IF(E253="専門学校",F253,"") -> 東京国際ビジネスカレッジ神戸校 | N253: =テーブル1[[#This Row],[大学・大学院]]&テーブル1[[#This Row],[専門学校]] -> 東京国際ビジネスカレッジ神戸校
A254: 2304011 | B254: A | C254: 王 福広 | D254: 退学 | E254: 大学院 | F254: 神戸市外国語大学大学院研究生 | G254: 有 | H254: ○ | I254: 進学 | J254: =IF(OR(テーブル1[[#This Row],[最終合格校]]<>"",テーブル1[[#This Row],[進路区分]]="進学未定",テーブル1[[#This Row],[出願経験]]="有"),"○","")&F254 -> ○神戸市外国語大学大学院研究生 | K254: =IF(OR(D254="卒業",D254="修了",D254="延長"),E254,"") | L254: =IF(E254="大学",F254,IF(E254="大学院",F254,"")) -> 神戸市外国語大学大学院研究生 | M254: =IF(E254="専門学校",F254,"") | N254: =テーブル1[[#This Row],[大学・大学院]]&テーブル1[[#This Row],[専門学校]] -> 神戸市外国語大学大学院研究生
A255: 2310006 | B255: A1 | C255: 楊 楚驍 | D255: 退学 | E255: 専門学校 | F255: 神戸・甲陽音楽&ダンス専門学校 | G255: 有 | H255: ○ | I255: 進学 | J255: =IF(OR(テーブル1[[#This Row],[最終合格校]]<>"",テーブル1[[#This Row],[進路区分]]="進学未定",テーブル1[[#This Row],[出願経験]]="有"),"○","")&F255 -> ○神戸・甲陽音楽&ダンス専門学校 | K255: =IF(OR(D255="卒業",D255="修了",D255="延長"),E255,"") | L255: =IF(E255="大学",F255,IF(E255="大学院",F255,"")) | M255: =IF(E255="専門学校",F255,"") -> 神戸・甲陽音楽&ダンス専門学校 | N255: =テーブル1[[#This Row],[大学・大学院]]&テーブル1[[#This Row],[専門学校]] -> 神戸・甲陽音楽&ダンス専門学校
A256: 2307001 | B256: A4 | C256: 劉 丞 | D256: 退学 | H256: ○ | J256: =IF(OR(テーブル1[[#This Row],[最終合格校]]<>"",テーブル1[[#This Row],[進路区分]]="進学未定",テーブル1[[#This Row],[出願経験]]="有"),"○","")&F256 | K256: =IF(OR(D256="卒業",D256="修了",D256="延長"),E256,"") | L256: =IF(E256="大学",F256,IF(E256="大学院",F256,"")) | M256: =IF(E256="専門学校",F256,"") | N256: =テーブル1[[#This Row],[大学・大学院]]&テーブル1[[#This Row],[専門学校]]
A257: 2304009 | B257: B1 | C257: 石 浩林 | D257: 退学 | E257: 帰国 | H257: ○ | I257: 自己都合 | J257: =IF(OR(テーブル1[[#This Row],[最終合格校]]<>"",テーブル1[[#This Row],[進路区分]]="進学未定",テーブル1[[#This Row],[出願経験]]="有"),"○","")&F257 | K257: =IF(OR(D257="卒業",D257="修了",D257="延長"),E257,"") | L257: =IF(E257="大学",F257,IF(E257="大学院",F257,"")) | M257: =IF(E257="専門学校",F257,"") | N257: =テーブル1[[#This Row],[大学・大学院]]&テーブル1[[#This Row],[専門学校]]
A258: 2304012 | B258: B1 | C258: 武 俊剛 | D258: 退学 | E258: 就職 | H258: ○ | I258: 就職 | J258: =IF(OR(テーブル1[[#This Row],[最終合格校]]<>"",テーブル1[[#This Row],[進路区分]]="進学未定",テーブル1[[#This Row],[出願経験]]="有"),"○","")&F258 | K258: =IF(OR(D258="卒業",D258="修了",D258="延長"),E258,"") | L258: =IF(E258="大学",F258,IF(E258="大学院",F258,"")) | M258: =IF(E258="専門学校",F258,"") | N258: =テーブル1[[#This Row],[大学・大学院]]&テーブル1[[#This Row],[専門学校]]
A259: 2304006 | B259: C5 | C259: 宋 嘯天 | D259: 退学 | H259: ○ | J259: =IF(OR(テーブル1[[#This Row],[最終合格校]]<>"",テーブル1[[#This Row],[進路区分]]="進学未定",テーブル1[[#This Row],[出願経験]]="有"),"○","")&F259 | K259: =IF(OR(D259="卒業",D259="修了",D259="延長"),E259,"") | L259: =IF(E259="大学",F259,IF(E259="大学院",F259,"")) | M259: =IF(E259="専門学校",F259,"") | N259: =テーブル1[[#This Row],[大学・大学院]]&テーブル1[[#This Row],[専門学校]]
A260: 2304008 | B260: C5 | C260: 李 欣怡 | D260: 退学 | E260: 帰国 | H260: ○ | I260: 病気 | J260: =IF(OR(テーブル1[[#This Row],[最終合格校]]<>"",テーブル1[[#This Row],[進路区分]]="進学未定",テーブル1[[#This Row],[出願経験]]="有"),"○","")&F260 | K260: =IF(OR(D260="卒業",D260="修了",D260="延長"),E260,"") | L260: =IF(E260="大学",F260,IF(E260="大学院",F260,"")) | M260: =IF(E260="専門学校",F260,"") | N260: =テーブル1[[#This Row],[大学・大学院]]&テーブル1[[#This Row],[専門学校]]
A261: 2307005 | B261: C5 | C261: 蒋 愛蘭 | D261: 退学 | H261: ○ | J261: =IF(OR(テーブル1[[#This Row],[最終合格校]]<>"",テーブル1[[#This Row],[進路区分]]="進学未定",テーブル1[[#This Row],[出願経験]]="有"),"○","")&F261 | K261: =IF(OR(D261="卒業",D261="修了",D261="延長"),E261,"") | L261: =IF(E261="大学",F261,IF(E261="大学院",F261,"")) | M261: =IF(E261="専門学校",F261,"") | N261: =テーブル1[[#This Row],[大学・大学院]]&テーブル1[[#This Row],[専門学校]]
A262: 2304016 | B262: C6 | C262: 鄭 暁海 | D262: 退学 | E262: 就職 | H262: ○ | I262: 就職 | J262: =IF(OR(テーブル1[[#This Row],[最終合格校]]<>"",テーブル1[[#This Row],[進路区分]]="進学未定",テーブル1[[#This Row],[出願経験]]="有"),"○","")&F262 | K262: =IF(OR(D262="卒業",D262="修了",D262="延長"),E262,"") | L262: =IF(E262="大学",F262,IF(E262="大学院",F262,"")) | M262: =IF(E262="専門学校",F262,"") | N262: =テーブル1[[#This Row],[大学・大学院]]&テーブル1[[#This Row],[専門学校]]
A263: 2304018 | B263: C6 | C263: 陳 偉 | D263: 退学 | E263: 帰国 | H263: ○ | I263: 就職 | J263: =IF(OR(テーブル1[[#This Row],[最終合格校]]<>"",テーブル1[[#This Row],[進路区分]]="進学未定",テーブル1[[#This Row],[出願経験]]="有"),"○","")&F263 | K263: =IF(OR(D263="卒業",D263="修了",D263="延長"),E263,"") | L263: =IF(E263="大学",F263,IF(E263="大学院",F263,"")) | M263: =IF(E263="専門学校",F263,"") | N263: =テーブル1[[#This Row],[大学・大学院]]&テーブル1[[#This Row],[専門学校]]
A264: 2304007 | B264: S | C264: 李 双 | D264: 退学 | H264: ○ | J264: =IF(OR(テーブル1[[#This Row],[最終合格校]]<>"",テーブル1[[#This Row],[進路区分]]="進学未定",テーブル1[[#This Row],[出願経験]]="有"),"○","")&F264 | K264: =IF(OR(D264="卒業",D264="修了",D264="延長"),E264,"") | L264: =IF(E264="大学",F264,IF(E264="大学院",F264,"")) | M264: =IF(E264="専門学校",F264,"") | N264: =テーブル1[[#This Row],[大学・大学院]]&テーブル1[[#This Row],[専門学校]]

Sheet 卒業者割合
A1: 卒業・修了 | B1: =COUNTIF(Sheet1!D:D,"卒業")+COUNTIF(Sheet1!D:D,"修了") -> 250
A2: 退学 | B2: =COUNTIF(Sheet1!D:D,"退学") -> 13
A3: 延長 | B3: =COUNTIF(Sheet1!D:D,"延長") -> 0

Sheet 卒業生進路
A1: 専門学校 | B1: =COUNTIF(Sheet1!K:K,A1) -> 197 | C1: =B1/SUM(B$1:B$10) -> 0.82426778
A2: 大学 | B2: =COUNTIF(Sheet1!K:K,A2) -> 40 | C2: =B2/SUM(B$1:B$10) -> 0.16736402
A3: 大学院 | B3: =COUNTIF(Sheet1!K:K,A3) -> 1 | C3: =B3/SUM(B$1:B$10) -> 0.0041841004
A4: 進学未定 | B4: =COUNTIF(Sheet1!K:K,A4) -> 0 | C4: =B4/SUM(B$1:B$10) -> 0
A5: 帰国予定 | B5: =COUNTIF(Sheet1!K:K,A5) -> 0 | C5: =B5/SUM(B$1:B$10) -> 0
A6: 就職 | B6: =COUNTIF(Sheet1!K:K,A6) -> 0 | C6: =B6/SUM(B$1:B$10) -> 0
A7: 短期大学 | B7: =COUNTIF(Sheet1!K:K,A7) -> 0 | C7: =B7/SUM(B$1:B$10) -> 0
A8: 就職予定 | B8: =COUNTIF(Sheet1!K:K,A8) -> 0 | C8: =B8/SUM(B$1:B$10) -> 0
A9: 家族滞在 | B9: =COUNTIF(Sheet1!K:K,A9) -> 0 | C9: =B9/SUM(B$1:B$10) -> 0
A10: 帰国 | B10: =COUNTIF(Sheet1!K:K,A10) -> 1 | C10: =B10/SUM(B$1:B$10) -> 0.0041841004

Sheet 退学内訳
A1: 自己都合 | B1: =COUNTIF(Sheet1!I:I,A1) -> 3
A2: 進学 | B2: =COUNTIF(Sheet1!I:I,A2) -> 2
A3: 就職 | B3: =COUNTIF(Sheet1!I:I,A3) -> 3
A4: 家族滞在ビザ変更 | B4: =COUNTIF(Sheet1!I:I,A4) -> 0
A5: 学費未納 | B5: =COUNTIF(Sheet1!I:I,A5) -> 0
A6: 病気 | B6: =COUNTIF(Sheet1!I:I,A6) -> 1
A7: 転校 | B7: =COUNTIF(Sheet1!I:I,A7) -> 0
A8: 家庭事情 | B8: =COUNTIF(Sheet1!I:I,A8) -> 0
A9: 失踪 | B9: =COUNTIF(Sheet1!I:I,A9) -> 0
A10: 妊娠 | B10: =COUNTIF(Sheet1!I:I,A10) -> 0
A11: コロナ自粛帰国 | B11: =COUNTIF(Sheet1!I:I,A11) -> 0
A12: ビザ不交付 | B12: =COUNTIF(Sheet1!I:I,A12) -> 0
... A15: 学力不良 | B15: =COUNTIF(Sheet1!I:I,A15) -> 0

Sheet 合格率
A1: 進学希望者 | B1: =COUNTIF(Sheet1!J:J,"○*") -> 246
A2: 合格者 | B2: =B1-COUNTIF(Sheet1!J:J,"○") -> 245
A3: 未合格者 | B3: =B1-B2 -> 1
A5: 進学希望者：過去に進学を希望したことがある者（退学者含む）
A6: 合格者：いずれかの学校に合格した者（辞退者含む）
A7: 未合格者：進学を希望しているが、まだ合格していない者

Sheet 大学進学先
A1: 進学先 | B1: 人数
A2: 流通科学大学 | B2: 11
A3: 神戸親和大学 | B3: 7
A4: 日本経済大学 | B4: 5
A5: 神戸国際大学 | B5: 3
A6: 芦屋大学 | B6: 2
A7: 大阪女学院大学 | B7: 2
A8: 大阪産業大学 | B8: 1
A9: 日本経済大学渋谷キャンパス | B9: 1
A10: 神戸松蔭大学 | B10: 1
A11: 神戸市外国語大学大学院研究生 | B11: 1
A12: 兵庫大学 | B12: 1
A13: 大阪観光大学 | B13: 1
... A21: 総計 | B21: 43

Sheet 専門学校進学先
A1: 進学先 | B1: 人数
A2: 関西国際旅行・ホテル専門学校 | B2: 23
A3: 東京国際ビジネスカレッジ神戸校 | B3: 18
A4: 東亜経理専門学校 | B4: 15
A5: 神戸電子専門学校 | B5: 13
A6: CAD製図専門学校 | B6: 10
A7: 専門学校アートカレッジ神戸 | B7: 10
A8: ICT専門学校 | B8: 10
A9: 中央美術学園 | B9: 9
A10: 愛甲学院専門学校 | B10: 9
A11: ECCコンピュータ専門学校 | B11: 8
A12: 太田工科専門学校 | B12: 6
A13: トヨタ神戸自動車大学校 | B13: 6
... A49: 総計 | B49: 197
