Workbook
Name 時期選択肢: 選択肢!$A$2:$A$11
Name 進路区分: 選択肢!$C$2:$C$6

Sheet 進路状況入力シート
A1: ="卒業予定人数："&COUNT(T_学生別進路[学籍番号])&"名" -> 卒業予定人数：240名
A2: ="進学確定人数："&COUNTIF(T_学生別進路[進学確定],"○")&"／"&COUNT(T_学生別進路[学籍番号])-COUNTIF(T_進路入力[状況],"進学以外")&"名（"&TEXT(COUNTIF(T_学生別進路[進学確定],"○")/(COUNT(T_学生別進路[学籍番号])-COUNTIF(T_進路入力[状況],"進学以外")),"0.0"&"％）") -> 進学確定人数：216／217名（99.5%)
A3: ="進学以外の人数："&COUNTIF(T_進路入力[状況],"進学以外")&"名" -> 進学以外の人数：23名
A6: 学籍番号 | B6: クラス | C6: 氏名 | D6: 学校名 | E6: 学部、学科、試験区分、備考 | F6: 状況 | G6: 試験日 | H6: 合格発表日 | I6: 進学以外 | J6: 進路決定 | K6: 進路決定確認ワーク | L6: 進路決定者フラグ
A7: 2404012 | B7: 2-1 | C7: KAUNG KHANT KYAW | E7: 特定活動ビザ希望 | F7: 進学以外 | I7: 特定活動 | K7: =T_進路入力[[#This Row],[学籍番号]]&T_進路入力[[#This Row],[進路決定]] -> 2404012 | L7: =_xlfn.IFNA(RIGHT(VLOOKUP(T_進路入力[[#This Row],[学籍番号]]&"○",T_進路入力[進路決定確認ワーク],1,FALSE),1),"")
A8: 2404021 | B8: 2-1 | C8: NANG PHWAY WADI OO | D8: 大手前大学 | F8: 不合格 | G8: 45967 | H8: 45981 | K8: =T_進路入力[[#This Row],[学籍番号]]&T_進路入力[[#This Row],[進路決定]] -> 2404021 | L8: =_xlfn.IFNA(RIGHT(VLOOKUP(T_進路入力[[#This Row],[学籍番号]]&"○",T_進路入力[進路決定確認ワーク],1,FALSE),1),"") -> ○
A9: 2404021 | B9: 2-1 | C9: NANG PHWAY WADI OO | D9: 大阪モード学園 | F9: 合格 | H9: 45992 | J9: ○ | K9: =T_進路入力[[#This Row],[学籍番号]]&T_進路入力[[#This Row],[進路決定]] -> 2404021○ | L9: =_xlfn.IFNA(RIGHT(VLOOKUP(T_進路入力[[#This Row],[学籍番号]]&"○",T_進路入力[進路決定確認ワーク],1,FALSE),1),"") -> ○
A10: 2404022 | B10: 2-1 | C10: THIRI MAY | D10: 神戸松蔭大学 | E10: 指定校推薦 | F10: 合格 | J10: ○ | K10: =T_進路入力[[#This Row],[学籍番号]]&T_進路入力[[#This Row],[進路決定]] -> 2404022○ | L10: =_xlfn.IFNA(RIGHT(VLOOKUP(T_進路入力[[#This Row],[学籍番号]]&"○",T_進路入力[進路決定確認ワーク],1,FALSE),1),"") -> ○
A11: 2404025 | B11: 2-1 | C11: MIN THIHA | D11: 中央工学校OSAKA | E11: 併願 | F11: 検討中 | K11: =T_進路入力[[#This Row],[学籍番号]]&T_進路入力[[#This Row],[進路決定]] -> 2404025 | L11: =_xlfn.IFNA(RIGHT(VLOOKUP(T_進路入力[[#This Row],[学籍番号]]&"○",T_進路入力[進路決定確認ワーク],1,FALSE),1),"") -> ○
A12: 2404025 | B12: 2-1 | C12: MIN THIHA | D12: 大阪産業大学 | E12: 併願 | F12: 合格 | G12: 46081 | H12: 46092 | J12: ○ | K12: =T_進路入力[[#This Row],[学籍番号]]&T_進路入力[[#This Row],[進路決定]] -> 2404025○ | L12: =_xlfn.IFNA(RIGHT(VLOOKUP(T_進路入力[[#This Row],[学籍番号]]&"○",T_進路入力[進路決定確認ワーク],1,FALSE),1),"") -> ○
A13: 2404025 | B13: 2-1 | C13: MIN THIHA | D13: 大阪モード学園 | E13: 併願 | F13: 辞退 | G13: 46074 | H13: 46079 | K13: =T_進路入力[[#This Row],[学籍番号]]&T_進路入力[[#This Row],[進路決定]] -> 2404025 | L13: =_xlfn.IFNA(RIGHT(VLOOKUP(T_進路入力[[#This Row],[学籍番号]]&"○",T_進路入力[進路決定確認ワーク],1,FALSE),1),"") -> ○
A14: 2404025 | B14: 2-1 | C14: MIN THIHA | D14: ECC国際外語専門学校 | F14: 不合格 | G14: 45986 | K14: =T_進路入力[[#This Row],[学籍番号]]&T_進路入力[[#This Row],[進路決定]] -> 2404025 | L14: =_xlfn.IFNA(RIGHT(VLOOKUP(T_進路入力[[#This Row],[学籍番号]]&"○",T_進路入力[進路決定確認ワーク],1,FALSE),1),"") -> ○
A15: 2404027 | B15: 2-1 | C15: PHYO SI THU | D15: 東京テクニカルカレッジ | E15: 1回目、電子学科 | F15: 不合格 | G15: 45960 | K15: =T_進路入力[[#This Row],[学籍番号]]&T_進路入力[[#This Row],[進路決定]] -> 2404027 | L15: =_xlfn.IFNA(RIGHT(VLOOKUP(T_進路入力[[#This Row],[学籍番号]]&"○",T_進路入力[進路決定確認ワーク],1,FALSE),1),"") -> ○
A16: 2404027 | B16: 2-1 | C16: PHYO SI THU | D16: 東京テクニカルカレッジ | E16: 2回目、AI学科 | F16: 合格 | G16: 45991 | H16: 46001 | J16: ○ | K16: =T_進路入力[[#This Row],[学籍番号]]&T_進路入力[[#This Row],[進路決定]] -> 2404027○ | L16: =_xlfn.IFNA(RIGHT(VLOOKUP(T_進路入力[[#This Row],[学籍番号]]&"○",T_進路入力[進路決定確認ワーク],1,FALSE),1),"") -> ○
A17: 2404027 | B17: 2-1 | C17: PHYO SI THU | D17: 大阪電子専門学校 | F17: 試験待ち | G17: 46002 | K17: =T_進路入力[[#This Row],[学籍番号]]&T_進路入力[[#This Row],[進路決定]] -> 2404027 | L17: =_xlfn.IFNA(RIGHT(VLOOKUP(T_進路入力[[#This Row],[学籍番号]]&"○",T_進路入力[進路決定確認ワーク],1,FALSE),1),"") -> ○
A18: 2404031 | B18: 2-1 | C18: NWAY NWAY TUN | D18: 東京テクニカルカレッジ | F18: 合格 | G18: 45937 | J18: ○ | K18: =T_進路入力[[#This Row],[学籍番号]]&T_進路入力[[#This Row],[進路決定]] -> 2404031○ | L18: =_xlfn.IFNA(RIGHT(VLOOKUP(T_進路入力[[#This Row],[学籍番号]]&"○",T_進路入力[進路決定確認ワーク],1,FALSE),1),"") -> ○
A19: 2404042 | B19: 2-1 | C19: PHU PHU MYAT THU | D19: ECC国際外語専門学校 | F19: 合格 | G19: 45986 | H19: 45993 | J19: ○ | K19: =T_進路入力[[#This Row],[学籍番号]]&T_進路入力[[#This Row],[進路決定]] -> 2404042○ | L19: =_xlfn.IFNA(RIGHT(VLOOKUP(T_進路入力[[#This Row],[学籍番号]]&"○",T_進路入力[進路決定確認ワーク],1,FALSE),1),"") -> ○
A20: 2404043 | B20: 2-1 | C20: RITA HLA MOE | D20: 神戸国際大学 | F20: 合格 | G20: 45933 | J20: ○ | K20: =T_進路入力[[#This Row],[学籍番号]]&T_進路入力[[#This Row],[進路決定]] -> 2404043○ | L20: =_xlfn.IFNA(RIGHT(VLOOKUP(T_進路入力[[#This Row],[学籍番号]]&"○",T_進路入力[進路決定確認ワーク],1,FALSE),1),"") -> ○
A21: 2404025 | B21: 2-1 | C21: MIN THIHA | D21: 関西国際旅行ホテル専門学校 | F21: 不合格 | K21: =T_進路入力[[#This Row],[学籍番号]]&T_進路入力[[#This Row],[進路決定]] -> 2404025 | L21: =_xlfn.IFNA(RIGHT(VLOOKUP(T_進路入力[[#This Row],[学籍番号]]&"○",T_進路入力[進路決定確認ワーク],1,FALSE),1),"") -> ○
A22: 2404046 | B22: 2-1 | C22: KYAL SIN LIN | D22: ECC国際外語専門学校 | F22: 合格 | G22: 46004 | H22: 46007 | J22: ○ | K22: =T_進路入力[[#This Row],[学籍番号]]&T_進路入力[[#This Row],[進路決定]] -> 2404046○ | L22: =_xlfn.IFNA(RIGHT(VLOOKUP(T_進路入力[[#This Row],[学籍番号]]&"○",T_進路入力[進路決定確認ワーク],1,FALSE),1),"") -> ○
A23: 2404047 | B23: 2-1 | C23: KHIN YADANAR OO | D23: エール学園 | F23: 合格 | G23: 46039 | H23: 46048 | J23: ○ | K23: =T_進路入力[[#This Row],[学籍番号]]&T_進路入力[[#This Row],[進路決定]] -> 2404047○ | L23: =_xlfn.IFNA(RIGHT(VLOOKUP(T_進路入力[[#This Row],[学籍番号]]&"○",T_進路入力[進路決定確認ワーク],1,FALSE),1),"") -> ○
A24: 2404047 | B24: 2-1 | C24: KHIN YADANAR OO | D24: 中央工学校 | F24: 不合格 | G24: 46001 | H24: 46008 | K24: =T_進路入力[[#This Row],[学籍番号]]&T_進路入力[[#This Row],[進路決定]] -> 2404047 | L24: =_xlfn.IFNA(RIGHT(VLOOKUP(T_進路入力[[#This Row],[学籍番号]]&"○",T_進路入力[進路決定確認ワーク],1,FALSE),1),"") -> ○
A25: 2404050 | B25: 2-1 | C25: THUTA ZAW | D25: 東京みらいIT&AI専門学校 | F25: 合格 | G25: 45983 | H25: 45989 | J25: ○ | K25: =T_進路入力[[#This Row],[学籍番号]]&T_進路入力[[#This Row],[進路決定]] -> 2404050○ | L25: =_xlfn.IFNA(RIGHT(VLOOKUP(T_進路入力[[#This Row],[学籍番号]]&"○",T_進路入力[進路決定確認ワーク],1,FALSE),1),"") -> ○
A26: 2404051 | B26: 2-1 | C26: KAUNG ZIN NYI | D26: 中央工学校 | E26: 東京で日本語を勉強できる専門学校 | F26: 合格 | G26: 46001 | H26: 46008 | J26: ○ | K26: =T_進路入力[[#This Row],[学籍番号]]&T_進路入力[[#This Row],[進路決定]] -> 2404051○ | L26: =_xlfn.IFNA(RIGHT(VLOOKUP(T_進路入力[[#This Row],[学籍番号]]&"○",T_進路入力[進路決定確認ワーク],1,FALSE),1),"") -> ○
A27: 2404058 | B27: 2-1 | C27: HAN THU SAN | D27: 大手前大学 | F27: 合格 | G27: 45966 | H27: 45981 | J27: ○ | K27: =T_進路入力[[#This Row],[学籍番号]]&T_進路入力[[#This Row],[進路決定]] -> 2404058○ | L27: =_xlfn.IFNA(RIGHT(VLOOKUP(T_進路入力[[#This Row],[学籍番号]]&"○",T_進路入力[進路決定確認ワーク],1,FALSE),1),"") -> ○
A28: 2404073 | B28: 2-1 | C28: FAKIR SHAKIB | D28: 東京国際ビジネスカレッジ神戸校 | F28: 合格 | G28: 45997 | H28: 46001 | J28: ○ | K28: =T_進路入力[[#This Row],[学籍番号]]&T_進路入力[[#This Row],[進路決定]] -> 2404073○ | L28: =_xlfn.IFNA(RIGHT(VLOOKUP(T_進路入力[[#This Row],[学籍番号]]&"○",T_進路入力[進路決定確認ワーク],1,FALSE),1),"") -> ○
A29: 2404084 | B29: 2-1 | C29: MD. MATIUR RAHMAN | D29: 流通科学大学 | F29: 合格 | G29: 45948 | H29: 45965 | J29: ○ | K29: =T_進路入力[[#This Row],[学籍番号]]&T_進路入力[[#This Row],[進路決定]] -> 2404084○ | L29: =_xlfn.IFNA(RIGHT(VLOOKUP(T_進路入力[[#This Row],[学籍番号]]&"○",T_進路入力[進路決定確認ワーク],1,FALSE),1),"") -> ○
A30: 2404093 | B30: 2-1 | C30: DELWAR HOSHEN SAYED | D30: 流通科学大学 | F30: 合格 | G30: 45948 | H30: 45965 | J30: ○ | K30: =T_進路入力[[#This Row],[学籍番号]]&T_進路入力[[#This Row],[進路決定]] -> 2404093○ | L30: =_xlfn.IFNA(RIGHT(VLOOKUP(T_進路入力[[#This Row],[学籍番号]]&"○",T_進路入力[進路決定確認ワーク],1,FALSE),1),"") -> ○
A31: 2407013 | B31: 2-1 | C31: SOE NYI HTUT | D31: 立命館大学 | F31: 不合格 | G31: 46068 | H31: 45961 | K31: =T_進路入力[[#This Row],[学籍番号]]&T_進路入力[[#This Row],[進路決定]] -> 2407013 | L31: =_xlfn.IFNA(RIGHT(VLOOKUP(T_進路入力[[#This Row],[学籍番号]]&"○",T_進路入力[進路決定確認ワーク],1,FALSE),1),"") -> ○
A32: 2407013 | B32: 2-1 | C32: SOE NYI HTUT | D32: 大阪国際大学 | E32: 国際コミュニケーション科 | F32: 検討中 | G32: 45977 | H32: 45964 | K32: =T_進路入力[[#This Row],[学籍番号]]&T_進路入力[[#This Row],[進路決定]] -> 2407013 | L32: =_xlfn.IFNA(RIGHT(VLOOKUP(T_進路入力[[#This Row],[学籍番号]]&"○",T_進路入力[進路決定確認ワーク],1,FALSE),1),"") -> ○
A33: 2407013 | B33: 2-1 | C33: SOE NYI HTUT | D33: 大阪学院大学 | F33: 合格 | H33: 46080 | J33: ○ | K33: =T_進路入力[[#This Row],[学籍番号]]&T_進路入力[[#This Row],[進路決定]] -> 2407013○ | L33: =_xlfn.IFNA(RIGHT(VLOOKUP(T_進路入力[[#This Row],[学籍番号]]&"○",T_進路入力[進路決定確認ワーク],1,FALSE),1),"") -> ○
A34: 2407025 | B34: 2-1 | C34: KHIN PYAE SONE | D34: 神戸電子専門学校 | F34: 合格 | G34: 45958 | J34: ○ | K34: =T_進路入力[[#This Row],[学籍番号]]&T_進路入力[[#This Row],[進路決定]] -> 2407025○ | L34: =_xlfn.IFNA(RIGHT(VLOOKUP(T_進路入力[[#This Row],[学籍番号]]&"○",T_進路入力[進路決定確認ワーク],1,FALSE),1),"") -> ○
A35: 2407013 | B35: 2-1 | C35: SOE NYI HTUT | D35: 大阪学院大学 | E35: 国際学部 | F35: 結果待ち | G35: 46074 | H35: 46080 | K35: =T_進路入力[[#This Row],[学籍番号]]&T_進路入力[[#This Row],[進路決定]] -> 2407013 | L35: =_xlfn.IFNA(RIGHT(VLOOKUP(T_進路入力[[#This Row],[学籍番号]]&"○",T_進路入力[進路決定確認ワーク],1,FALSE),1),"") -> ○
A36: 2404011 | B36: 2-2 | C36: BUI NGOC ANH THU | D36: 東京国際ビジネスカレッジ神戸校 | E36: キャリアコミュケーション | F36: 合格 | G36: 46067 | J36: ○ | K36: =T_進路入力[[#This Row],[学籍番号]]&T_進路入力[[#This Row],[進路決定]] -> 2404011○ | L36: =_xlfn.IFNA(RIGHT(VLOOKUP(T_進路入力[[#This Row],[学籍番号]]&"○",T_進路入力[進路決定確認ワーク],1,FALSE),1),"") -> ○
A37: 2404013 | B37: 2-2 | C37: CHIT MAUNG MAUNG | F37: 進学以外 | I37: 特定活動 | K37: =T_進路入力[[#This Row],[学籍番号]]&T_進路入力[[#This Row],[進路決定]] -> 2404013 | L37: =_xlfn.IFNA(RIGHT(VLOOKUP(T_進路入力[[#This Row],[学籍番号]]&"○",T_進路入力[進路決定確認ワーク],1,FALSE),1),"")
A38: 2404013 | B38: 2-2 | C38: CHIT MAUNG MAUNG | D38: 花壇自動車専門学校 | F38: 不合格 | G38: 45974 | H38: 45989 | K38: =T_進路入力[[#This Row],[学籍番号]]&T_進路入力[[#This Row],[進路決定]] -> 2404013 | L38: =_xlfn.IFNA(RIGHT(VLOOKUP(T_進路入力[[#This Row],[学籍番号]]&"○",T_進路入力[進路決定確認ワーク],1,FALSE),1),"")
A39: 2404013 | B39: 2-2 | C39: CHIT MAUNG MAUNG | D39: 国際外語・観光・エアライン専門学校 | E39: １年日本語コース→新潟国際自動車大学校 | F39: 辞退 | G39: 46044 | H39: 46056 | K39: =T_進路入力[[#This Row],[学籍番号]]&T_進路入力[[#This Row],[進路決定]] -> 2404013 | L39: =_xlfn.IFNA(RIGHT(VLOOKUP(T_進路入力[[#This Row],[学籍番号]]&"○",T_進路入力[進路決定確認ワーク],1,FALSE),1),"")
A40: 2404015 | B40: 2-2 | C40: NAY LIN OO | D40: 流通科学大学 | F40: 辞退 | K40: =T_進路入力[[#This Row],[学籍番号]]&T_進路入力[[#This Row],[進路決定]] -> 2404015 | L40: =_xlfn.IFNA(RIGHT(VLOOKUP(T_進路入力[[#This Row],[学籍番号]]&"○",T_進路入力[進路決定確認ワーク],1,FALSE),1),"") -> ○
A41: 2404015 | B41: 2-2 | C41: NAY LIN OO | D41: 神戸松蔭大学 | E41: (指定校推薦) | F41: 合格 | G41: 46056 | H41: 46069 | J41: ○ | K41: =T_進路入力[[#This Row],[学籍番号]]&T_進路入力[[#This Row],[進路決定]] -> 2404015○ | L41: =_xlfn.IFNA(RIGHT(VLOOKUP(T_進路入力[[#This Row],[学籍番号]]&"○",T_進路入力[進路決定確認ワーク],1,FALSE),1),"") -> ○
A42: 2404016 | B42: 2-2 | C42: THAW ZIN HTUN | D42: 神戸電子専門学校 | E42: AIシステム開発学科 | F42: 合格 | G42: 46003 | H42: 46009 | J42: ○ | K42: =T_進路入力[[#This Row],[学籍番号]]&T_進路入力[[#This Row],[進路決定]] -> 2404016○ | L42: =_xlfn.IFNA(RIGHT(VLOOKUP(T_進路入力[[#This Row],[学籍番号]]&"○",T_進路入力[進路決定確認ワーク],1,FALSE),1),"") -> ○
A43: 2404017 | B43: 2-2 | C43: HNIN HNIN WAI | D43: 神戸国際大学 | E43: 経済学部 経済経営学科 | F43: 合格 | G43: 45942 | H43: 45965 | J43: ○ | K43: =T_進路入力[[#This Row],[学籍番号]]&T_進路入力[[#This Row],[進路決定]] -> 2404017○ | L43: =_xlfn.IFNA(RIGHT(VLOOKUP(T_進路入力[[#This Row],[学籍番号]]&"○",T_進路入力[進路決定確認ワーク],1,FALSE),1),"") -> ○
A44: 2404018 | B44: 2-2 | C44: MAY PHOO THIT | D44: 大阪モード学園 | E44: 昼間部ファッションデザイン学科 | F44: 合格 | G44: 45888 | H44: 45957 | J44: ○ | K44: =T_進路入力[[#This Row],[学籍番号]]&T_進路入力[[#This Row],[進路決定]] -> 2404018○ | L44: =_xlfn.IFNA(RIGHT(VLOOKUP(T_進路入力[[#This Row],[学籍番号]]&"○",T_進路入力[進路決定確認ワーク],1,FALSE),1),"") -> ○
A45: 2404020 | B45: 2-2 | C45: SAI KWAN PHA | D45: ECC国際外語専門学校 | E45: 大学進学コース | F45: 合格 | G45: 45990 | H45: 45992 | J45: ○ | K45: =T_進路入力[[#This Row],[学籍番号]]&T_進路入力[[#This Row],[進路決定]] -> 2404020○ | L45: =_xlfn.IFNA(RIGHT(VLOOKUP(T_進路入力[[#This Row],[学籍番号]]&"○",T_進路入力[進路決定確認ワーク],1,FALSE),1),"") -> ○
A46: 2404023 | B46: 2-2 | C46: LAE YI HTUN | D46: 修成建設専門学校 | E46: 工業専門課程 第1本科(昼) 建築学科 | F46: 合格 | G46: 45955 | H46: 45959 | J46: ○ | K46: =T_進路入力[[#This Row],[学籍番号]]&T_進路入力[[#This Row],[進路決定]] -> 2404023○ | L46: =_xlfn.IFNA(RIGHT(VLOOKUP(T_進路入力[[#This Row],[学籍番号]]&"○",T_進路入力[進路決定確認ワーク],1,FALSE),1),"") -> ○
A47: 2404024 | B47: 2-2 | C47: KHAY MON CHAN | D47: ECC国際外語専門学校 | E47: グローバルビジネスコース | F47: 不合格 | G47: 45969 | H47: 45978 | K47: =T_進路入力[[#This Row],[学籍番号]]&T_進路入力[[#This Row],[進路決定]] -> 2404024 | L47: =_xlfn.IFNA(RIGHT(VLOOKUP(T_進路入力[[#This Row],[学籍番号]]&"○",T_進路入力[進路決定確認ワーク],1,FALSE),1),"")
A48: 2404024 | B48: 2-2 | C48: KHAY MON CHAN | E48: 特定活動 | F48: 進学以外 | I48: 特定活動 | K48: =T_進路入力[[#This Row],[学籍番号]]&T_進路入力[[#This Row],[進路決定]] -> 2404024 | L48: =_xlfn.IFNA(RIGHT(VLOOKUP(T_進路入力[[#This Row],[学籍番号]]&"○",T_進路入力[進路決定確認ワーク],1,FALSE),1),"")
A49: 2404026 | B49: 2-2 | C49: YE MIN HTET | D49: 神戸国際大学 | E49: 経済学部 国際文化ビジネス・観光学科 | F49: 辞退 | G49: 46005 | H49: 46016 | K49: =T_進路入力[[#This Row],[学籍番号]]&T_進路入力[[#This Row],[進路決定]] -> 2404026 | L49: =_xlfn.IFNA(RIGHT(VLOOKUP(T_進路入力[[#This Row],[学籍番号]]&"○",T_進路入力[進路決定確認ワーク],1,FALSE),1),"") -> ○
A50: 2404026 | B50: 2-2 | C50: YE MIN HTET | D50: 神戸松蔭大学 | E50: (指定校推薦)グローバルコミュニケーション学科 | F50: 合格 | G50: 46056 | H50: 46069 | J50: ○ | K50: =T_進路入力[[#This Row],[学籍番号]]&T_進路入力[[#This Row],[進路決定]] -> 2404026○ | L50: =_xlfn.IFNA(RIGHT(VLOOKUP(T_進路入力[[#This Row],[学籍番号]]&"○",T_進路入力[進路決定確認ワーク],1,FALSE),1),"") -> ○
A51: 2404029 | B51: 2-2 | C51: KAY ZIN OO | D51: ECC国際外語専門学校 | E51: グローバルビジネスコース | F51: 合格 | G51: 45969 | H51: 45992 | J51: ○ | K51: =T_進路入力[[#This Row],[学籍番号]]&T_進路入力[[#This Row],[進路決定]] -> 2404029○ | L51: =_xlfn.IFNA(RIGHT(VLOOKUP(T_進路入力[[#This Row],[学籍番号]]&"○",T_進路入力[進路決定確認ワーク],1,FALSE),1),"") -> ○
A52: 2404030 | B52: 2-2 | C52: MYAT PWINT WAI | D52: 中央工学校 | F52: 合格 | G52: 46001 | H52: 46001 | J52: ○ | K52: =T_進路入力[[#This Row],[学籍番号]]&T_進路入力[[#This Row],[進路決定]] -> 2404030○ | L52: =_xlfn.IFNA(RIGHT(VLOOKUP(T_進路入力[[#This Row],[学籍番号]]&"○",T_進路入力[進路決定確認ワーク],1,FALSE),1),"") -> ○
A53: 2404049 | B53: 2-2 | C53: SAI KHANT SITHU | D53: 大阪モード学園 | E53: インテリア学科 | F53: 合格 | G53: 45888 | H53: 45957 | J53: ○ | K53: =T_進路入力[[#This Row],[学籍番号]]&T_進路入力[[#This Row],[進路決定]] -> 2404049○ | L53: =_xlfn.IFNA(RIGHT(VLOOKUP(T_進路入力[[#This Row],[学籍番号]]&"○",T_進路入力[進路決定確認ワーク],1,FALSE),1),"") -> ○
A54: 2404110 | B54: 2-2 | C54: MD. JONAYET | D54: 早稲田文理専門学校 | E54: AIデザイン学科 | F54: 合格 | G54: 45966 | H54: 45973 | J54: ○ | K54: =T_進路入力[[#This Row],[学籍番号]]&T_進路入力[[#This Row],[進路決定]] -> 2404110○ | L54: =_xlfn.IFNA(RIGHT(VLOOKUP(T_進路入力[[#This Row],[学籍番号]]&"○",T_進路入力[進路決定確認ワーク],1,FALSE),1),"") -> ○
A55: 2404110 | B55: 2-2 | C55: MD. JONAYET | D55: 中央情報専門学校 | E55: IT・WEB学科 | F55: 辞退 | K55: =T_進路入力[[#This Row],[学籍番号]]&T_進路入力[[#This Row],[進路決定]] -> 2404110 | L55: =_xlfn.IFNA(RIGHT(VLOOKUP(T_進路入力[[#This Row],[学籍番号]]&"○",T_進路入力[進路決定確認ワーク],1,FALSE),1),"") -> ○
A56: 2404165 | B56: 2-2 | C56: GIRI TAPENDRA RAJ | D56: エール学園 | E56: 国際ビジネス学科 | F56: 辞退 | K56: =T_進路入力[[#This Row],[学籍番号]]&T_進路入力[[#This Row],[進路決定]] -> 2404165 | L56: =_xlfn.IFNA(RIGHT(VLOOKUP(T_進路入力[[#This Row],[学籍番号]]&"○",T_進路入力[進路決定確認ワーク],1,FALSE),1),"") -> ○
A57: 2404165 | B57: 2-2 | C57: GIRI TAPENDRA RAJ | D57: 柏木実業専門学校 | E57: 情報ビジネス科 | F57: 合格 | G57: 45954 | H57: 45965 | J57: ○ | K57: =T_進路入力[[#This Row],[学籍番号]]&T_進路入力[[#This Row],[進路決定]] -> 2404165○ | L57: =_xlfn.IFNA(RIGHT(VLOOKUP(T_進路入力[[#This Row],[学籍番号]]&"○",T_進路入力[進路決定確認ワーク],1,FALSE),1),"") -> ○
A58: 2407029 | B58: 2-2 | C58: EI EI THEIN | D58: 東京国際ビジネスカレッジ神戸校 | E58: キャリアデザインコース | F58: 不合格 | G58: 45997 | H58: 46003 | K58: =T_進路入力[[#This Row],[学籍番号]]&T_進路入力[[#This Row],[進路決定]] -> 2407029 | L58: =_xlfn.IFNA(RIGHT(VLOOKUP(T_進路入力[[#This Row],[学籍番号]]&"○",T_進路入力[進路決定確認ワーク],1,FALSE),1),"") -> ○
A59: 2407029 | B59: 2-2 | C59: EI EI THEIN | F59: 進学以外 | I59: 特定活動 | J59: ○ | K59: =T_進路入力[[#This Row],[学籍番号]]&T_進路入力[[#This Row],[進路決定]] -> 2407029○ | L59: =_xlfn.IFNA(RIGHT(VLOOKUP(T_進路入力[[#This Row],[学籍番号]]&"○",T_進路入力[進路決定確認ワーク],1,FALSE),1),"") -> ○
A60: 2407068 | B60: 2-2 | C60: TAMANG NIKITA | D60: 流通経済大学 | E60: 流通情報学部 流通情報学科 | F60: 合格 | G60: 45969 | H60: 45974 | J60: ○ | K60: =T_進路入力[[#This Row],[学籍番号]]&T_進路入力[[#This Row],[進路決定]] -> 2407068○ | L60: =_xlfn.IFNA(RIGHT(VLOOKUP(T_進路入力[[#This Row],[学籍番号]]&"○",T_進路入力[進路決定確認ワーク],1,FALSE),1),"") -> ○
A61: 2407070 | B61: 2-2 | C61: TAMANG ALISHA | D61: 日本経済大学渋谷校 | E61: 経営学部 経営学科 | F61: 辞退 | K61: =T_進路入力[[#This Row],[学籍番号]]&T_進路入力[[#This Row],[進路決定]] -> 2407070 | L61: =_xlfn.IFNA(RIGHT(VLOOKUP(T_進路入力[[#This Row],[学籍番号]]&"○",T_進路入力[進路決定確認ワーク],1,FALSE),1),"") -> ○
A62: 2407070 | B62: 2-2 | C62: TAMANG ALISHA | D62: 東京テクニカルカレッジ | E62: ブリッジエンジニア科 | F62: 合格 | G62: 45973 | H62: 45986 | J62: ○ | K62: =T_進路入力[[#This Row],[学籍番号]]&T_進路入力[[#This Row],[進路決定]] -> 2407070○ | L62: =_xlfn.IFNA(RIGHT(VLOOKUP(T_進路入力[[#This Row],[学籍番号]]&"○",T_進路入力[進路決定確認ワーク],1,FALSE),1),"") -> ○
A63: 2407077 | B63: 2-2 | C63: SHRESTHA BHUWAN | D63: 東京国際ビジネスカレッジ神戸校 | E63: 国際コミュニケーション学科キャリアデザインコース | F63: 合格 | G63: 45934 | H63: 45938 | J63: ○ | K63: =T_進路入力[[#This Row],[学籍番号]]&T_進路入力[[#This Row],[進路決定]] -> 2407077○ | L63: =_xlfn.IFNA(RIGHT(VLOOKUP(T_進路入力[[#This Row],[学籍番号]]&"○",T_進路入力[進路決定確認ワーク],1,FALSE),1),"") -> ○
A64: 2501002 | B64: 2-2 | C64: NWAY KHET KHET PAN | E64: 特定活動 | F64: 進学以外 | I64: 特定活動 | J64: ○ | K64: =T_進路入力[[#This Row],[学籍番号]]&T_進路入力[[#This Row],[進路決定]] -> 2501002○ | L64: =_xlfn.IFNA(RIGHT(VLOOKUP(T_進路入力[[#This Row],[学籍番号]]&"○",T_進路入力[進路決定確認ワーク],1,FALSE),1),"") -> ○
A65: 2501002 | B65: 2-2 | C65: NWAY KHET KHET PAN | D65: 大阪観光大学 | F65: 辞退 | G65: 46054 | H65: 46059 | K65: =T_進路入力[[#This Row],[学籍番号]]&T_進路入力[[#This Row],[進路決定]] -> 2501002 | L65: =_xlfn.IFNA(RIGHT(VLOOKUP(T_進路入力[[#This Row],[学籍番号]]&"○",T_進路入力[進路決定確認ワーク],1,FALSE),1),"") -> ○
A66: 2501002 | B66: 2-2 | C66: NWAY KHET KHET PAN | D66: 流通科学大学 | E66: 人間社会学部観光学科 | F66: 辞退 | G66: 45691 | H66: 45705 | K66: =T_進路入力[[#This Row],[学籍番号]]&T_進路入力[[#This Row],[進路決定]] -> 2501002 | L66: =_xlfn.IFNA(RIGHT(VLOOKUP(T_進路入力[[#This Row],[学籍番号]]&"○",T_進路入力[進路決定確認ワーク],1,FALSE),1),"") -> ○
A67: 2501002 | B67: 2-2 | C67: NWAY KHET KHET PAN | D67: 国際外語・観光・エアライン専門学校 | F67: 辞退 | K67: =T_進路入力[[#This Row],[学籍番号]]&T_進路入力[[#This Row],[進路決定]] -> 2501002 | L67: =_xlfn.IFNA(RIGHT(VLOOKUP(T_進路入力[[#This Row],[学籍番号]]&"○",T_進路入力[進路決定確認ワーク],1,FALSE),1),"") -> ○
A68: 2404019 | B68: 2-3 | C68: MIN THIHA | D68: 岩谷学園よこはまITビジネス専門学校 | E68: 進学コース | F68: 合格 | G68: 45989 | H68: 45995 | J68: ○ | K68: =T_進路入力[[#This Row],[学籍番号]]&T_進路入力[[#This Row],[進路決定]] -> 2404019○ | L68: =_xlfn.IFNA(RIGHT(VLOOKUP(T_進路入力[[#This Row],[学籍番号]]&"○",T_進路入力[進路決定確認ワーク],1,FALSE),1),"") -> ○
A69: 2404044 | B69: 2-3 | C69: THURA LINN | D69: ECC国際外語専門学校 | E69: 大学進学コース不合格、進学準備コース合格 | F69: 合格 | G69: 45976 | H69: 45980 | J69: ○ | K69: =T_進路入力[[#This Row],[学籍番号]]&T_進路入力[[#This Row],[進路決定]] -> 2404044○ | L69: =_xlfn.IFNA(RIGHT(VLOOKUP(T_進路入力[[#This Row],[学籍番号]]&"○",T_進路入力[進路決定確認ワーク],1,FALSE),1),"") -> ○
A70: 2404048 | B70: 2-3 | C70: MIN HTET PAING | E70: 特定技能試験不合格、特定活動へ変更 | F70: 進学以外 | I70: 特定活動 | K70: =T_進路入力[[#This Row],[学籍番号]]&T_進路入力[[#This Row],[進路決定]] -> 2404048 | L70: =_xlfn.IFNA(RIGHT(VLOOKUP(T_進路入力[[#This Row],[学籍番号]]&"○",T_進路入力[進路決定確認ワーク],1,FALSE),1),"")
A71: 2404062 | B71: 2-3 | C71: HOSSAIN MD YEASIN | D71: エール学園 | E71: デュアルビジネスコースエール学園 | F71: 不合格 | G71: 45969 | H71: 45975 | K71: =T_進路入力[[#This Row],[学籍番号]]&T_進路入力[[#This Row],[進路決定]] -> 2404062 | L71: =_xlfn.IFNA(RIGHT(VLOOKUP(T_進路入力[[#This Row],[学籍番号]]&"○",T_進路入力[進路決定確認ワーク],1,FALSE),1),"")
A72: 2404062 | B72: 2-3 | C72: HOSSAIN MD YEASIN | D72: 日本コンピュータ専門学校 | E72: ＩＴスペシャリスト科 学校推薦 | F72: 不合格 | G72: 45996 | H72: 46002 | K72: =T_進路入力[[#This Row],[学籍番号]]&T_進路入力[[#This Row],[進路決定]] -> 2404062 | L72: =_xlfn.IFNA(RIGHT(VLOOKUP(T_進路入力[[#This Row],[学籍番号]]&"○",T_進路入力[進路決定確認ワーク],1,FALSE),1),"")
A73: 2404062 | B73: 2-3 | C73: HOSSAIN MD YEASIN | D73: 九州ビジネス専門学校 | E73: 総合日本語 | F73: 合格 | G73: 45996 | H73: 46001 | K73: =T_進路入力[[#This Row],[学籍番号]]&T_進路入力[[#This Row],[進路決定]] -> 2404062 | L73: =_xlfn.IFNA(RIGHT(VLOOKUP(T_進路入力[[#This Row],[学籍番号]]&"○",T_進路入力[進路決定確認ワーク],1,FALSE),1),"")
A74: 2404062 | B74: 2-3 | C74: HOSSAIN MD YEASIN | E74: 就職希望 | F74: 進学以外 | H74: 46087 | I74: 就職 | K74: =T_進路入力[[#This Row],[学籍番号]]&T_進路入力[[#This Row],[進路決定]] -> 2404062 | L74: =_xlfn.IFNA(RIGHT(VLOOKUP(T_進路入力[[#This Row],[学籍番号]]&"○",T_進路入力[進路決定確認ワーク],1,FALSE),1),"")
A75: 2404075 | B75: 2-3 | C75: MD. RAKEBUL ISLAM RONY | D75: 神戸親和大学 | E75: 国際文化学科、協定校推薦 | F75: 合格 | G75: 45997 | H75: 46004 | J75: ○ | K75: =T_進路入力[[#This Row],[学籍番号]]&T_進路入力[[#This Row],[進路決定]] -> 2404075○ | L75: =_xlfn.IFNA(RIGHT(VLOOKUP(T_進路入力[[#This Row],[学籍番号]]&"○",T_進路入力[進路決定確認ワーク],1,FALSE),1),"") -> ○
A76: 2404080 | B76: 2-3 | C76: HASAN MD MEHEDI | D76: CAD製図専門学校 | E76: CADデザイン科 | F76: 合格 | G76: 45857 | H76: 45866 | J76: ○ | K76: =T_進路入力[[#This Row],[学籍番号]]&T_進路入力[[#This Row],[進路決定]] -> 2404080○ | L76: =_xlfn.IFNA(RIGHT(VLOOKUP(T_進路入力[[#This Row],[学籍番号]]&"○",T_進路入力[進路決定確認ワーク],1,FALSE),1),"") -> ○
A77: 2404087 | B77: 2-3 | C77: ABDUL KAIUM NAEEM | D77: 中央情報専門学校 | E77: IT Web学科 | F77: 不合格 | G77: 45866 | H77: 45874 | K77: =T_進路入力[[#This Row],[学籍番号]]&T_進路入力[[#This Row],[進路決定]] -> 2404087 | L77: =_xlfn.IFNA(RIGHT(VLOOKUP(T_進路入力[[#This Row],[学籍番号]]&"○",T_進路入力[進路決定確認ワーク],1,FALSE),1),"") -> ○
A78: 2404087 | B78: 2-3 | C78: ABDUL KAIUM NAEEM | D78: 日商簿記三鷹福祉専門学校 | E78: 情報ビジネス学科 | F78: 合格 | G78: 45929 | H78: 45940 | J78: ○ | K78: =T_進路入力[[#This Row],[学籍番号]]&T_進路入力[[#This Row],[進路決定]] -> 2404087○ | L78: =_xlfn.IFNA(RIGHT(VLOOKUP(T_進路入力[[#This Row],[学籍番号]]&"○",T_進路入力[進路決定確認ワーク],1,FALSE),1),"") -> ○
A79: 2404102 | B79: 2-3 | C79: SHAMIM HOSSAIN | D79: CAD製図専門学校 | E79: CAD IT科 | F79: 合格 | G79: 45864 | H79: 45870 | J79: ○ | K79: =T_進路入力[[#This Row],[学籍番号]]&T_進路入力[[#This Row],[進路決定]] -> 2404102○ | L79: =_xlfn.IFNA(RIGHT(VLOOKUP(T_進路入力[[#This Row],[学籍番号]]&"○",T_進路入力[進路決定確認ワーク],1,FALSE),1),"") -> ○
A80: 2404129 | B80: 2-3 | C80: AHMED MD JUBAYER | D80: 関東工業自動車大学校 | E80: 国際サービスエンジニア科 | F80: 不合格 | G80: 45854 | H80: 45869 | K80: =T_進路入力[[#This Row],[学籍番号]]&T_進路入力[[#This Row],[進路決定]] -> 2404129 | L80: =_xlfn.IFNA(RIGHT(VLOOKUP(T_進路入力[[#This Row],[学籍番号]]&"○",T_進路入力[進路決定確認ワーク],1,FALSE),1),"") -> ○
A81: 2404129 | B81: 2-3 | C81: AHMED MD JUBAYER | D81: 関東工業自動車大学校 | E81: 国際サービスエンジニア科 | F81: 不合格 | G81: 45910 | H81: 45930 | K81: =T_進路入力[[#This Row],[学籍番号]]&T_進路入力[[#This Row],[進路決定]] -> 2404129 | L81: =_xlfn.IFNA(RIGHT(VLOOKUP(T_進路入力[[#This Row],[学籍番号]]&"○",T_進路入力[進路決定確認ワーク],1,FALSE),1),"") -> ○
A82: 2404129 | B82: 2-3 | C82: AHMED MD JUBAYER | D82: 東京工科自動車大学校 | E82: 自動車整備科 | F82: 不合格 | G82: 45938 | H82: 45954 | K82: =T_進路入力[[#This Row],[学籍番号]]&T_進路入力[[#This Row],[進路決定]] -> 2404129 | L82: =_xlfn.IFNA(RIGHT(VLOOKUP(T_進路入力[[#This Row],[学籍番号]]&"○",T_進路入力[進路決定確認ワーク],1,FALSE),1),"") -> ○
A83: 2404129 | B83: 2-3 | C83: AHMED MD JUBAYER | D83: 中部国際自動車大学校 | E83: 自動車整備科2級整備士コース | F83: 合格 | G83: 45943 | H83: 45950 | J83: ○ | K83: =T_進路入力[[#This Row],[学籍番号]]&T_進路入力[[#This Row],[進路決定]] -> 2404129○ | L83: =_xlfn.IFNA(RIGHT(VLOOKUP(T_進路入力[[#This Row],[学籍番号]]&"○",T_進路入力[進路決定確認ワーク],1,FALSE),1),"") -> ○
A84: 2404133 | B84: 2-3 | C84: SHRESTHA YAM KUMAR | D84: 専門学校アートカレッジ神戸 | E84: 観光学科 | F84: 合格 | G84: 45856 | H84: 45860 | J84: ○ | K84: =T_進路入力[[#This Row],[学籍番号]]&T_進路入力[[#This Row],[進路決定]] -> 2404133○ | L84: =_xlfn.IFNA(RIGHT(VLOOKUP(T_進路入力[[#This Row],[学籍番号]]&"○",T_進路入力[進路決定確認ワーク],1,FALSE),1),"") -> ○
A85: 2404134 | B85: 2-3 | C85: UPAHAR SEDAI | D85: 専門学校アートカレッジ神戸 | E85: 国際コミュニケーション学科ビジネスマネジメントコース | F85: 合格 | G85: 45863 | H85: 45875 | J85: ○ | K85: =T_進路入力[[#This Row],[学籍番号]]&T_進路入力[[#This Row],[進路決定]] -> 2404134○ | L85: =_xlfn.IFNA(RIGHT(VLOOKUP(T_進路入力[[#This Row],[学籍番号]]&"○",T_進路入力[進路決定確認ワーク],1,FALSE),1),"") -> ○
A86: 2404139 | B86: 2-3 | C86: DURGA BAHADUR DARAI | D86: 関西国際旅行・ホテル専門学校 | E86: ホテル学科 | F86: 合格 | G86: 45838 | H86: 45849 | J86: ○ | K86: =T_進路入力[[#This Row],[学籍番号]]&T_進路入力[[#This Row],[進路決定]] -> 2404139○ | L86: =_xlfn.IFNA(RIGHT(VLOOKUP(T_進路入力[[#This Row],[学籍番号]]&"○",T_進路入力[進路決定確認ワーク],1,FALSE),1),"") -> ○
A87: 2404140 | B87: 2-3 | C87: SUSMA TAMANG | D87: 神戸親和大学 | E87: 国際文化学科、協定校推薦 | F87: 合格 | G87: 45997 | H87: 46004 | J87: ○ | K87: =T_進路入力[[#This Row],[学籍番号]]&T_進路入力[[#This Row],[進路決定]] -> 2404140○ | L87: =_xlfn.IFNA(RIGHT(VLOOKUP(T_進路入力[[#This Row],[学籍番号]]&"○",T_進路入力[進路決定確認ワーク],1,FALSE),1),"") -> ○
A88: 2404146 | B88: 2-3 | C88: RUPESH LAMICHHANE | D88: 神戸親和大学 | E88: 国際文化学科、協定校推薦 | F88: 合格 | G88: 45997 | H88: 46004 | J88: ○ | K88: =T_進路入力[[#This Row],[学籍番号]]&T_進路入力[[#This Row],[進路決定]] -> 2404146○ | L88: =_xlfn.IFNA(RIGHT(VLOOKUP(T_進路入力[[#This Row],[学籍番号]]&"○",T_進路入力[進路決定確認ワーク],1,FALSE),1),"") -> ○
A89: 2404148 | B89: 2-3 | C89: BISHNU PRASAD BHANDARI | D89: 日本理工情報専門学校 | E89: 自動車整備科 | F89: 不合格 | G89: 45927 | H89: 45929 | K89: =T_進路入力[[#This Row],[学籍番号]]&T_進路入力[[#This Row],[進路決定]] -> 2404148 | L89: =_xlfn.IFNA(RIGHT(VLOOKUP(T_進路入力[[#This Row],[学籍番号]]&"○",T_進路入力[進路決定確認ワーク],1,FALSE),1),"") -> ○
A90: 2404148 | B90: 2-3 | C90: BISHNU PRASAD BHANDARI | D90: 専門学校花壇自動車大学校 | E90: 自動車科 | F90: 合格 | G90: 45958 | H90: 45966 | J90: ○ | K90: =T_進路入力[[#This Row],[学籍番号]]&T_進路入力[[#This Row],[進路決定]] -> 2404148○ | L90: =_xlfn.IFNA(RIGHT(VLOOKUP(T_進路入力[[#This Row],[学籍番号]]&"○",T_進路入力[進路決定確認ワーク],1,FALSE),1),"") -> ○
A91: 2404149 | B91: 2-3 | C91: GITA KUMARI RANA | D91: 専門学校アートカレッジ神戸 | E91: 国際コミュニケーション学科ビジネスマネジメントコース | F91: 合格 | G91: 45856 | H91: 45860 | J91: ○ | K91: =T_進路入力[[#This Row],[学籍番号]]&T_進路入力[[#This Row],[進路決定]] -> 2404149○ | L91: =_xlfn.IFNA(RIGHT(VLOOKUP(T_進路入力[[#This Row],[学籍番号]]&"○",T_進路入力[進路決定確認ワーク],1,FALSE),1),"") -> ○
A92: 2404154 | B92: 2-3 | C92: AADITYA KUMAR CHAUDHARY | D92: トヨタ神戸自動車大学校 | E92: 国際自動車整備科 | F92: 不合格 | G92: 45927 | H92: 45933 | K92: =T_進路入力[[#This Row],[学籍番号]]&T_進路入力[[#This Row],[進路決定]] -> 2404154 | L92: =_xlfn.IFNA(RIGHT(VLOOKUP(T_進路入力[[#This Row],[学籍番号]]&"○",T_進路入力[進路決定確認ワーク],1,FALSE),1),"") -> ○
A93: 2404154 | B93: 2-3 | C93: AADITYA KUMAR CHAUDHARY | D93: 専門学校花壇自動車大学校 | E93: 自動車科 | F93: 合格 | G93: 45958 | H93: 45966 | J93: ○ | K93: =T_進路入力[[#This Row],[学籍番号]]&T_進路入力[[#This Row],[進路決定]] -> 2404154○ | L93: =_xlfn.IFNA(RIGHT(VLOOKUP(T_進路入力[[#This Row],[学籍番号]]&"○",T_進路入力[進路決定確認ワーク],1,FALSE),1),"") -> ○
A94: 2404155 | B94: 2-3 | C94: BUDDHI BAHADUR BUDHATHOKI | D94: イーストウエスト外国語専門学校 | E94: 国際ビジネス学科 | F94: 合格 | G94: 45932 | H94: 45938 | J94: ○ | K94: =T_進路入力[[#This Row],[学籍番号]]&T_進路入力[[#This Row],[進路決定]] -> 2404155○ | L94: =_xlfn.IFNA(RIGHT(VLOOKUP(T_進路入力[[#This Row],[学籍番号]]&"○",T_進路入力[進路決定確認ワーク],1,FALSE),1),"") -> ○
A95: 2404158 | B95: 2-3 | C95: DAHAL MANISHA | D95: 専門学校アートカレッジ神戸 | E95: 国際コミュニケーション学科ビジネスマネジメントコース | F95: 合格 | G95: 45856 | H95: 45860 | J95: ○ | K95: =T_進路入力[[#This Row],[学籍番号]]&T_進路入力[[#This Row],[進路決定]] -> 2404158○ | L95: =_xlfn.IFNA(RIGHT(VLOOKUP(T_進路入力[[#This Row],[学籍番号]]&"○",T_進路入力[進路決定確認ワーク],1,FALSE),1),"") -> ○
A96: 2404177 | B96: 2-3 | C96: KHADKA SARASWOTI | D96: 流通科学大学 | E96: 経済学部経済情報学科 | F96: 合格 | G96: 45948 | H96: 45965 | J96: ○ | K96: =T_進路入力[[#This Row],[学籍番号]]&T_進路入力[[#This Row],[進路決定]] -> 2404177○ | L96: =_xlfn.IFNA(RIGHT(VLOOKUP(T_進路入力[[#This Row],[学籍番号]]&"○",T_進路入力[進路決定確認ワーク],1,FALSE),1),"") -> ○
A97: 2404177 | B97: 2-3 | C97: KHADKA SARASWOTI | D97: 京都コンピュータ学院 | E97: 情報処理科国際ビジネスＩＴコース | F97: 辞退 | G97: 45965 | H97: 45975 | K97: =T_進路入力[[#This Row],[学籍番号]]&T_進路入力[[#This Row],[進路決定]] -> 2404177 | L97: =_xlfn.IFNA(RIGHT(VLOOKUP(T_進路入力[[#This Row],[学籍番号]]&"○",T_進路入力[進路決定確認ワーク],1,FALSE),1),"") -> ○
A98: 2404081 | B98: 2-4 | C98: AL-AMIN-AL-SADI | D98: 関西国際大学 | F98: 合格 | G98: 45991 | H98: 46000 | J98: ○ | K98: =T_進路入力[[#This Row],[学籍番号]]&T_進路入力[[#This Row],[進路決定]] -> 2404081○ | L98: =_xlfn.IFNA(RIGHT(VLOOKUP(T_進路入力[[#This Row],[学籍番号]]&"○",T_進路入力[進路決定確認ワーク],1,FALSE),1),"") -> ○
A99: 2404091 | B99: 2-4 | C99: SHIHAB MOTIUR RAHMAN | D99: 大阪電子専門学校 | F99: 合格 | G99: 45995 | H99: 46002 | J99: ○ | K99: =T_進路入力[[#This Row],[学籍番号]]&T_進路入力[[#This Row],[進路決定]] -> 2404091○ | L99: =_xlfn.IFNA(RIGHT(VLOOKUP(T_進路入力[[#This Row],[学籍番号]]&"○",T_進路入力[進路決定確認ワーク],1,FALSE),1),"") -> ○
A100: 2404159 | B100: 2-4 | C100: RABIN THAPALIYA | D100: 岩谷学園よこはまITビジネス専門学校 | F100: 合格 | H100: 45938 | J100: ○ | K100: =T_進路入力[[#This Row],[学籍番号]]&T_進路入力[[#This Row],[進路決定]] -> 2404159○ | L100: =_xlfn.IFNA(RIGHT(VLOOKUP(T_進路入力[[#This Row],[学籍番号]]&"○",T_進路入力[進路決定確認ワーク],1,FALSE),1),"") -> ○
A101: 2404182 | B101: 2-4 | C101: NABID TANJIM | D101: 流通科学大学 | F101: 合格 | G101: 45948 | J101: ○ | K101: =T_進路入力[[#This Row],[学籍番号]]&T_進路入力[[#This Row],[進路決定]] -> 2404182○ | L101: =_xlfn.IFNA(RIGHT(VLOOKUP(T_進路入力[[#This Row],[学籍番号]]&"○",T_進路入力[進路決定確認ワーク],1,FALSE),1),"") -> ○
A102: 2407003 | B102: 2-4 | C102: 劉 暁聡 | D102: 大阪医専 | E102: 歯科衛生科 | F102: 不合格 | K102: =T_進路入力[[#This Row],[学籍番号]]&T_進路入力[[#This Row],[進路決定]] -> 2407003 | L102: =_xlfn.IFNA(RIGHT(VLOOKUP(T_進路入力[[#This Row],[学籍番号]]&"○",T_進路入力[進路決定確認ワーク],1,FALSE),1),"") -> ○
...

Sheet 【印刷用】進路状況入力シート
A1: =進路状況入力シート!A1 -> 卒業予定人数：240名
A2: =進路状況入力シート!A2 -> 進学確定人数：216／217名（99.5%)
A3: =進路状況入力シート!A3 -> 進学以外の人数：23名
A6: 学籍番号 | B6: クラス | C6: 氏名 | D6: 学校名 | E6: 学部、学科、試験区分、備考 | F6: 状況 | G6: 試験日 | H6: 合格発表日 | I6: 進学以外 | J6: 進路決定 | K6: 進路決定確認ワーク | L6: 進路決定者フラグ
A7: {=T_進路入力[]} -> 2404012 | B7: 2-1 | C7: KAUNG KHANT KYAW | D7: 0 | E7: 特定活動ビザ希望 | F7: 進学以外 | G7: 0 | H7: 0 | I7: 特定活動 | J7: 0 | K7: 2404012
A8: 2404021 | B8: 2-1 | C8: NANG PHWAY WADI OO | D8: 大手前大学 | E8: 0 | F8: 不合格 | G8: 45967 | H8: 45981 | I8: 0 | J8: 0 | K8: 2404021 | L8: ○
A9: 2404021 | B9: 2-1 | C9: NANG PHWAY WADI OO | D9: 大阪モード学園 | E9: 0 | F9: 合格 | G9: 0 | H9: 45992 | I9: 0 | J9: ○ | K9: 2404021○ | L9: ○
A10: 2404022 | B10: 2-1 | C10: THIRI MAY | D10: 神戸松蔭大学 | E10: 指定校推薦 | F10: 合格 | G10: 0 | H10: 0 | I10: 0 | J10: ○ | K10: 2404022○ | L10: ○
A11: 2404025 | B11: 2-1 | C11: MIN THIHA | D11: 中央工学校OSAKA | E11: 併願 | F11: 検討中 | G11: 0 | H11: 0 | I11: 0 | J11: 0 | K11: 2404025 | L11: ○
A12: 2404025 | B12: 2-1 | C12: MIN THIHA | D12: 大阪産業大学 | E12: 併願 | F12: 合格 | G12: 46081 | H12: 46092 | I12: 0 | J12: ○ | K12: 2404025○ | L12: ○
A13: 2404025 | B13: 2-1 | C13: MIN THIHA | D13: 大阪モード学園 | E13: 併願 | F13: 辞退 | G13: 46074 | H13: 46079 | I13: 0 | J13: 0 | K13: 2404025 | L13: ○
A14: 2404025 | B14: 2-1 | C14: MIN THIHA | D14: ECC国際外語専門学校 | E14: 0 | F14: 不合格 | G14: 45986 | H14: 0 | I14: 0 | J14: 0 | K14: 2404025 | L14: ○
A15: 2404027 | B15: 2-1 | C15: PHYO SI THU | D15: 東京テクニカルカレッジ | E15: 1回目、電子学科 | F15: 不合格 | G15: 45960 | H15: 0 | I15: 0 | J15: 0 | K15: 2404027 | L15: ○
A16: 2404027 | B16: 2-1 | C16: PHYO SI THU | D16: 東京テクニカルカレッジ | E16: 2回目、AI学科 | F16: 合格 | G16: 45991 | H16: 46001 | I16: 0 | J16: ○ | K16: 2404027○ | L16: ○
A17: 2404027 | B17: 2-1 | C17: PHYO SI THU | D17: 大阪電子専門学校 | E17: 0 | F17: 試験待ち | G17: 46002 | H17: 0 | I17: 0 | J17: 0 | K17: 2404027 | L17: ○
A18: 2404031 | B18: 2-1 | C18: NWAY NWAY TUN | D18: 東京テクニカルカレッジ | E18: 0 | F18: 合格 | G18: 45937 | H18: 0 | I18: 0 | J18: ○ | K18: 2404031○ | L18: ○
A19: 2404042 | B19: 2-1 | C19: PHU PHU MYAT THU | D19: ECC国際外語専門学校 | E19: 0 | F19: 合格 | G19: 45986 | H19: 45993 | I19: 0 | J19: ○ | K19: 2404042○ | L19: ○
A20: 2404043 | B20: 2-1 | C20: RITA HLA MOE | D20: 神戸国際大学 | E20: 0 | F20: 合格 | G20: 45933 | H20: 0 | I20: 0 | J20: ○ | K20: 2404043○ | L20: ○
A21: 2404025 | B21: 2-1 | C21: MIN THIHA | D21: 関西国際旅行ホテル専門学校 | E21: 0 | F21: 不合格 | G21: 0 | H21: 0 | I21: 0 | J21: 0 | K21: 2404025 | L21: ○
A22: 2404046 | B22: 2-1 | C22: KYAL SIN LIN | D22: ECC国際外語専門学校 | E22: 0 | F22: 合格 | G22: 46004 | H22: 46007 | I22: 0 | J22: ○ | K22: 2404046○ | L22: ○
A23: 2404047 | B23: 2-1 | C23: KHIN YADANAR OO | D23: エール学園 | E23: 0 | F23: 合格 | G23: 46039 | H23: 46048 | I23: 0 | J23: ○ | K23: 2404047○ | L23: ○
A24: 2404047 | B24: 2-1 | C24: KHIN YADANAR OO | D24: 中央工学校 | E24: 0 | F24: 不合格 | G24: 46001 | H24: 46008 | I24: 0 | J24: 0 | K24: 2404047 | L24: ○
A25: 2404050 | B25: 2-1 | C25: THUTA ZAW | D25: 東京みらいIT&AI専門学校 | E25: 0 | F25: 合格 | G25: 45983 | H25: 45989 | I25: 0 | J25: ○ | K25: 2404050○ | L25: ○
A26: 2404051 | B26: 2-1 | C26: KAUNG ZIN NYI | D26: 中央工学校 | E26: 東京で日本語を勉強できる専門学校 | F26: 合格 | G26: 46001 | H26: 46008 | I26: 0 | J26: ○ | K26: 2404051○ | L26: ○
A27: 2404058 | B27: 2-1 | C27: HAN THU SAN | D27: 大手前大学 | E27: 0 | F27: 合格 | G27: 45966 | H27: 45981 | I27: 0 | J27: ○ | K27: 2404058○ | L27: ○
A28: 2404073 | B28: 2-1 | C28: FAKIR SHAKIB | D28: 東京国際ビジネスカレッジ神戸校 | E28: 0 | F28: 合格 | G28: 45997 | H28: 46001 | I28: 0 | J28: ○ | K28: 2404073○ | L28: ○
A29: 2404084 | B29: 2-1 | C29: MD. MATIUR RAHMAN | D29: 流通科学大学 | E29: 0 | F29: 合格 | G29: 45948 | H29: 45965 | I29: 0 | J29: ○ | K29: 2404084○ | L29: ○
A30: 2404093 | B30: 2-1 | C30: DELWAR HOSHEN SAYED | D30: 流通科学大学 | E30: 0 | F30: 合格 | G30: 45948 | H30: 45965 | I30: 0 | J30: ○ | K30: 2404093○ | L30: ○
A31: 2407013 | B31: 2-1 | C31: SOE NYI HTUT | D31: 立命館大学 | E31: 0 | F31: 不合格 | G31: 46068 | H31: 45961 | I31: 0 | J31: 0 | K31: 2407013 | L31: ○
A32: 2407013 | B32: 2-1 | C32: SOE NYI HTUT | D32: 大阪国際大学 | E32: 国際コミュニケーション科 | F32: 検討中 | G32: 45977 | H32: 45964 | I32: 0 | J32: 0 | K32: 2407013 | L32: ○
A33: 2407013 | B33: 2-1 | C33: SOE NYI HTUT | D33: 大阪学院大学 | E33: 0 | F33: 合格 | G33: 0 | H33: 46080 | I33: 0 | J33: ○ | K33: 2407013○ | L33: ○
A34: 2407025 | B34: 2-1 | C34: KHIN PYAE SONE | D34: 神戸電子専門学校 | E34: 0 | F34: 合格 | G34: 45958 | H34: 0 | I34: 0 | J34: ○ | K34: 2407025○ | L34: ○
A35: 2407013 | B35: 2-1 | C35: SOE NYI HTUT | D35: 大阪学院大学 | E35: 国際学部 | F35: 結果待ち | G35: 46074 | H35: 46080 | I35: 0 | J35: 0 | K35: 2407013 | L35: ○
A36: 2404011 | B36: 2-2 | C36: BUI NGOC ANH THU | D36: 東京国際ビジネスカレッジ神戸校 | E36: キャリアコミュケーション | F36: 合格 | G36: 46067 | H36: 0 | I36: 0 | J36: ○ | K36: 2404011○ | L36: ○
A37: 2404013 | B37: 2-2 | C37: CHIT MAUNG MAUNG | D37: 0 | E37: 0 | F37: 進学以外 | G37: 0 | H37: 0 | I37: 特定活動 | J37: 0 | K37: 2404013
A38: 2404013 | B38: 2-2 | C38: CHIT MAUNG MAUNG | D38: 花壇自動車専門学校 | E38: 0 | F38: 不合格 | G38: 45974 | H38: 45989 | I38: 0 | J38: 0 | K38: 2404013
A39: 2404013 | B39: 2-2 | C39: CHIT MAUNG MAUNG | D39: 国際外語・観光・エアライン専門学校 | E39: １年日本語コース→新潟国際自動車大学校 | F39: 辞退 | G39: 46044 | H39: 46056 | I39: 0 | J39: 0 | K39: 2404013
A40: 2404015 | B40: 2-2 | C40: NAY LIN OO | D40: 流通科学大学 | E40: 0 | F40: 辞退 | G40: 0 | H40: 0 | I40: 0 | J40: 0 | K40: 2404015 | L40: ○
A41: 2404015 | B41: 2-2 | C41: NAY LIN OO | D41: 神戸松蔭大学 | E41: (指定校推薦) | F41: 合格 | G41: 46056 | H41: 46069 | I41: 0 | J41: ○ | K41: 2404015○ | L41: ○
A42: 2404016 | B42: 2-2 | C42: THAW ZIN HTUN | D42: 神戸電子専門学校 | E42: AIシステム開発学科 | F42: 合格 | G42: 46003 | H42: 46009 | I42: 0 | J42: ○ | K42: 2404016○ | L42: ○
A43: 2404017 | B43: 2-2 | C43: HNIN HNIN WAI | D43: 神戸国際大学 | E43: 経済学部 経済経営学科 | F43: 合格 | G43: 45942 | H43: 45965 | I43: 0 | J43: ○ | K43: 2404017○ | L43: ○
A44: 2404018 | B44: 2-2 | C44: MAY PHOO THIT | D44: 大阪モード学園 | E44: 昼間部ファッションデザイン学科 | F44: 合格 | G44: 45888 | H44: 45957 | I44: 0 | J44: ○ | K44: 2404018○ | L44: ○
A45: 2404020 | B45: 2-2 | C45: SAI KWAN PHA | D45: ECC国際外語専門学校 | E45: 大学進学コース | F45: 合格 | G45: 45990 | H45: 45992 | I45: 0 | J45: ○ | K45: 2404020○ | L45: ○
A46: 2404023 | B46: 2-2 | C46: LAE YI HTUN | D46: 修成建設専門学校 | E46: 工業専門課程 第1本科(昼) 建築学科 | F46: 合格 | G46: 45955 | H46: 45959 | I46: 0 | J46: ○ | K46: 2404023○ | L46: ○
A47: 2404024 | B47: 2-2 | C47: KHAY MON CHAN | D47: ECC国際外語専門学校 | E47: グローバルビジネスコース | F47: 不合格 | G47: 45969 | H47: 45978 | I47: 0 | J47: 0 | K47: 2404024
A48: 2404024 | B48: 2-2 | C48: KHAY MON CHAN | D48: 0 | E48: 特定活動 | F48: 進学以外 | G48: 0 | H48: 0 | I48: 特定活動 | J48: 0 | K48: 2404024
A49: 2404026 | B49: 2-2 | C49: YE MIN HTET | D49: 神戸国際大学 | E49: 経済学部 国際文化ビジネス・観光学科 | F49: 辞退 | G49: 46005 | H49: 46016 | I49: 0 | J49: 0 | K49: 2404026 | L49: ○
A50: 2404026 | B50: 2-2 | C50: YE MIN HTET | D50: 神戸松蔭大学 | E50: (指定校推薦)グローバルコミュニケーション学科 | F50: 合格 | G50: 46056 | H50: 46069 | I50: 0 | J50: ○ | K50: 2404026○ | L50: ○
A51: 2404029 | B51: 2-2 | C51: KAY ZIN OO | D51: ECC国際外語専門学校 | E51: グローバルビジネスコース | F51: 合格 | G51: 45969 | H51: 45992 | I51: 0 | J51: ○ | K51: 2404029○ | L51: ○
A52: 2404030 | B52: 2-2 | C52: MYAT PWINT WAI | D52: 中央工学校 | E52: 0 | F52: 合格 | G52: 46001 | H52: 46001 | I52: 0 | J52: ○ | K52: 2404030○ | L52: ○
A53: 2404049 | B53: 2-2 | C53: SAI KHANT SITHU | D53: 大阪モード学園 | E53: インテリア学科 | F53: 合格 | G53: 45888 | H53: 45957 | I53: 0 | J53: ○ | K53: 2404049○ | L53: ○
A54: 2404110 | B54: 2-2 | C54: MD. JONAYET | D54: 早稲田文理専門学校 | E54: AIデザイン学科 | F54: 合格 | G54: 45966 | H54: 45973 | I54: 0 | J54: ○ | K54: 2404110○ | L54: ○
A55: 2404110 | B55: 2-2 | C55: MD. JONAYET | D55: 中央情報専門学校 | E55: IT・WEB学科 | F55: 辞退 | G55: 0 | H55: 0 | I55: 0 | J55: 0 | K55: 2404110 | L55: ○
A56: 2404165 | B56: 2-2 | C56: GIRI TAPENDRA RAJ | D56: エール学園 | E56: 国際ビジネス学科 | F56: 辞退 | G56: 0 | H56: 0 | I56: 0 | J56: 0 | K56: 2404165 | L56: ○
A57: 2404165 | B57: 2-2 | C57: GIRI TAPENDRA RAJ | D57: 柏木実業専門学校 | E57: 情報ビジネス科 | F57: 合格 | G57: 45954 | H57: 45965 | I57: 0 | J57: ○ | K57: 2404165○ | L57: ○
A58: 2407029 | B58: 2-2 | C58: EI EI THEIN | D58: 東京国際ビジネスカレッジ神戸校 | E58: キャリアデザインコース | F58: 不合格 | G58: 45997 | H58: 46003 | I58: 0 | J58: 0 | K58: 2407029 | L58: ○
A59: 2407029 | B59: 2-2 | C59: EI EI THEIN | D59: 0 | E59: 0 | F59: 進学以外 | G59: 0 | H59: 0 | I59: 特定活動 | J59: ○ | K59: 2407029○ | L59: ○
A60: 2407068 | B60: 2-2 | C60: TAMANG NIKITA | D60: 流通経済大学 | E60: 流通情報学部 流通情報学科 | F60: 合格 | G60: 45969 | H60: 45974 | I60: 0 | J60: ○ | K60: 2407068○ | L60: ○
A61: 2407070 | B61: 2-2 | C61: TAMANG ALISHA | D61: 日本経済大学渋谷校 | E61: 経営学部 経営学科 | F61: 辞退 | G61: 0 | H61: 0 | I61: 0 | J61: 0 | K61: 2407070 | L61: ○
A62: 2407070 | B62: 2-2 | C62: TAMANG ALISHA | D62: 東京テクニカルカレッジ | E62: ブリッジエンジニア科 | F62: 合格 | G62: 45973 | H62: 45986 | I62: 0 | J62: ○ | K62: 2407070○ | L62: ○
A63: 2407077 | B63: 2-2 | C63: SHRESTHA BHUWAN | D63: 東京国際ビジネスカレッジ神戸校 | E63: 国際コミュニケーション学科キャリアデザインコース | F63: 合格 | G63: 45934 | H63: 45938 | I63: 0 | J63: ○ | K63: 2407077○ | L63: ○
A64: 2501002 | B64: 2-2 | C64: NWAY KHET KHET PAN | D64: 0 | E64: 特定活動 | F64: 進学以外 | G64: 0 | H64: 0 | I64: 特定活動 | J64: ○ | K64: 2501002○ | L64: ○
A65: 2501002 | B65: 2-2 | C65: NWAY KHET KHET PAN | D65: 大阪観光大学 | E65: 0 | F65: 辞退 | G65: 46054 | H65: 46059 | I65: 0 | J65: 0 | K65: 2501002 | L65: ○
A66: 2501002 | B66: 2-2 | C66: NWAY KHET KHET PAN | D66: 流通科学大学 | E66: 人間社会学部観光学科 | F66: 辞退 | G66: 45691 | H66: 45705 | I66: 0 | J66: 0 | K66: 2501002 | L66: ○
A67: 2501002 | B67: 2-2 | C67: NWAY KHET KHET PAN | D67: 国際外語・観光・エアライン専門学校 | E67: 0 | F67: 辞退 | G67: 0 | H67: 0 | I67: 0 | J67: 0 | K67: 2501002 | L67: ○
A68: 2404019 | B68: 2-3 | C68: MIN THIHA | D68: 岩谷学園よこはまITビジネス専門学校 | E68: 進学コース | F68: 合格 | G68: 45989 | H68: 45995 | I68: 0 | J68: ○ | K68: 2404019○ | L68: ○
A69: 2404044 | B69: 2-3 | C69: THURA LINN | D69: ECC国際外語専門学校 | E69: 大学進学コース不合格、進学準備コース合格 | F69: 合格 | G69: 45976 | H69: 45980 | I69: 0 | J69: ○ | K69: 2404044○ | L69: ○
A70: 2404048 | B70: 2-3 | C70: MIN HTET PAING | D70: 0 | E70: 特定技能試験不合格、特定活動へ変更 | F70: 進学以外 | G70: 0 | H70: 0 | I70: 特定活動 | J70: 0 | K70: 2404048
A71: 2404062 | B71: 2-3 | C71: HOSSAIN MD YEASIN | D71: エール学園 | E71: デュアルビジネスコースエール学園 | F71: 不合格 | G71: 45969 | H71: 45975 | I71: 0 | J71: 0 | K71: 2404062
A72: 2404062 | B72: 2-3 | C72: HOSSAIN MD YEASIN | D72: 日本コンピュータ専門学校 | E72: ＩＴスペシャリスト科 学校推薦 | F72: 不合格 | G72: 45996 | H72: 46002 | I72: 0 | J72: 0 | K72: 2404062
A73: 2404062 | B73: 2-3 | C73: HOSSAIN MD YEASIN | D73: 九州ビジネス専門学校 | E73: 総合日本語 | F73: 合格 | G73: 45996 | H73: 46001 | I73: 0 | J73: 0 | K73: 2404062
A74: 2404062 | B74: 2-3 | C74: HOSSAIN MD YEASIN | D74: 0 | E74: 就職希望 | F74: 進学以外 | G74: 0 | H74: 46087 | I74: 就職 | J74: 0 | K74: 2404062
A75: 2404075 | B75: 2-3 | C75: MD. RAKEBUL ISLAM RONY | D75: 神戸親和大学 | E75: 国際文化学科、協定校推薦 | F75: 合格 | G75: 45997 | H75: 46004 | I75: 0 | J75: ○ | K75: 2404075○ | L75: ○
A76: 2404080 | B76: 2-3 | C76: HASAN MD MEHEDI | D76: CAD製図専門学校 | E76: CADデザイン科 | F76: 合格 | G76: 45857 | H76: 45866 | I76: 0 | J76: ○ | K76: 2404080○ | L76: ○
A77: 2404087 | B77: 2-3 | C77: ABDUL KAIUM NAEEM | D77: 中央情報専門学校 | E77: IT Web学科 | F77: 不合格 | G77: 45866 | H77: 45874 | I77: 0 | J77: 0 | K77: 2404087 | L77: ○
A78: 2404087 | B78: 2-3 | C78: ABDUL KAIUM NAEEM | D78: 日商簿記三鷹福祉専門学校 | E78: 情報ビジネス学科 | F78: 合格 | G78: 45929 | H78: 45940 | I78: 0 | J78: ○ | K78: 2404087○ | L78: ○
A79: 2404102 | B79: 2-3 | C79: SHAMIM HOSSAIN | D79: CAD製図専門学校 | E79: CAD IT科 | F79: 合格 | G79: 45864 | H79: 45870 | I79: 0 | J79: ○ | K79: 2404102○ | L79: ○
A80: 2404129 | B80: 2-3 | C80: AHMED MD JUBAYER | D80: 関東工業自動車大学校 | E80: 国際サービスエンジニア科 | F80: 不合格 | G80: 45854 | H80: 45869 | I80: 0 | J80: 0 | K80: 2404129 | L80: ○
A81: 2404129 | B81: 2-3 | C81: AHMED MD JUBAYER | D81: 関東工業自動車大学校 | E81: 国際サービスエンジニア科 | F81: 不合格 | G81: 45910 | H81: 45930 | I81: 0 | J81: 0 | K81: 2404129 | L81: ○
A82: 2404129 | B82: 2-3 | C82: AHMED MD JUBAYER | D82: 東京工科自動車大学校 | E82: 自動車整備科 | F82: 不合格 | G82: 45938 | H82: 45954 | I82: 0 | J82: 0 | K82: 2404129 | L82: ○
A83: 2404129 | B83: 2-3 | C83: AHMED MD JUBAYER | D83: 中部国際自動車大学校 | E83: 自動車整備科2級整備士コース | F83: 合格 | G83: 45943 | H83: 45950 | I83: 0 | J83: ○ | K83: 2404129○ | L83: ○
A84: 2404133 | B84: 2-3 | C84: SHRESTHA YAM KUMAR | D84: 専門学校アートカレッジ神戸 | E84: 観光学科 | F84: 合格 | G84: 45856 | H84: 45860 | I84: 0 | J84: ○ | K84: 2404133○ | L84: ○
A85: 2404134 | B85: 2-3 | C85: UPAHAR SEDAI | D85: 専門学校アートカレッジ神戸 | E85: 国際コミュニケーション学科ビジネスマネジメントコース | F85: 合格 | G85: 45863 | H85: 45875 | I85: 0 | J85: ○ | K85: 2404134○ | L85: ○
A86: 2404139 | B86: 2-3 | C86: DURGA BAHADUR DARAI | D86: 関西国際旅行・ホテル専門学校 | E86: ホテル学科 | F86: 合格 | G86: 45838 | H86: 45849 | I86: 0 | J86: ○ | K86: 2404139○ | L86: ○
A87: 2404140 | B87: 2-3 | C87: SUSMA TAMANG | D87: 神戸親和大学 | E87: 国際文化学科、協定校推薦 | F87: 合格 | G87: 45997 | H87: 46004 | I87: 0 | J87: ○ | K87: 2404140○ | L87: ○
A88: 2404146 | B88: 2-3 | C88: RUPESH LAMICHHANE | D88: 神戸親和大学 | E88: 国際文化学科、協定校推薦 | F88: 合格 | G88: 45997 | H88: 46004 | I88: 0 | J88: ○ | K88: 2404146○ | L88: ○
A89: 2404148 | B89: 2-3 | C89: BISHNU PRASAD BHANDARI | D89: 日本理工情報専門学校 | E89: 自動車整備科 | F89: 不合格 | G89: 45927 | H89: 45929 | I89: 0 | J89: 0 | K89: 2404148 | L89: ○
A90: 2404148 | B90: 2-3 | C90: BISHNU PRASAD BHANDARI | D90: 専門学校花壇自動車大学校 | E90: 自動車科 | F90: 合格 | G90: 45958 | H90: 45966 | I90: 0 | J90: ○ | K90: 2404148○ | L90: ○
A91: 2404149 | B91: 2-3 | C91: GITA KUMARI RANA | D91: 専門学校アートカレッジ神戸 | E91: 国際コミュニケーション学科ビジネスマネジメントコース | F91: 合格 | G91: 45856 | H91: 45860 | I91: 0 | J91: ○ | K91: 2404149○ | L91: ○
A92: 2404154 | B92: 2-3 | C92: AADITYA KUMAR CHAUDHARY | D92: トヨタ神戸自動車大学校 | E92: 国際自動車整備科 | F92: 不合格 | G92: 45927 | H92: 45933 | I92: 0 | J92: 0 | K92: 2404154 | L92: ○
A93: 2404154 | B93: 2-3 | C93: AADITYA KUMAR CHAUDHARY | D93: 専門学校花壇自動車大学校 | E93: 自動車科 | F93: 合格 | G93: 45958 | H93: 45966 | I93: 0 | J93: ○ | K93: 2404154○ | L93: ○
A94: 2404155 | B94: 2-3 | C94: BUDDHI BAHADUR BUDHATHOKI | D94: イーストウエスト外国語専門学校 | E94: 国際ビジネス学科 | F94: 合格 | G94: 45932 | H94: 45938 | I94: 0 | J94: ○ | K94: 2404155○ | L94: ○
A95: 2404158 | B95: 2-3 | C95: DAHAL MANISHA | D95: 専門学校アートカレッジ神戸 | E95: 国際コミュニケーション学科ビジネスマネジメントコース | F95: 合格 | G95: 45856 | H95: 45860 | I95: 0 | J95: ○ | K95: 2404158○ | L95: ○
A96: 2404177 | B96: 2-3 | C96: KHADKA SARASWOTI | D96: 流通科学大学 | E96: 経済学部経済情報学科 | F96: 合格 | G96: 45948 | H96: 45965 | I96: 0 | J96: ○ | K96: 2404177○ | L96: ○
A97: 2404177 | B97: 2-3 | C97: KHADKA SARASWOTI | D97: 京都コンピュータ学院 | E97: 情報処理科国際ビジネスＩＴコース | F97: 辞退 | G97: 45965 | H97: 45975 | I97: 0 | J97: 0 | K97: 2404177 | L97: ○
A98: 2404081 | B98: 2-4 | C98: AL-AMIN-AL-SADI | D98: 関西国際大学 | E98: 0 | F98: 合格 | G98: 45991 | H98: 46000 | I98: 0 | J98: ○ | K98: 2404081○ | L98: ○
A99: 2404091 | B99: 2-4 | C99: SHIHAB MOTIUR RAHMAN | D99: 大阪電子専門学校 | E99: 0 | F99: 合格 | G99: 45995 | H99: 46002 | I99: 0 | J99: ○ | K99: 2404091○ | L99: ○
A100: 2404159 | B100: 2-4 | C100: RABIN THAPALIYA | D100: 岩谷学園よこはまITビジネス専門学校 | E100: 0 | F100: 合格 | G100: 0 | H100: 45938 | I100: 0 | J100: ○ | K100: 2404159○ | L100: ○
A101: 2404182 | B101: 2-4 | C101: NABID TANJIM | D101: 流通科学大学 | E101: 0 | F101: 合格 | G101: 45948 | H101: 0 | I101: 0 | J101: ○ | K101: 2404182○ | L101: ○
A102: 2407003 | B102: 2-4 | C102: 劉 暁聡 | D102: 大阪医専 | E102: 歯科衛生科 | F102: 不合格 | G102: 0 | H102: 0 | I102: 0 | J102: 0 | K102: 2407003 | L102: ○
...

Sheet 学生別進路確定閲覧シート
A1: =進路状況入力シート!A1 -> 卒業予定人数：240名
A2: =進路状況入力シート!A2 -> 進学確定人数：216／217名（99.5%)
A3: =進路状況入力シート!A3 -> 進学以外の人数：23名
K5: 45991 | L5: 46022 | M5: 46053 | N5: 46081 | O5: 46112
A6: 学籍番号 | B6: クラス | C6: 名前 | D6: 進学確定 | E6: 進路確定 | F6: 進路確定フラグ | G6: 進学希望フラグ | H6: 合格校 | I6: 安心度 | J6: 合格時期 | K6: 11月末時点合格 | L6: 12月末時点合格 | M6: 1月末時点合格 | N6: 2月末時点合格 | O6: 3月末時点合格 | P6: 4月末時点合格
A7: 2404012 | B7: =VLOOKUP(T_学生別進路[[#This Row],[学籍番号]],進路状況入力シート!A:B,2,FALSE) -> 2-1 | C7: =VLOOKUP(T_学生別進路[[#This Row],[学籍番号]],進路状況入力シート!A:C,3,FALSE) -> KAUNG KHANT KYAW | D7: =IF(AND(T_学生別進路[[#This Row],[進路確定]]="○",T_学生別進路[[#This Row],[進学希望フラグ]]=1),"○","") | E7: =_xlfn.IFNA(RIGHT(VLOOKUP(T_学生別進路[[#This Row],[学籍番号]]&"○",進路状況入力シート!K:K,1,FALSE),1),"") | F7: =IF(T_学生別進路[[#This Row],[進学希望フラグ]]=0,"",IF(T_学生別進路[[#This Row],[進路確定]]="○",1,0)) | G7: =IF( AND( COUNTIFS(T_進路入力[学籍番号],T_学生別進路[[#This Row],[学籍番号]], T_進路入力[状況],"進学以外")>0, COUNTIFS(T_進路入力[学籍番号],T_学生別進路[[#This Row],[学籍番号]], T_進路入力[状況],"<>進学以外")>0 ), 0, IF(VLOOKUP(T_学生別進路[[#This Row],[学籍番号]],T_進路入力[],6,FALSE)="進学以外",0,1) ) -> 0 | H7: =_xlfn.XLOOKUP(T_学生別進路[[#This Row],[学籍番号]]&"○",進路状況入力シート!K:K,進路状況入力シート!D:D,"",0,1) | K7: =IF(T_学生別進路[[#This Row],[合格時期]]="",0,IF(T_学生別進路[[#This Row],[合格時期]]<K$5,1,0)) -> 0 | L7: =IF(T_学生別進路[[#This Row],[合格時期]]="",0,IF(T_学生別進路[[#This Row],[合格時期]]<L$5,1,0)) -> 0 | M7: =IF(T_学生別進路[[#This Row],[合格時期]]="",0,IF(T_学生別進路[[#This Row],[合格時期]]<M$5,1,0)) -> 0 | N7: =IF(T_学生別進路[[#This Row],[合格時期]]="",0,IF(T_学生別進路[[#This Row],[合格時期]]<N$5,1,0)) -> 0 | O7: =IF(T_学生別進路[[#This Row],[合格時期]]="",0,IF(T_学生別進路[[#This Row],[合格時期]]<O$5,1,0)) -> 0 | P7: 5/24期限
A8: 2404021 | B8: =VLOOKUP(T_学生別進路[[#This Row],[学籍番号]],進路状況入力シート!A:B,2,FALSE) -> 2-1 | C8: =VLOOKUP(T_学生別進路[[#This Row],[学籍番号]],進路状況入力シート!A:C,3,FALSE) -> NANG PHWAY WADI OO | D8: =IF(AND(T_学生別進路[[#This Row],[進路確定]]="○",T_学生別進路[[#This Row],[進学希望フラグ]]=1),"○","") -> ○ | E8: =_xlfn.IFNA(RIGHT(VLOOKUP(T_学生別進路[[#This Row],[学籍番号]]&"○",進路状況入力シート!K:K,1,FALSE),1),"") -> ○ | F8: =IF(T_学生別進路[[#This Row],[進学希望フラグ]]=0,"",IF(T_学生別進路[[#This Row],[進路確定]]="○",1,0)) -> 1 | G8: =IF( AND( COUNTIFS(T_進路入力[学籍番号],T_学生別進路[[#This Row],[学籍番号]], T_進路入力[状況],"進学以外")>0, COUNTIFS(T_進路入力[学籍番号],T_学生別進路[[#This Row],[学籍番号]], T_進路入力[状況],"<>進学以外")>0 ), 0, IF(VLOOKUP(T_学生別進路[[#This Row],[学籍番号]],T_進路入力[],6,FALSE)="進学以外",0,1) ) -> 1 | H8: =_xlfn.XLOOKUP(T_学生別進路[[#This Row],[学籍番号]]&"○",進路状況入力シート!K:K,進路状況入力シート!D:D,"",0,1) -> 大阪モード学園 | I8: B | J8: 45962 | K8: =IF(T_学生別進路[[#This Row],[合格時期]]="",0,IF(T_学生別進路[[#This Row],[合格時期]]<K$5,1,0)) -> 1 | L8: =IF(T_学生別進路[[#This Row],[合格時期]]="",0,IF(T_学生別進路[[#This Row],[合格時期]]<L$5,1,0)) -> 1 | M8: =IF(T_学生別進路[[#This Row],[合格時期]]="",0,IF(T_学生別進路[[#This Row],[合格時期]]<M$5,1,0)) -> 1 | N8: =IF(T_学生別進路[[#This Row],[合格時期]]="",0,IF(T_学生別進路[[#This Row],[合格時期]]<N$5,1,0)) -> 1 | O8: =IF(T_学生別進路[[#This Row],[合格時期]]="",0,IF(T_学生別進路[[#This Row],[合格時期]]<O$5,1,0)) -> 1
A9: 2404022 | B9: =VLOOKUP(T_学生別進路[[#This Row],[学籍番号]],進路状況入力シート!A:B,2,FALSE) -> 2-1 | C9: =VLOOKUP(T_学生別進路[[#This Row],[学籍番号]],進路状況入力シート!A:C,3,FALSE) -> THIRI MAY | D9: =IF(AND(T_学生別進路[[#This Row],[進路確定]]="○",T_学生別進路[[#This Row],[進学希望フラグ]]=1),"○","") -> ○ | E9: =_xlfn.IFNA(RIGHT(VLOOKUP(T_学生別進路[[#This Row],[学籍番号]]&"○",進路状況入力シート!K:K,1,FALSE),1),"") -> ○ | F9: =IF(T_学生別進路[[#This Row],[進学希望フラグ]]=0,"",IF(T_学生別進路[[#This Row],[進路確定]]="○",1,0)) -> 1 | G9: =IF( AND( COUNTIFS(T_進路入力[学籍番号],T_学生別進路[[#This Row],[学籍番号]], T_進路入力[状況],"進学以外")>0, COUNTIFS(T_進路入力[学籍番号],T_学生別進路[[#This Row],[学籍番号]], T_進路入力[状況],"<>進学以外")>0 ), 0, IF(VLOOKUP(T_学生別進路[[#This Row],[学籍番号]],T_進路入力[],6,FALSE)="進学以外",0,1) ) -> 1 | H9: =_xlfn.XLOOKUP(T_学生別進路[[#This Row],[学籍番号]]&"○",進路状況入力シート!K:K,進路状況入力シート!D:D,"",0,1) -> 神戸松蔭大学 | I9: A | J9: 45992 | K9: =IF(T_学生別進路[[#This Row],[合格時期]]="",0,IF(T_学生別進路[[#This Row],[合格時期]]<K$5,1,0)) -> 0 | L9: =IF(T_学生別進路[[#This Row],[合格時期]]="",0,IF(T_学生別進路[[#This Row],[合格時期]]<L$5,1,0)) -> 1 | M9: =IF(T_学生別進路[[#This Row],[合格時期]]="",0,IF(T_学生別進路[[#This Row],[合格時期]]<M$5,1,0)) -> 1 | N9: =IF(T_学生別進路[[#This Row],[合格時期]]="",0,IF(T_学生別進路[[#This Row],[合格時期]]<N$5,1,0)) -> 1 | O9: =IF(T_学生別進路[[#This Row],[合格時期]]="",0,IF(T_学生別進路[[#This Row],[合格時期]]<O$5,1,0)) -> 1
A10: 2404025 | B10: =VLOOKUP(T_学生別進路[[#This Row],[学籍番号]],進路状況入力シート!A:B,2,FALSE) -> 2-1 | C10: =VLOOKUP(T_学生別進路[[#This Row],[学籍番号]],進路状況入力シート!A:C,3,FALSE) -> MIN THIHA | D10: =IF(AND(T_学生別進路[[#This Row],[進路確定]]="○",T_学生別進路[[#This Row],[進学希望フラグ]]=1),"○","") -> ○ | E10: =_xlfn.IFNA(RIGHT(VLOOKUP(T_学生別進路[[#This Row],[学籍番号]]&"○",進路状況入力シート!K:K,1,FALSE),1),"") -> ○ | F10: =IF(T_学生別進路[[#This Row],[進学希望フラグ]]=0,"",IF(T_学生別進路[[#This Row],[進路確定]]="○",1,0)) -> 1 | G10: =IF( AND( COUNTIFS(T_進路入力[学籍番号],T_学生別進路[[#This Row],[学籍番号]], T_進路入力[状況],"進学以外")>0, COUNTIFS(T_進路入力[学籍番号],T_学生別進路[[#This Row],[学籍番号]], T_進路入力[状況],"<>進学以外")>0 ), 0, IF(VLOOKUP(T_学生別進路[[#This Row],[学籍番号]],T_進路入力[],6,FALSE)="進学以外",0,1) ) -> 1 | H10: =_xlfn.XLOOKUP(T_学生別進路[[#This Row],[学籍番号]]&"○",進路状況入力シート!K:K,進路状況入力シート!D:D,"",0,1) -> 大阪産業大学 | I10: B | J10: 45992 | K10: =IF(T_学生別進路[[#This Row],[合格時期]]="",0,IF(T_学生別進路[[#This Row],[合格時期]]<K$5,1,0)) -> 0 | L10: =IF(T_学生別進路[[#This Row],[合格時期]]="",0,IF(T_学生別進路[[#This Row],[合格時期]]<L$5,1,0)) -> 1 | M10: =IF(T_学生別進路[[#This Row],[合格時期]]="",0,IF(T_学生別進路[[#This Row],[合格時期]]<M$5,1,0)) -> 1 | N10: =IF(T_学生別進路[[#This Row],[合格時期]]="",0,IF(T_学生別進路[[#This Row],[合格時期]]<N$5,1,0)) -> 1 | O10: =IF(T_学生別進路[[#This Row],[合格時期]]="",0,IF(T_学生別進路[[#This Row],[合格時期]]<O$5,1,0)) -> 1
A11: 2404027 | B11: =VLOOKUP(T_学生別進路[[#This Row],[学籍番号]],進路状況入力シート!A:B,2,FALSE) -> 2-1 | C11: =VLOOKUP(T_学生別進路[[#This Row],[学籍番号]],進路状況入力シート!A:C,3,FALSE) -> PHYO SI THU | D11: =IF(AND(T_学生別進路[[#This Row],[進路確定]]="○",T_学生別進路[[#This Row],[進学希望フラグ]]=1),"○","") -> ○ | E11: =_xlfn.IFNA(RIGHT(VLOOKUP(T_学生別進路[[#This Row],[学籍番号]]&"○",進路状況入力シート!K:K,1,FALSE),1),"") -> ○ | F11: =IF(T_学生別進路[[#This Row],[進学希望フラグ]]=0,"",IF(T_学生別進路[[#This Row],[進路確定]]="○",1,0)) -> 1 | G11: =IF( AND( COUNTIFS(T_進路入力[学籍番号],T_学生別進路[[#This Row],[学籍番号]], T_進路入力[状況],"進学以外")>0, COUNTIFS(T_進路入力[学籍番号],T_学生別進路[[#This Row],[学籍番号]], T_進路入力[状況],"<>進学以外")>0 ), 0, IF(VLOOKUP(T_学生別進路[[#This Row],[学籍番号]],T_進路入力[],6,FALSE)="進学以外",0,1) ) -> 1 | H11: =_xlfn.XLOOKUP(T_学生別進路[[#This Row],[学籍番号]]&"○",進路状況入力シート!K:K,進路状況入力シート!D:D,"",0,1) -> 東京テクニカルカレッジ | I11: A | J11: 45962 | K11: =IF(T_学生別進路[[#This Row],[合格時期]]="",0,IF(T_学生別進路[[#This Row],[合格時期]]<K$5,1,0)) -> 1 | L11: =IF(T_学生別進路[[#This Row],[合格時期]]="",0,IF(T_学生別進路[[#This Row],[合格時期]]<L$5,1,0)) -> 1 | M11: =IF(T_学生別進路[[#This Row],[合格時期]]="",0,IF(T_学生別進路[[#This Row],[合格時期]]<M$5,1,0)) -> 1 | N11: =IF(T_学生別進路[[#This Row],[合格時期]]="",0,IF(T_学生別進路[[#This Row],[合格時期]]<N$5,1,0)) -> 1 | O11: =IF(T_学生別進路[[#This Row],[合格時期]]="",0,IF(T_学生別進路[[#This Row],[合格時期]]<O$5,1,0)) -> 1
A12: 2404031 | B12: =VLOOKUP(T_学生別進路[[#This Row],[学籍番号]],進路状況入力シート!A:B,2,FALSE) -> 2-1 | C12: =VLOOKUP(T_学生別進路[[#This Row],[学籍番号]],進路状況入力シート!A:C,3,FALSE) -> NWAY NWAY TUN | D12: =IF(AND(T_学生別進路[[#This Row],[進路確定]]="○",T_学生別進路[[#This Row],[進学希望フラグ]]=1),"○","") -> ○ | E12: =_xlfn.IFNA(RIGHT(VLOOKUP(T_学生別進路[[#This Row],[学籍番号]]&"○",進路状況入力シート!K:K,1,FALSE),1),"") -> ○ | F12: =IF(T_学生別進路[[#This Row],[進学希望フラグ]]=0,"",IF(T_学生別進路[[#This Row],[進路確定]]="○",1,0)) -> 1 | G12: =IF( AND( COUNTIFS(T_進路入力[学籍番号],T_学生別進路[[#This Row],[学籍番号]], T_進路入力[状況],"進学以外")>0, COUNTIFS(T_進路入力[学籍番号],T_学生別進路[[#This Row],[学籍番号]], T_進路入力[状況],"<>進学以外")>0 ), 0, IF(VLOOKUP(T_学生別進路[[#This Row],[学籍番号]],T_進路入力[],6,FALSE)="進学以外",0,1) ) -> 1 | H12: =_xlfn.XLOOKUP(T_学生別進路[[#This Row],[学籍番号]]&"○",進路状況入力シート!K:K,進路状況入力シート!D:D,"",0,1) -> 東京テクニカルカレッジ | J12: 45931 | K12: =IF(T_学生別進路[[#This Row],[合格時期]]="",0,IF(T_学生別進路[[#This Row],[合格時期]]<K$5,1,0)) -> 1 | L12: =IF(T_学生別進路[[#This Row],[合格時期]]="",0,IF(T_学生別進路[[#This Row],[合格時期]]<L$5,1,0)) -> 1 | M12: =IF(T_学生別進路[[#This Row],[合格時期]]="",0,IF(T_学生別進路[[#This Row],[合格時期]]<M$5,1,0)) -> 1 | N12: =IF(T_学生別進路[[#This Row],[合格時期]]="",0,IF(T_学生別進路[[#This Row],[合格時期]]<N$5,1,0)) -> 1 | O12: =IF(T_学生別進路[[#This Row],[合格時期]]="",0,IF(T_学生別進路[[#This Row],[合格時期]]<O$5,1,0)) -> 1
A13: 2404042 | B13: =VLOOKUP(T_学生別進路[[#This Row],[学籍番号]],進路状況入力シート!A:B,2,FALSE) -> 2-1 | C13: =VLOOKUP(T_学生別進路[[#This Row],[学籍番号]],進路状況入力シート!A:C,3,FALSE) -> PHU PHU MYAT THU | D13: =IF(AND(T_学生別進路[[#This Row],[進路確定]]="○",T_学生別進路[[#This Row],[進学希望フラグ]]=1),"○","") -> ○ | E13: =_xlfn.IFNA(RIGHT(VLOOKUP(T_学生別進路[[#This Row],[学籍番号]]&"○",進路状況入力シート!K:K,1,FALSE),1),"") -> ○ | F13: =IF(T_学生別進路[[#This Row],[進学希望フラグ]]=0,"",IF(T_学生別進路[[#This Row],[進路確定]]="○",1,0)) -> 1 | G13: =IF( AND( COUNTIFS(T_進路入力[学籍番号],T_学生別進路[[#This Row],[学籍番号]], T_進路入力[状況],"進学以外")>0, COUNTIFS(T_進路入力[学籍番号],T_学生別進路[[#This Row],[学籍番号]], T_進路入力[状況],"<>進学以外")>0 ), 0, IF(VLOOKUP(T_学生別進路[[#This Row],[学籍番号]],T_進路入力[],6,FALSE)="進学以外",0,1) ) -> 1 | H13: =_xlfn.XLOOKUP(T_学生別進路[[#This Row],[学籍番号]]&"○",進路状況入力シート!K:K,進路状況入力シート!D:D,"",0,1) -> ECC国際外語専門学校 | I13: A | J13: 45992 | K13: =IF(T_学生別進路[[#This Row],[合格時期]]="",0,IF(T_学生別進路[[#This Row],[合格時期]]<K$5,1,0)) -> 0 | L13: =IF(T_学生別進路[[#This Row],[合格時期]]="",0,IF(T_学生別進路[[#This Row],[合格時期]]<L$5,1,0)) -> 1 | M13: =IF(T_学生別進路[[#This Row],[合格時期]]="",0,IF(T_学生別進路[[#This Row],[合格時期]]<M$5,1,0)) -> 1 | N13: =IF(T_学生別進路[[#This Row],[合格時期]]="",0,IF(T_学生別進路[[#This Row],[合格時期]]<N$5,1,0)) -> 1 | O13: =IF(T_学生別進路[[#This Row],[合格時期]]="",0,IF(T_学生別進路[[#This Row],[合格時期]]<O$5,1,0)) -> 1
A14: 2404043 | B14: =VLOOKUP(T_学生別進路[[#This Row],[学籍番号]],進路状況入力シート!A:B,2,FALSE) -> 2-1 | C14: =VLOOKUP(T_学生別進路[[#This Row],[学籍番号]],進路状況入力シート!A:C,3,FALSE) -> RITA HLA MOE | D14: =IF(AND(T_学生別進路[[#This Row],[進路確定]]="○",T_学生別進路[[#This Row],[進学希望フラグ]]=1),"○","") -> ○ | E14: =_xlfn.IFNA(RIGHT(VLOOKUP(T_学生別進路[[#This Row],[学籍番号]]&"○",進路状況入力シート!K:K,1,FALSE),1),"") -> ○ | F14: =IF(T_学生別進路[[#This Row],[進学希望フラグ]]=0,"",IF(T_学生別進路[[#This Row],[進路確定]]="○",1,0)) -> 1 | G14: =IF( AND( COUNTIFS(T_進路入力[学籍番号],T_学生別進路[[#This Row],[学籍番号]], T_進路入力[状況],"進学以外")>0, COUNTIFS(T_進路入力[学籍番号],T_学生別進路[[#This Row],[学籍番号]], T_進路入力[状況],"<>進学以外")>0 ), 0, IF(VLOOKUP(T_学生別進路[[#This Row],[学籍番号]],T_進路入力[],6,FALSE)="進学以外",0,1) ) -> 1 | H14: =_xlfn.XLOOKUP(T_学生別進路[[#This Row],[学籍番号]]&"○",進路状況入力シート!K:K,進路状況入力シート!D:D,"",0,1) -> 神戸国際大学 | J14: 45962 | K14: =IF(T_学生別進路[[#This Row],[合格時期]]="",0,IF(T_学生別進路[[#This Row],[合格時期]]<K$5,1,0)) -> 1 | L14: =IF(T_学生別進路[[#This Row],[合格時期]]="",0,IF(T_学生別進路[[#This Row],[合格時期]]<L$5,1,0)) -> 1 | M14: =IF(T_学生別進路[[#This Row],[合格時期]]="",0,IF(T_学生別進路[[#This Row],[合格時期]]<M$5,1,0)) -> 1 | N14: =IF(T_学生別進路[[#This Row],[合格時期]]="",0,IF(T_学生別進路[[#This Row],[合格時期]]<N$5,1,0)) -> 1 | O14: =IF(T_学生別進路[[#This Row],[合格時期]]="",0,IF(T_学生別進路[[#This Row],[合格時期]]<O$5,1,0)) -> 1
A15: 2404046 | B15: =VLOOKUP(T_学生別進路[[#This Row],[学籍番号]],進路状況入力シート!A:B,2,FALSE) -> 2-1 | C15: =VLOOKUP(T_学生別進路[[#This Row],[学籍番号]],進路状況入力シート!A:C,3,FALSE) -> KYAL SIN LIN | D15: =IF(AND(T_学生別進路[[#This Row],[進路確定]]="○",T_学生別進路[[#This Row],[進学希望フラグ]]=1),"○","") -> ○ | E15: =_xlfn.IFNA(RIGHT(VLOOKUP(T_学生別進路[[#This Row],[学籍番号]]&"○",進路状況入力シート!K:K,1,FALSE),1),"") -> ○ | F15: =IF(T_学生別進路[[#This Row],[進学希望フラグ]]=0,"",IF(T_学生別進路[[#This Row],[進路確定]]="○",1,0)) -> 1 | G15: =IF( AND( COUNTIFS(T_進路入力[学籍番号],T_学生別進路[[#This Row],[学籍番号]], T_進路入力[状況],"進学以外")>0, COUNTIFS(T_進路入力[学籍番号],T_学生別進路[[#This Row],[学籍番号]], T_進路入力[状況],"<>進学以外")>0 ), 0, IF(VLOOKUP(T_学生別進路[[#This Row],[学籍番号]],T_進路入力[],6,FALSE)="進学以外",0,1) ) -> 1 | H15: =_xlfn.XLOOKUP(T_学生別進路[[#This Row],[学籍番号]]&"○",進路状況入力シート!K:K,進路状況入力シート!D:D,"",0,1) -> ECC国際外語専門学校 | I15: A | J15: 45992 | K15: =IF(T_学生別進路[[#This Row],[合格時期]]="",0,IF(T_学生別進路[[#This Row],[合格時期]]<K$5,1,0)) -> 0 | L15: =IF(T_学生別進路[[#This Row],[合格時期]]="",0,IF(T_学生別進路[[#This Row],[合格時期]]<L$5,1,0)) -> 1 | M15: =IF(T_学生別進路[[#This Row],[合格時期]]="",0,IF(T_学生別進路[[#This Row],[合格時期]]<M$5,1,0)) -> 1 | N15: =IF(T_学生別進路[[#This Row],[合格時期]]="",0,IF(T_学生別進路[[#This Row],[合格時期]]<N$5,1,0)) -> 1 | O15: =IF(T_学生別進路[[#This Row],[合格時期]]="",0,IF(T_学生別進路[[#This Row],[合格時期]]<O$5,1,0)) -> 1
A16: 2404047 | B16: =VLOOKUP(T_学生別進路[[#This Row],[学籍番号]],進路状況入力シート!A:B,2,FALSE) -> 2-1 | C16: =VLOOKUP(T_学生別進路[[#This Row],[学籍番号]],進路状況入力シート!A:C,3,FALSE) -> KHIN YADANAR OO | D16: =IF(AND(T_学生別進路[[#This Row],[進路確定]]="○",T_学生別進路[[#This Row],[進学希望フラグ]]=1),"○","") -> ○ | E16: =_xlfn.IFNA(RIGHT(VLOOKUP(T_学生別進路[[#This Row],[学籍番号]]&"○",進路状況入力シート!K:K,1,FALSE),1),"") -> ○ | F16: =IF(T_学生別進路[[#This Row],[進学希望フラグ]]=0,"",IF(T_学生別進路[[#This Row],[進路確定]]="○",1,0)) -> 1 | G16: =IF( AND( COUNTIFS(T_進路入力[学籍番号],T_学生別進路[[#This Row],[学籍番号]], T_進路入力[状況],"進学以外")>0, COUNTIFS(T_進路入力[学籍番号],T_学生別進路[[#This Row],[学籍番号]], T_進路入力[状況],"<>進学以外")>0 ), 0, IF(VLOOKUP(T_学生別進路[[#This Row],[学籍番号]],T_進路入力[],6,FALSE)="進学以外",0,1) ) -> 1 | H16: =_xlfn.XLOOKUP(T_学生別進路[[#This Row],[学籍番号]]&"○",進路状況入力シート!K:K,進路状況入力シート!D:D,"",0,1) -> エール学園 | I16: A | J16: 45962 | K16: =IF(T_学生別進路[[#This Row],[合格時期]]="",0,IF(T_学生別進路[[#This Row],[合格時期]]<K$5,1,0)) -> 1 | L16: =IF(T_学生別進路[[#This Row],[合格時期]]="",0,IF(T_学生別進路[[#This Row],[合格時期]]<L$5,1,0)) -> 1 | M16: =IF(T_学生別進路[[#This Row],[合格時期]]="",0,IF(T_学生別進路[[#This Row],[合格時期]]<M$5,1,0)) -> 1 | N16: =IF(T_学生別進路[[#This Row],[合格時期]]="",0,IF(T_学生別進路[[#This Row],[合格時期]]<N$5,1,0)) -> 1 | O16: =IF(T_学生別進路[[#This Row],[合格時期]]="",0,IF(T_学生別進路[[#This Row],[合格時期]]<O$5,1,0)) -> 1
A17: 2404050 | B17: =VLOOKUP(T_学生別進路[[#This Row],[学籍番号]],進路状況入力シート!A:B,2,FALSE) -> 2-1 | C17: =VLOOKUP(T_学生別進路[[#This Row],[学籍番号]],進路状況入力シート!A:C,3,FALSE) -> THUTA ZAW | D17: =IF(AND(T_学生別進路[[#This Row],[進路確定]]="○",T_学生別進路[[#This Row],[進学希望フラグ]]=1),"○","") -> ○ | E17: =_xlfn.IFNA(RIGHT(VLOOKUP(T_学生別進路[[#This Row],[学籍番号]]&"○",進路状況入力シート!K:K,1,FALSE),1),"") -> ○ | F17: =IF(T_学生別進路[[#This Row],[進学希望フラグ]]=0,"",IF(T_学生別進路[[#This Row],[進路確定]]="○",1,0)) -> 1 | G17: =IF( AND( COUNTIFS(T_進路入力[学籍番号],T_学生別進路[[#This Row],[学籍番号]], T_進路入力[状況],"進学以外")>0, COUNTIFS(T_進路入力[学籍番号],T_学生別進路[[#This Row],[学籍番号]], T_進路入力[状況],"<>進学以外")>0 ), 0, IF(VLOOKUP(T_学生別進路[[#This Row],[学籍番号]],T_進路入力[],6,FALSE)="進学以外",0,1) ) -> 1 | H17: =_xlfn.XLOOKUP(T_学生別進路[[#This Row],[学籍番号]]&"○",進路状況入力シート!K:K,進路状況入力シート!D:D,"",0,1) -> 東京みらいIT&AI専門学校 | I17: A | J17: 45992 | K17: =IF(T_学生別進路[[#This Row],[合格時期]]="",0,IF(T_学生別進路[[#This Row],[合格時期]]<K$5,1,0)) -> 0 | L17: =IF(T_学生別進路[[#This Row],[合格時期]]="",0,IF(T_学生別進路[[#This Row],[合格時期]]<L$5,1,0)) -> 1 | M17: =IF(T_学生別進路[[#This Row],[合格時期]]="",0,IF(T_学生別進路[[#This Row],[合格時期]]<M$5,1,0)) -> 1 | N17: =IF(T_学生別進路[[#This Row],[合格時期]]="",0,IF(T_学生別進路[[#This Row],[合格時期]]<N$5,1,0)) -> 1 | O17: =IF(T_学生別進路[[#This Row],[合格時期]]="",0,IF(T_学生別進路[[#This Row],[合格時期]]<O$5,1,0)) -> 1
A18: 2404051 | B18: =VLOOKUP(T_学生別進路[[#This Row],[学籍番号]],進路状況入力シート!A:B,2,FALSE) -> 2-1 | C18: =VLOOKUP(T_学生別進路[[#This Row],[学籍番号]],進路状況入力シート!A:C,3,FALSE) -> KAUNG ZIN NYI | D18: =IF(AND(T_学生別進路[[#This Row],[進路確定]]="○",T_学生別進路[[#This Row],[進学希望フラグ]]=1),"○","") -> ○ | E18: =_xlfn.IFNA(RIGHT(VLOOKUP(T_学生別進路[[#This Row],[学籍番号]]&"○",進路状況入力シート!K:K,1,FALSE),1),"") -> ○ | F18: =IF(T_学生別進路[[#This Row],[進学希望フラグ]]=0,"",IF(T_学生別進路[[#This Row],[進路確定]]="○",1,0)) -> 1 | G18: =IF( AND( COUNTIFS(T_進路入力[学籍番号],T_学生別進路[[#This Row],[学籍番号]], T_進路入力[状況],"進学以外")>0, COUNTIFS(T_進路入力[学籍番号],T_学生別進路[[#This Row],[学籍番号]], T_進路入力[状況],"<>進学以外")>0 ), 0, IF(VLOOKUP(T_学生別進路[[#This Row],[学籍番号]],T_進路入力[],6,FALSE)="進学以外",0,1) ) -> 1 | H18: =_xlfn.XLOOKUP(T_学生別進路[[#This Row],[学籍番号]]&"○",進路状況入力シート!K:K,進路状況入力シート!D:D,"",0,1) -> 中央工学校 | I18: A | J18: 45962 | K18: =IF(T_学生別進路[[#This Row],[合格時期]]="",0,IF(T_学生別進路[[#This Row],[合格時期]]<K$5,1,0)) -> 1 | L18: =IF(T_学生別進路[[#This Row],[合格時期]]="",0,IF(T_学生別進路[[#This Row],[合格時期]]<L$5,1,0)) -> 1 | M18: =IF(T_学生別進路[[#This Row],[合格時期]]="",0,IF(T_学生別進路[[#This Row],[合格時期]]<M$5,1,0)) -> 1 | N18: =IF(T_学生別進路[[#This Row],[合格時期]]="",0,IF(T_学生別進路[[#This Row],[合格時期]]<N$5,1,0)) -> 1 | O18: =IF(T_学生別進路[[#This Row],[合格時期]]="",0,IF(T_学生別進路[[#This Row],[合格時期]]<O$5,1,0)) -> 1
A19: 2404058 | B19: =VLOOKUP(T_学生別進路[[#This Row],[学籍番号]],進路状況入力シート!A:B,2,FALSE) -> 2-1 | C19: =VLOOKUP(T_学生別進路[[#This Row],[学籍番号]],進路状況入力シート!A:C,3,FALSE) -> HAN THU SAN | D19: =IF(AND(T_学生別進路[[#This Row],[進路確定]]="○",T_学生別進路[[#This Row],[進学希望フラグ]]=1),"○","") -> ○ | E19: =_xlfn.IFNA(RIGHT(VLOOKUP(T_学生別進路[[#This Row],[学籍番号]]&"○",進路状況入力シート!K:K,1,FALSE),1),"") -> ○ | F19: =IF(T_学生別進路[[#This Row],[進学希望フラグ]]=0,"",IF(T_学生別進路[[#This Row],[進路確定]]="○",1,0)) -> 1 | G19: =IF( AND( COUNTIFS(T_進路入力[学籍番号],T_学生別進路[[#This Row],[学籍番号]], T_進路入力[状況],"進学以外")>0, COUNTIFS(T_進路入力[学籍番号],T_学生別進路[[#This Row],[学籍番号]], T_進路入力[状況],"<>進学以外")>0 ), 0, IF(VLOOKUP(T_学生別進路[[#This Row],[学籍番号]],T_進路入力[],6,FALSE)="進学以外",0,1) ) -> 1 | H19: =_xlfn.XLOOKUP(T_学生別進路[[#This Row],[学籍番号]]&"○",進路状況入力シート!K:K,進路状況入力シート!D:D,"",0,1) -> 大手前大学 | I19: A | J19: 45962 | K19: =IF(T_学生別進路[[#This Row],[合格時期]]="",0,IF(T_学生別進路[[#This Row],[合格時期]]<K$5,1,0)) -> 1 | L19: =IF(T_学生別進路[[#This Row],[合格時期]]="",0,IF(T_学生別進路[[#This Row],[合格時期]]<L$5,1,0)) -> 1 | M19: =IF(T_学生別進路[[#This Row],[合格時期]]="",0,IF(T_学生別進路[[#This Row],[合格時期]]<M$5,1,0)) -> 1 | N19: =IF(T_学生別進路[[#This Row],[合格時期]]="",0,IF(T_学生別進路[[#This Row],[合格時期]]<N$5,1,0)) -> 1 | O19: =IF(T_学生別進路[[#This Row],[合格時期]]="",0,IF(T_学生別進路[[#This Row],[合格時期]]<O$5,1,0)) -> 1
A20: 2404073 | B20: =VLOOKUP(T_学生別進路[[#This Row],[学籍番号]],進路状況入力シート!A:B,2,FALSE) -> 2-1 | C20: =VLOOKUP(T_学生別進路[[#This Row],[学籍番号]],進路状況入力シート!A:C,3,FALSE) -> FAKIR SHAKIB | D20: =IF(AND(T_学生別進路[[#This Row],[進路確定]]="○",T_学生別進路[[#This Row],[進学希望フラグ]]=1),"○","") -> ○ | E20: =_xlfn.IFNA(RIGHT(VLOOKUP(T_学生別進路[[#This Row],[学籍番号]]&"○",進路状況入力シート!K:K,1,FALSE),1),"") -> ○ | F20: =IF(T_学生別進路[[#This Row],[進学希望フラグ]]=0,"",IF(T_学生別進路[[#This Row],[進路確定]]="○",1,0)) -> 1 | G20: =IF( AND( COUNTIFS(T_進路入力[学籍番号],T_学生別進路[[#This Row],[学籍番号]], T_進路入力[状況],"進学以外")>0, COUNTIFS(T_進路入力[学籍番号],T_学生別進路[[#This Row],[学籍番号]], T_進路入力[状況],"<>進学以外")>0 ), 0, IF(VLOOKUP(T_学生別進路[[#This Row],[学籍番号]],T_進路入力[],6,FALSE)="進学以外",0,1) ) -> 1 | H20: =_xlfn.XLOOKUP(T_学生別進路[[#This Row],[学籍番号]]&"○",進路状況入力シート!K:K,進路状況入力シート!D:D,"",0,1) -> 東京国際ビジネスカレッジ神戸校 | I20: A | J20: 45962 | K20: =IF(T_学生別進路[[#This Row],[合格時期]]="",0,IF(T_学生別進路[[#This Row],[合格時期]]<K$5,1,0)) -> 1 | L20: =IF(T_学生別進路[[#This Row],[合格時期]]="",0,IF(T_学生別進路[[#This Row],[合格時期]]<L$5,1,0)) -> 1 | M20: =IF(T_学生別進路[[#This Row],[合格時期]]="",0,IF(T_学生別進路[[#This Row],[合格時期]]<M$5,1,0)) -> 1 | N20: =IF(T_学生別進路[[#This Row],[合格時期]]="",0,IF(T_学生別進路[[#This Row],[合格時期]]<N$5,1,0)) -> 1 | O20: =IF(T_学生別進路[[#This Row],[合格時期]]="",0,IF(T_学生別進路[[#This Row],[合格時期]]<O$5,1,0)) -> 1
A21: 2404084 | B21: =VLOOKUP(T_学生別進路[[#This Row],[学籍番号]],進路状況入力シート!A:B,2,FALSE) -> 2-1 | C21: =VLOOKUP(T_学生別進路[[#This Row],[学籍番号]],進路状況入力シート!A:C,3,FALSE) -> MD. MATIUR RAHMAN | D21: =IF(AND(T_学生別進路[[#This Row],[進路確定]]="○",T_学生別進路[[#This Row],[進学希望フラグ]]=1),"○","") -> ○ | E21: =_xlfn.IFNA(RIGHT(VLOOKUP(T_学生別進路[[#This Row],[学籍番号]]&"○",進路状況入力シート!K:K,1,FALSE),1),"") -> ○ | F21: =IF(T_学生別進路[[#This Row],[進学希望フラグ]]=0,"",IF(T_学生別進路[[#This Row],[進路確定]]="○",1,0)) -> 1 | G21: =IF( AND( COUNTIFS(T_進路入力[学籍番号],T_学生別進路[[#This Row],[学籍番号]], T_進路入力[状況],"進学以外")>0, COUNTIFS(T_進路入力[学籍番号],T_学生別進路[[#This Row],[学籍番号]], T_進路入力[状況],"<>進学以外")>0 ), 0, IF(VLOOKUP(T_学生別進路[[#This Row],[学籍番号]],T_進路入力[],6,FALSE)="進学以外",0,1) ) -> 1 | H21: =_xlfn.XLOOKUP(T_学生別進路[[#This Row],[学籍番号]]&"○",進路状況入力シート!K:K,進路状況入力シート!D:D,"",0,1) -> 流通科学大学 | J21: 45962 | K21: =IF(T_学生別進路[[#This Row],[合格時期]]="",0,IF(T_学生別進路[[#This Row],[合格時期]]<K$5,1,0)) -> 1 | L21: =IF(T_学生別進路[[#This Row],[合格時期]]="",0,IF(T_学生別進路[[#This Row],[合格時期]]<L$5,1,0)) -> 1 | M21: =IF(T_学生別進路[[#This Row],[合格時期]]="",0,IF(T_学生別進路[[#This Row],[合格時期]]<M$5,1,0)) -> 1 | N21: =IF(T_学生別進路[[#This Row],[合格時期]]="",0,IF(T_学生別進路[[#This Row],[合格時期]]<N$5,1,0)) -> 1 | O21: =IF(T_学生別進路[[#This Row],[合格時期]]="",0,IF(T_学生別進路[[#This Row],[合格時期]]<O$5,1,0)) -> 1
A22: 2404093 | B22: =VLOOKUP(T_学生別進路[[#This Row],[学籍番号]],進路状況入力シート!A:B,2,FALSE) -> 2-1 | C22: =VLOOKUP(T_学生別進路[[#This Row],[学籍番号]],進路状況入力シート!A:C,3,FALSE) -> DELWAR HOSHEN SAYED | D22: =IF(AND(T_学生別進路[[#This Row],[進路確定]]="○",T_学生別進路[[#This Row],[進学希望フラグ]]=1),"○","") -> ○ | E22: =_xlfn.IFNA(RIGHT(VLOOKUP(T_学生別進路[[#This Row],[学籍番号]]&"○",進路状況入力シート!K:K,1,FALSE),1),"") -> ○ | F22: =IF(T_学生別進路[[#This Row],[進学希望フラグ]]=0,"",IF(T_学生別進路[[#This Row],[進路確定]]="○",1,0)) -> 1 | G22: =IF( AND( COUNTIFS(T_進路入力[学籍番号],T_学生別進路[[#This Row],[学籍番号]], T_進路入力[状況],"進学以外")>0, COUNTIFS(T_進路入力[学籍番号],T_学生別進路[[#This Row],[学籍番号]], T_進路入力[状況],"<>進学以外")>0 ), 0, IF(VLOOKUP(T_学生別進路[[#This Row],[学籍番号]],T_進路入力[],6,FALSE)="進学以外",0,1) ) -> 1 | H22: =_xlfn.XLOOKUP(T_学生別進路[[#This Row],[学籍番号]]&"○",進路状況入力シート!K:K,進路状況入力シート!D:D,"",0,1) -> 流通科学大学 | J22: 45962 | K22: =IF(T_学生別進路[[#This Row],[合格時期]]="",0,IF(T_学生別進路[[#This Row],[合格時期]]<K$5,1,0)) -> 1 | L22: =IF(T_学生別進路[[#This Row],[合格時期]]="",0,IF(T_学生別進路[[#This Row],[合格時期]]<L$5,1,0)) -> 1 | M22: =IF(T_学生別進路[[#This Row],[合格時期]]="",0,IF(T_学生別進路[[#This Row],[合格時期]]<M$5,1,0)) -> 1 | N22: =IF(T_学生別進路[[#This Row],[合格時期]]="",0,IF(T_学生別進路[[#This Row],[合格時期]]<N$5,1,0)) -> 1 | O22: =IF(T_学生別進路[[#This Row],[合格時期]]="",0,IF(T_学生別進路[[#This Row],[合格時期]]<O$5,1,0)) -> 1
A23: 2407013 | B23: =VLOOKUP(T_学生別進路[[#This Row],[学籍番号]],進路状況入力シート!A:B,2,FALSE) -> 2-1 | C23: =VLOOKUP(T_学生別進路[[#This Row],[学籍番号]],進路状況入力シート!A:C,3,FALSE) -> SOE NYI HTUT | D23: =IF(AND(T_学生別進路[[#This Row],[進路確定]]="○",T_学生別進路[[#This Row],[進学希望フラグ]]=1),"○","") -> ○ | E23: =_xlfn.IFNA(RIGHT(VLOOKUP(T_学生別進路[[#This Row],[学籍番号]]&"○",進路状況入力シート!K:K,1,FALSE),1),"") -> ○ | F23: =IF(T_学生別進路[[#This Row],[進学希望フラグ]]=0,"",IF(T_学生別進路[[#This Row],[進路確定]]="○",1,0)) -> 1 | G23: =IF( AND( COUNTIFS(T_進路入力[学籍番号],T_学生別進路[[#This Row],[学籍番号]], T_進路入力[状況],"進学以外")>0, COUNTIFS(T_進路入力[学籍番号],T_学生別進路[[#This Row],[学籍番号]], T_進路入力[状況],"<>進学以外")>0 ), 0, IF(VLOOKUP(T_学生別進路[[#This Row],[学籍番号]],T_進路入力[],6,FALSE)="進学以外",0,1) ) -> 1 | H23: =_xlfn.XLOOKUP(T_学生別進路[[#This Row],[学籍番号]]&"○",進路状況入力シート!K:K,進路状況入力シート!D:D,"",0,1) -> 大阪学院大学 | I23: A | J23: 45931 | K23: =IF(T_学生別進路[[#This Row],[合格時期]]="",0,IF(T_学生別進路[[#This Row],[合格時期]]<K$5,1,0)) -> 1 | L23: =IF(T_学生別進路[[#This Row],[合格時期]]="",0,IF(T_学生別進路[[#This Row],[合格時期]]<L$5,1,0)) -> 1 | M23: =IF(T_学生別進路[[#This Row],[合格時期]]="",0,IF(T_学生別進路[[#This Row],[合格時期]]<M$5,1,0)) -> 1 | N23: =IF(T_学生別進路[[#This Row],[合格時期]]="",0,IF(T_学生別進路[[#This Row],[合格時期]]<N$5,1,0)) -> 1 | O23: =IF(T_学生別進路[[#This Row],[合格時期]]="",0,IF(T_学生別進路[[#This Row],[合格時期]]<O$5,1,0)) -> 1
A24: 2407025 | B24: =VLOOKUP(T_学生別進路[[#This Row],[学籍番号]],進路状況入力シート!A:B,2,FALSE) -> 2-1 | C24: =VLOOKUP(T_学生別進路[[#This Row],[学籍番号]],進路状況入力シート!A:C,3,FALSE) -> KHIN PYAE SONE | D24: =IF(AND(T_学生別進路[[#This Row],[進路確定]]="○",T_学生別進路[[#This Row],[進学希望フラグ]]=1),"○","") -> ○ | E24: =_xlfn.IFNA(RIGHT(VLOOKUP(T_学生別進路[[#This Row],[学籍番号]]&"○",進路状況入力シート!K:K,1,FALSE),1),"") -> ○ | F24: =IF(T_学生別進路[[#This Row],[進学希望フラグ]]=0,"",IF(T_学生別進路[[#This Row],[進路確定]]="○",1,0)) -> 1 | G24: =IF( AND( COUNTIFS(T_進路入力[学籍番号],T_学生別進路[[#This Row],[学籍番号]], T_進路入力[状況],"進学以外")>0, COUNTIFS(T_進路入力[学籍番号],T_学生別進路[[#This Row],[学籍番号]], T_進路入力[状況],"<>進学以外")>0 ), 0, IF(VLOOKUP(T_学生別進路[[#This Row],[学籍番号]],T_進路入力[],6,FALSE)="進学以外",0,1) ) -> 1 | H24: =_xlfn.XLOOKUP(T_学生別進路[[#This Row],[学籍番号]]&"○",進路状況入力シート!K:K,進路状況入力シート!D:D,"",0,1) -> 神戸電子専門学校 | J24: 45962 | K24: =IF(T_学生別進路[[#This Row],[合格時期]]="",0,IF(T_学生別進路[[#This Row],[合格時期]]<K$5,1,0)) -> 1 | L24: =IF(T_学生別進路[[#This Row],[合格時期]]="",0,IF(T_学生別進路[[#This Row],[合格時期]]<L$5,1,0)) -> 1 | M24: =IF(T_学生別進路[[#This Row],[合格時期]]="",0,IF(T_学生別進路[[#This Row],[合格時期]]<M$5,1,0)) -> 1 | N24: =IF(T_学生別進路[[#This Row],[合格時期]]="",0,IF(T_学生別進路[[#This Row],[合格時期]]<N$5,1,0)) -> 1 | O24: =IF(T_学生別進路[[#This Row],[合格時期]]="",0,IF(T_学生別進路[[#This Row],[合格時期]]<O$5,1,0)) -> 1
A25: 2404011 | B25: =VLOOKUP(T_学生別進路[[#This Row],[学籍番号]],進路状況入力シート!A:B,2,FALSE) -> 2-2 | C25: =VLOOKUP(T_学生別進路[[#This Row],[学籍番号]],進路状況入力シート!A:C,3,FALSE) -> BUI NGOC ANH THU | D25: =IF(AND(T_学生別進路[[#This Row],[進路確定]]="○",T_学生別進路[[#This Row],[進学希望フラグ]]=1),"○","") -> ○ | E25: =_xlfn.IFNA(RIGHT(VLOOKUP(T_学生別進路[[#This Row],[学籍番号]]&"○",進路状況入力シート!K:K,1,FALSE),1),"") -> ○ | F25: =IF(T_学生別進路[[#This Row],[進学希望フラグ]]=0,"",IF(T_学生別進路[[#This Row],[進路確定]]="○",1,0)) -> 1 | G25: =IF( AND( COUNTIFS(T_進路入力[学籍番号],T_学生別進路[[#This Row],[学籍番号]], T_進路入力[状況],"進学以外")>0, COUNTIFS(T_進路入力[学籍番号],T_学生別進路[[#This Row],[学籍番号]], T_進路入力[状況],"<>進学以外")>0 ), 0, IF(VLOOKUP(T_学生別進路[[#This Row],[学籍番号]],T_進路入力[],6,FALSE)="進学以外",0,1) ) -> 1 | H25: =_xlfn.XLOOKUP(T_学生別進路[[#This Row],[学籍番号]]&"○",進路状況入力シート!K:K,進路状況入力シート!D:D,"",0,1) -> 東京国際ビジネスカレッジ神戸校 | I25: B | J25: 46054 | K25: =IF(T_学生別進路[[#This Row],[合格時期]]="",0,IF(T_学生別進路[[#This Row],[合格時期]]<K$5,1,0)) -> 0 | L25: =IF(T_学生別進路[[#This Row],[合格時期]]="",0,IF(T_学生別進路[[#This Row],[合格時期]]<L$5,1,0)) -> 0 | M25: =IF(T_学生別進路[[#This Row],[合格時期]]="",0,IF(T_学生別進路[[#This Row],[合格時期]]<M$5,1,0)) -> 0 | N25: =IF(T_学生別進路[[#This Row],[合格時期]]="",0,IF(T_学生別進路[[#This Row],[合格時期]]<N$5,1,0)) -> 1 | O25: =IF(T_学生別進路[[#This Row],[合格時期]]="",0,IF(T_学生別進路[[#This Row],[合格時期]]<O$5,1,0)) -> 1
A26: 2404013 | B26: =VLOOKUP(T_学生別進路[[#This Row],[学籍番号]],進路状況入力シート!A:B,2,FALSE) -> 2-2 | C26: =VLOOKUP(T_学生別進路[[#This Row],[学籍番号]],進路状況入力シート!A:C,3,FALSE) -> CHIT MAUNG MAUNG | D26: =IF(AND(T_学生別進路[[#This Row],[進路確定]]="○",T_学生別進路[[#This Row],[進学希望フラグ]]=1),"○","") | E26: =_xlfn.IFNA(RIGHT(VLOOKUP(T_学生別進路[[#This Row],[学籍番号]]&"○",進路状況入力シート!K:K,1,FALSE),1),"") | F26: =IF(T_学生別進路[[#This Row],[進学希望フラグ]]=0,"",IF(T_学生別進路[[#This Row],[進路確定]]="○",1,0)) | G26: =IF( AND( COUNTIFS(T_進路入力[学籍番号],T_学生別進路[[#This Row],[学籍番号]], T_進路入力[状況],"進学以外")>0, COUNTIFS(T_進路入力[学籍番号],T_学生別進路[[#This Row],[学籍番号]], T_進路入力[状況],"<>進学以外")>0 ), 0, IF(VLOOKUP(T_学生別進路[[#This Row],[学籍番号]],T_進路入力[],6,FALSE)="進学以外",0,1) ) -> 0 | H26: =_xlfn.XLOOKUP(T_学生別進路[[#This Row],[学籍番号]]&"○",進路状況入力シート!K:K,進路状況入力シート!D:D,"",0,1) | I26: B | K26: =IF(T_学生別進路[[#This Row],[合格時期]]="",0,IF(T_学生別進路[[#This Row],[合格時期]]<K$5,1,0)) -> 0 | L26: =IF(T_学生別進路[[#This Row],[合格時期]]="",0,IF(T_学生別進路[[#This Row],[合格時期]]<L$5,1,0)) -> 0 | M26: =IF(T_学生別進路[[#This Row],[合格時期]]="",0,IF(T_学生別進路[[#This Row],[合格時期]]<M$5,1,0)) -> 0 | N26: =IF(T_学生別進路[[#This Row],[合格時期]]="",0,IF(T_学生別進路[[#This Row],[合格時期]]<N$5,1,0)) -> 0 | O26: =IF(T_学生別進路[[#This Row],[合格時期]]="",0,IF(T_学生別進路[[#This Row],[合格時期]]<O$5,1,0)) -> 0 | P26: 5/27期限
A27: 2404015 | B27: =VLOOKUP(T_学生別進路[[#This Row],[学籍番号]],進路状況入力シート!A:B,2,FALSE) -> 2-2 | C27: =VLOOKUP(T_学生別進路[[#This Row],[学籍番号]],進路状況入力シート!A:C,3,FALSE) -> NAY LIN OO | D27: =IF(AND(T_学生別進路[[#This Row],[進路確定]]="○",T_学生別進路[[#This Row],[進学希望フラグ]]=1),"○","") -> ○ | E27: =_xlfn.IFNA(RIGHT(VLOOKUP(T_学生別進路[[#This Row],[学籍番号]]&"○",進路状況入力シート!K:K,1,FALSE),1),"") -> ○ | F27: =IF(T_学生別進路[[#This Row],[進学希望フラグ]]=0,"",IF(T_学生別進路[[#This Row],[進路確定]]="○",1,0)) -> 1 | G27: =IF( AND( COUNTIFS(T_進路入力[学籍番号],T_学生別進路[[#This Row],[学籍番号]], T_進路入力[状況],"進学以外")>0, COUNTIFS(T_進路入力[学籍番号],T_学生別進路[[#This Row],[学籍番号]], T_進路入力[状況],"<>進学以外")>0 ), 0, IF(VLOOKUP(T_学生別進路[[#This Row],[学籍番号]],T_進路入力[],6,FALSE)="進学以外",0,1) ) -> 1 | H27: =_xlfn.XLOOKUP(T_学生別進路[[#This Row],[学籍番号]]&"○",進路状況入力シート!K:K,進路状況入力シート!D:D,"",0,1) -> 神戸松蔭大学 | I27: B | J27: 45992 | K27: =IF(T_学生別進路[[#This Row],[合格時期]]="",0,IF(T_学生別進路[[#This Row],[合格時期]]<K$5,1,0)) -> 0 | L27: =IF(T_学生別進路[[#This Row],[合格時期]]="",0,IF(T_学生別進路[[#This Row],[合格時期]]<L$5,1,0)) -> 1 | M27: =IF(T_学生別進路[[#This Row],[合格時期]]="",0,IF(T_学生別進路[[#This Row],[合格時期]]<M$5,1,0)) -> 1 | N27: =IF(T_学生別進路[[#This Row],[合格時期]]="",0,IF(T_学生別進路[[#This Row],[合格時期]]<N$5,1,0)) -> 1 | O27: =IF(T_学生別進路[[#This Row],[合格時期]]="",0,IF(T_学生別進路[[#This Row],[合格時期]]<O$5,1,0)) -> 1
A28: 2404016 | B28: =VLOOKUP(T_学生別進路[[#This Row],[学籍番号]],進路状況入力シート!A:B,2,FALSE) -> 2-2 | C28: =VLOOKUP(T_学生別進路[[#This Row],[学籍番号]],進路状況入力シート!A:C,3,FALSE) -> THAW ZIN HTUN | D28: =IF(AND(T_学生別進路[[#This Row],[進路確定]]="○",T_学生別進路[[#This Row],[進学希望フラグ]]=1),"○","") -> ○ | E28: =_xlfn.IFNA(RIGHT(VLOOKUP(T_学生別進路[[#This Row],[学籍番号]]&"○",進路状況入力シート!K:K,1,FALSE),1),"") -> ○ | F28: =IF(T_学生別進路[[#This Row],[進学希望フラグ]]=0,"",IF(T_学生別進路[[#This Row],[進路確定]]="○",1,0)) -> 1 | G28: =IF( AND( COUNTIFS(T_進路入力[学籍番号],T_学生別進路[[#This Row],[学籍番号]], T_進路入力[状況],"進学以外")>0, COUNTIFS(T_進路入力[学籍番号],T_学生別進路[[#This Row],[学籍番号]], T_進路入力[状況],"<>進学以外")>0 ), 0, IF(VLOOKUP(T_学生別進路[[#This Row],[学籍番号]],T_進路入力[],6,FALSE)="進学以外",0,1) ) -> 1 | H28: =_xlfn.XLOOKUP(T_学生別進路[[#This Row],[学籍番号]]&"○",進路状況入力シート!K:K,進路状況入力シート!D:D,"",0,1) -> 神戸電子専門学校 | I28: B | J28: 45992 | K28: =IF(T_学生別進路[[#This Row],[合格時期]]="",0,IF(T_学生別進路[[#This Row],[合格時期]]<K$5,1,0)) -> 0 | L28: =IF(T_学生別進路[[#This Row],[合格時期]]="",0,IF(T_学生別進路[[#This Row],[合格時期]]<L$5,1,0)) -> 1 | M28: =IF(T_学生別進路[[#This Row],[合格時期]]="",0,IF(T_学生別進路[[#This Row],[合格時期]]<M$5,1,0)) -> 1 | N28: =IF(T_学生別進路[[#This Row],[合格時期]]="",0,IF(T_学生別進路[[#This Row],[合格時期]]<N$5,1,0)) -> 1 | O28: =IF(T_学生別進路[[#This Row],[合格時期]]="",0,IF(T_学生別進路[[#This Row],[合格時期]]<O$5,1,0)) -> 1
A29: 2404017 | B29: =VLOOKUP(T_学生別進路[[#This Row],[学籍番号]],進路状況入力シート!A:B,2,FALSE) -> 2-2 | C29: =VLOOKUP(T_学生別進路[[#This Row],[学籍番号]],進路状況入力シート!A:C,3,FALSE) -> HNIN HNIN WAI | D29: =IF(AND(T_学生別進路[[#This Row],[進路確定]]="○",T_学生別進路[[#This Row],[進学希望フラグ]]=1),"○","") -> ○ | E29: =_xlfn.IFNA(RIGHT(VLOOKUP(T_学生別進路[[#This Row],[学籍番号]]&"○",進路状況入力シート!K:K,1,FALSE),1),"") -> ○ | F29: =IF(T_学生別進路[[#This Row],[進学希望フラグ]]=0,"",IF(T_学生別進路[[#This Row],[進路確定]]="○",1,0)) -> 1 | G29: =IF( AND( COUNTIFS(T_進路入力[学籍番号],T_学生別進路[[#This Row],[学籍番号]], T_進路入力[状況],"進学以外")>0, COUNTIFS(T_進路入力[学籍番号],T_学生別進路[[#This Row],[学籍番号]], T_進路入力[状況],"<>進学以外")>0 ), 0, IF(VLOOKUP(T_学生別進路[[#This Row],[学籍番号]],T_進路入力[],6,FALSE)="進学以外",0,1) ) -> 1 | H29: =_xlfn.XLOOKUP(T_学生別進路[[#This Row],[学籍番号]]&"○",進路状況入力シート!K:K,進路状況入力シート!D:D,"",0,1) -> 神戸国際大学 | J29: 45992 | K29: =IF(T_学生別進路[[#This Row],[合格時期]]="",0,IF(T_学生別進路[[#This Row],[合格時期]]<K$5,1,0)) -> 0 | L29: =IF(T_学生別進路[[#This Row],[合格時期]]="",0,IF(T_学生別進路[[#This Row],[合格時期]]<L$5,1,0)) -> 1 | M29: =IF(T_学生別進路[[#This Row],[合格時期]]="",0,IF(T_学生別進路[[#This Row],[合格時期]]<M$5,1,0)) -> 1 | N29: =IF(T_学生別進路[[#This Row],[合格時期]]="",0,IF(T_学生別進路[[#This Row],[合格時期]]<N$5,1,0)) -> 1 | O29: =IF(T_学生別進路[[#This Row],[合格時期]]="",0,IF(T_学生別進路[[#This Row],[合格時期]]<O$5,1,0)) -> 1
A30: 2404018 | B30: =VLOOKUP(T_学生別進路[[#This Row],[学籍番号]],進路状況入力シート!A:B,2,FALSE) -> 2-2 | C30: =VLOOKUP(T_学生別進路[[#This Row],[学籍番号]],進路状況入力シート!A:C,3,FALSE) -> MAY PHOO THIT | D30: =IF(AND(T_学生別進路[[#This Row],[進路確定]]="○",T_学生別進路[[#This Row],[進学希望フラグ]]=1),"○","") -> ○ | E30: =_xlfn.IFNA(RIGHT(VLOOKUP(T_学生別進路[[#This Row],[学籍番号]]&"○",進路状況入力シート!K:K,1,FALSE),1),"") -> ○ | F30: =IF(T_学生別進路[[#This Row],[進学希望フラグ]]=0,"",IF(T_学生別進路[[#This Row],[進路確定]]="○",1,0)) -> 1 | G30: =IF( AND( COUNTIFS(T_進路入力[学籍番号],T_学生別進路[[#This Row],[学籍番号]], T_進路入力[状況],"進学以外")>0, COUNTIFS(T_進路入力[学籍番号],T_学生別進路[[#This Row],[学籍番号]], T_進路入力[状況],"<>進学以外")>0 ), 0, IF(VLOOKUP(T_学生別進路[[#This Row],[学籍番号]],T_進路入力[],6,FALSE)="進学以外",0,1) ) -> 1 | H30: =_xlfn.XLOOKUP(T_学生別進路[[#This Row],[学籍番号]]&"○",進路状況入力シート!K:K,進路状況入力シート!D:D,"",0,1) -> 大阪モード学園 | J30: 45931 | K30: =IF(T_学生別進路[[#This Row],[合格時期]]="",0,IF(T_学生別進路[[#This Row],[合格時期]]<K$5,1,0)) -> 1 | L30: =IF(T_学生別進路[[#This Row],[合格時期]]="",0,IF(T_学生別進路[[#This Row],[合格時期]]<L$5,1,0)) -> 1 | M30: =IF(T_学生別進路[[#This Row],[合格時期]]="",0,IF(T_学生別進路[[#This Row],[合格時期]]<M$5,1,0)) -> 1 | N30: =IF(T_学生別進路[[#This Row],[合格時期]]="",0,IF(T_学生別進路[[#This Row],[合格時期]]<N$5,1,0)) -> 1 | O30: =IF(T_学生別進路[[#This Row],[合格時期]]="",0,IF(T_学生別進路[[#This Row],[合格時期]]<O$5,1,0)) -> 1
A31: 2404020 | B31: =VLOOKUP(T_学生別進路[[#This Row],[学籍番号]],進路状況入力シート!A:B,2,FALSE) -> 2-2 | C31: =VLOOKUP(T_学生別進路[[#This Row],[学籍番号]],進路状況入力シート!A:C,3,FALSE) -> SAI KWAN PHA | D31: =IF(AND(T_学生別進路[[#This Row],[進路確定]]="○",T_学生別進路[[#This Row],[進学希望フラグ]]=1),"○","") -> ○ | E31: =_xlfn.IFNA(RIGHT(VLOOKUP(T_学生別進路[[#This Row],[学籍番号]]&"○",進路状況入力シート!K:K,1,FALSE),1),"") -> ○ | F31: =IF(T_学生別進路[[#This Row],[進学希望フラグ]]=0,"",IF(T_学生別進路[[#This Row],[進路確定]]="○",1,0)) -> 1 | G31: =IF( AND( COUNTIFS(T_進路入力[学籍番号],T_学生別進路[[#This Row],[学籍番号]], T_進路入力[状況],"進学以外")>0, COUNTIFS(T_進路入力[学籍番号],T_学生別進路[[#This Row],[学籍番号]], T_進路入力[状況],"<>進学以外")>0 ), 0, IF(VLOOKUP(T_学生別進路[[#This Row],[学籍番号]],T_進路入力[],6,FALSE)="進学以外",0,1) ) -> 1 | H31: =_xlfn.XLOOKUP(T_学生別進路[[#This Row],[学籍番号]]&"○",進路状況入力シート!K:K,進路状況入力シート!D:D,"",0,1) -> ECC国際外語専門学校 | I31: B | J31: 46023 | K31: =IF(T_学生別進路[[#This Row],[合格時期]]="",0,IF(T_学生別進路[[#This Row],[合格時期]]<K$5,1,0)) -> 0 | L31: =IF(T_学生別進路[[#This Row],[合格時期]]="",0,IF(T_学生別進路[[#This Row],[合格時期]]<L$5,1,0)) -> 0 | M31: =IF(T_学生別進路[[#This Row],[合格時期]]="",0,IF(T_学生別進路[[#This Row],[合格時期]]<M$5,1,0)) -> 1 | N31: =IF(T_学生別進路[[#This Row],[合格時期]]="",0,IF(T_学生別進路[[#This Row],[合格時期]]<N$5,1,0)) -> 1 | O31: =IF(T_学生別進路[[#This Row],[合格時期]]="",0,IF(T_学生別進路[[#This Row],[合格時期]]<O$5,1,0)) -> 1
A32: 2404023 | B32: =VLOOKUP(T_学生別進路[[#This Row],[学籍番号]],進路状況入力シート!A:B,2,FALSE) -> 2-2 | C32: =VLOOKUP(T_学生別進路[[#This Row],[学籍番号]],進路状況入力シート!A:C,3,FALSE) -> LAE YI HTUN | D32: =IF(AND(T_学生別進路[[#This Row],[進路確定]]="○",T_学生別進路[[#This Row],[進学希望フラグ]]=1),"○","") -> ○ | E32: =_xlfn.IFNA(RIGHT(VLOOKUP(T_学生別進路[[#This Row],[学籍番号]]&"○",進路状況入力シート!K:K,1,FALSE),1),"") -> ○ | F32: =IF(T_学生別進路[[#This Row],[進学希望フラグ]]=0,"",IF(T_学生別進路[[#This Row],[進路確定]]="○",1,0)) -> 1 | G32: =IF( AND( COUNTIFS(T_進路入力[学籍番号],T_学生別進路[[#This Row],[学籍番号]], T_進路入力[状況],"進学以外")>0, COUNTIFS(T_進路入力[学籍番号],T_学生別進路[[#This Row],[学籍番号]], T_進路入力[状況],"<>進学以外")>0 ), 0, IF(VLOOKUP(T_学生別進路[[#This Row],[学籍番号]],T_進路入力[],6,FALSE)="進学以外",0,1) ) -> 1 | H32: =_xlfn.XLOOKUP(T_学生別進路[[#This Row],[学籍番号]]&"○",進路状況入力シート!K:K,進路状況入力シート!D:D,"",0,1) -> 修成建設専門学校 | J32: 45931 | K32: =IF(T_学生別進路[[#This Row],[合格時期]]="",0,IF(T_学生別進路[[#This Row],[合格時期]]<K$5,1,0)) -> 1 | L32: =IF(T_学生別進路[[#This Row],[合格時期]]="",0,IF(T_学生別進路[[#This Row],[合格時期]]<L$5,1,0)) -> 1 | M32: =IF(T_学生別進路[[#This Row],[合格時期]]="",0,IF(T_学生別進路[[#This Row],[合格時期]]<M$5,1,0)) -> 1 | N32: =IF(T_学生別進路[[#This Row],[合格時期]]="",0,IF(T_学生別進路[[#This Row],[合格時期]]<N$5,1,0)) -> 1 | O32: =IF(T_学生別進路[[#This Row],[合格時期]]="",0,IF(T_学生別進路[[#This Row],[合格時期]]<O$5,1,0)) -> 1
A33: 2404024 | B33: =VLOOKUP(T_学生別進路[[#This Row],[学籍番号]],進路状況入力シート!A:B,2,FALSE) -> 2-2 | C33: =VLOOKUP(T_学生別進路[[#This Row],[学籍番号]],進路状況入力シート!A:C,3,FALSE) -> KHAY MON CHAN | D33: =IF(AND(T_学生別進路[[#This Row],[進路確定]]="○",T_学生別進路[[#This Row],[進学希望フラグ]]=1),"○","") | E33: =_xlfn.IFNA(RIGHT(VLOOKUP(T_学生別進路[[#This Row],[学籍番号]]&"○",進路状況入力シート!K:K,1,FALSE),1),"") | F33: =IF(T_学生別進路[[#This Row],[進学希望フラグ]]=0,"",IF(T_学生別進路[[#This Row],[進路確定]]="○",1,0)) | G33: =IF( AND( COUNTIFS(T_進路入力[学籍番号],T_学生別進路[[#This Row],[学籍番号]], T_進路入力[状況],"進学以外")>0, COUNTIFS(T_進路入力[学籍番号],T_学生別進路[[#This Row],[学籍番号]], T_進路入力[状況],"<>進学以外")>0 ), 0, IF(VLOOKUP(T_学生別進路[[#This Row],[学籍番号]],T_進路入力[],6,FALSE)="進学以外",0,1) ) -> 0 | H33: =_xlfn.XLOOKUP(T_学生別進路[[#This Row],[学籍番号]]&"○",進路状況入力シート!K:K,進路状況入力シート!D:D,"",0,1) | K33: =IF(T_学生別進路[[#This Row],[合格時期]]="",0,IF(T_学生別進路[[#This Row],[合格時期]]<K$5,1,0)) -> 0 | L33: =IF(T_学生別進路[[#This Row],[合格時期]]="",0,IF(T_学生別進路[[#This Row],[合格時期]]<L$5,1,0)) -> 0 | M33: =IF(T_学生別進路[[#This Row],[合格時期]]="",0,IF(T_学生別進路[[#This Row],[合格時期]]<M$5,1,0)) -> 0 | N33: =IF(T_学生別進路[[#This Row],[合格時期]]="",0,IF(T_学生別進路[[#This Row],[合格時期]]<N$5,1,0)) -> 0 | O33: =IF(T_学生別進路[[#This Row],[合格時期]]="",0,IF(T_学生別進路[[#This Row],[合格時期]]<O$5,1,0)) -> 0 | P33: 5/24期限
A34: 2404026 | B34: =VLOOKUP(T_学生別進路[[#This Row],[学籍番号]],進路状況入力シート!A:B,2,FALSE) -> 2-2 | C34: =VLOOKUP(T_学生別進路[[#This Row],[学籍番号]],進路状況入力シート!A:C,3,FALSE) -> YE MIN HTET | D34: =IF(AND(T_学生別進路[[#This Row],[進路確定]]="○",T_学生別進路[[#This Row],[進学希望フラグ]]=1),"○","") -> ○ | E34: =_xlfn.IFNA(RIGHT(VLOOKUP(T_学生別進路[[#This Row],[学籍番号]]&"○",進路状況入力シート!K:K,1,FALSE),1),"") -> ○ | F34: =IF(T_学生別進路[[#This Row],[進学希望フラグ]]=0,"",IF(T_学生別進路[[#This Row],[進路確定]]="○",1,0)) -> 1 | G34: =IF( AND( COUNTIFS(T_進路入力[学籍番号],T_学生別進路[[#This Row],[学籍番号]], T_進路入力[状況],"進学以外")>0, COUNTIFS(T_進路入力[学籍番号],T_学生別進路[[#This Row],[学籍番号]], T_進路入力[状況],"<>進学以外")>0 ), 0, IF(VLOOKUP(T_学生別進路[[#This Row],[学籍番号]],T_進路入力[],6,FALSE)="進学以外",0,1) ) -> 1 | H34: =_xlfn.XLOOKUP(T_学生別進路[[#This Row],[学籍番号]]&"○",進路状況入力シート!K:K,進路状況入力シート!D:D,"",0,1) -> 神戸松蔭大学 | I34: B | J34: 45992 | K34: =IF(T_学生別進路[[#This Row],[合格時期]]="",0,IF(T_学生別進路[[#This Row],[合格時期]]<K$5,1,0)) -> 0 | L34: =IF(T_学生別進路[[#This Row],[合格時期]]="",0,IF(T_学生別進路[[#This Row],[合格時期]]<L$5,1,0)) -> 1 | M34: =IF(T_学生別進路[[#This Row],[合格時期]]="",0,IF(T_学生別進路[[#This Row],[合格時期]]<M$5,1,0)) -> 1 | N34: =IF(T_学生別進路[[#This Row],[合格時期]]="",0,IF(T_学生別進路[[#This Row],[合格時期]]<N$5,1,0)) -> 1 | O34: =IF(T_学生別進路[[#This Row],[合格時期]]="",0,IF(T_学生別進路[[#This Row],[合格時期]]<O$5,1,0)) -> 1
A35: 2404029 | B35: =VLOOKUP(T_学生別進路[[#This Row],[学籍番号]],進路状況入力シート!A:B,2,FALSE) -> 2-2 | C35: =VLOOKUP(T_学生別進路[[#This Row],[学籍番号]],進路状況入力シート!A:C,3,FALSE) -> KAY ZIN OO | D35: =IF(AND(T_学生別進路[[#This Row],[進路確定]]="○",T_学生別進路[[#This Row],[進学希望フラグ]]=1),"○","") -> ○ | E35: =_xlfn.IFNA(RIGHT(VLOOKUP(T_学生別進路[[#This Row],[学籍番号]]&"○",進路状況入力シート!K:K,1,FALSE),1),"") -> ○ | F35: =IF(T_学生別進路[[#This Row],[進学希望フラグ]]=0,"",IF(T_学生別進路[[#This Row],[進路確定]]="○",1,0)) -> 1 | G35: =IF( AND( COUNTIFS(T_進路入力[学籍番号],T_学生別進路[[#This Row],[学籍番号]], T_進路入力[状況],"進学以外")>0, COUNTIFS(T_進路入力[学籍番号],T_学生別進路[[#This Row],[学籍番号]], T_進路入力[状況],"<>進学以外")>0 ), 0, IF(VLOOKUP(T_学生別進路[[#This Row],[学籍番号]],T_進路入力[],6,FALSE)="進学以外",0,1) ) -> 1 | H35: =_xlfn.XLOOKUP(T_学生別進路[[#This Row],[学籍番号]]&"○",進路状況入力シート!K:K,進路状況入力シート!D:D,"",0,1) -> ECC国際外語専門学校 | I35: B | J35: 45962 | K35: =IF(T_学生別進路[[#This Row],[合格時期]]="",0,IF(T_学生別進路[[#This Row],[合格時期]]<K$5,1,0)) -> 1 | L35: =IF(T_学生別進路[[#This Row],[合格時期]]="",0,IF(T_学生別進路[[#This Row],[合格時期]]<L$5,1,0)) -> 1 | M35: =IF(T_学生別進路[[#This Row],[合格時期]]="",0,IF(T_学生別進路[[#This Row],[合格時期]]<M$5,1,0)) -> 1 | N35: =IF(T_学生別進路[[#This Row],[合格時期]]="",0,IF(T_学生別進路[[#This Row],[合格時期]]<N$5,1,0)) -> 1 | O35: =IF(T_学生別進路[[#This Row],[合格時期]]="",0,IF(T_学生別進路[[#This Row],[合格時期]]<O$5,1,0)) -> 1
A36: 2404030 | B36: =VLOOKUP(T_学生別進路[[#This Row],[学籍番号]],進路状況入力シート!A:B,2,FALSE) -> 2-2 | C36: =VLOOKUP(T_学生別進路[[#This Row],[学籍番号]],進路状況入力シート!A:C,3,FALSE) -> MYAT PWINT WAI | D36: =IF(AND(T_学生別進路[[#This Row],[進路確定]]="○",T_学生別進路[[#This Row],[進学希望フラグ]]=1),"○","") -> ○ | E36: =_xlfn.IFNA(RIGHT(VLOOKUP(T_学生別進路[[#This Row],[学籍番号]]&"○",進路状況入力シート!K:K,1,FALSE),1),"") -> ○ | F36: =IF(T_学生別進路[[#This Row],[進学希望フラグ]]=0,"",IF(T_学生別進路[[#This Row],[進路確定]]="○",1,0)) -> 1 | G36: =IF( AND( COUNTIFS(T_進路入力[学籍番号],T_学生別進路[[#This Row],[学籍番号]], T_進路入力[状況],"進学以外")>0, COUNTIFS(T_進路入力[学籍番号],T_学生別進路[[#This Row],[学籍番号]], T_進路入力[状況],"<>進学以外")>0 ), 0, IF(VLOOKUP(T_学生別進路[[#This Row],[学籍番号]],T_進路入力[],6,FALSE)="進学以外",0,1) ) -> 1 | H36: =_xlfn.XLOOKUP(T_学生別進路[[#This Row],[学籍番号]]&"○",進路状況入力シート!K:K,進路状況入力シート!D:D,"",0,1) -> 中央工学校 | I36: B | J36: 46023 | K36: =IF(T_学生別進路[[#This Row],[合格時期]]="",0,IF(T_学生別進路[[#This Row],[合格時期]]<K$5,1,0)) -> 0 | L36: =IF(T_学生別進路[[#This Row],[合格時期]]="",0,IF(T_学生別進路[[#This Row],[合格時期]]<L$5,1,0)) -> 0 | M36: =IF(T_学生別進路[[#This Row],[合格時期]]="",0,IF(T_学生別進路[[#This Row],[合格時期]]<M$5,1,0)) -> 1 | N36: =IF(T_学生別進路[[#This Row],[合格時期]]="",0,IF(T_学生別進路[[#This Row],[合格時期]]<N$5,1,0)) -> 1 | O36: =IF(T_学生別進路[[#This Row],[合格時期]]="",0,IF(T_学生別進路[[#This Row],[合格時期]]<O$5,1,0)) -> 1
A37: 2404049 | B37: =VLOOKUP(T_学生別進路[[#This Row],[学籍番号]],進路状況入力シート!A:B,2,FALSE) -> 2-2 | C37: =VLOOKUP(T_学生別進路[[#This Row],[学籍番号]],進路状況入力シート!A:C,3,FALSE) -> SAI KHANT SITHU | D37: =IF(AND(T_学生別進路[[#This Row],[進路確定]]="○",T_学生別進路[[#This Row],[進学希望フラグ]]=1),"○","") -> ○ | E37: =_xlfn.IFNA(RIGHT(VLOOKUP(T_学生別進路[[#This Row],[学籍番号]]&"○",進路状況入力シート!K:K,1,FALSE),1),"") -> ○ | F37: =IF(T_学生別進路[[#This Row],[進学希望フラグ]]=0,"",IF(T_学生別進路[[#This Row],[進路確定]]="○",1,0)) -> 1 | G37: =IF( AND( COUNTIFS(T_進路入力[学籍番号],T_学生別進路[[#This Row],[学籍番号]], T_進路入力[状況],"進学以外")>0, COUNTIFS(T_進路入力[学籍番号],T_学生別進路[[#This Row],[学籍番号]], T_進路入力[状況],"<>進学以外")>0 ), 0, IF(VLOOKUP(T_学生別進路[[#This Row],[学籍番号]],T_進路入力[],6,FALSE)="進学以外",0,1) ) -> 1 | H37: =_xlfn.XLOOKUP(T_学生別進路[[#This Row],[学籍番号]]&"○",進路状況入力シート!K:K,進路状況入力シート!D:D,"",0,1) -> 大阪モード学園 | J37: 45931 | K37: =IF(T_学生別進路[[#This Row],[合格時期]]="",0,IF(T_学生別進路[[#This Row],[合格時期]]<K$5,1,0)) -> 1 | L37: =IF(T_学生別進路[[#This Row],[合格時期]]="",0,IF(T_学生別進路[[#This Row],[合格時期]]<L$5,1,0)) -> 1 | M37: =IF(T_学生別進路[[#This Row],[合格時期]]="",0,IF(T_学生別進路[[#This Row],[合格時期]]<M$5,1,0)) -> 1 | N37: =IF(T_学生別進路[[#This Row],[合格時期]]="",0,IF(T_学生別進路[[#This Row],[合格時期]]<N$5,1,0)) -> 1 | O37: =IF(T_学生別進路[[#This Row],[合格時期]]="",0,IF(T_学生別進路[[#This Row],[合格時期]]<O$5,1,0)) -> 1
A38: 2404110 | B38: =VLOOKUP(T_学生別進路[[#This Row],[学籍番号]],進路状況入力シート!A:B,2,FALSE) -> 2-2 | C38: =VLOOKUP(T_学生別進路[[#This Row],[学籍番号]],進路状況入力シート!A:C,3,FALSE) -> MD. JONAYET | D38: =IF(AND(T_学生別進路[[#This Row],[進路確定]]="○",T_学生別進路[[#This Row],[進学希望フラグ]]=1),"○","") -> ○ | E38: =_xlfn.IFNA(RIGHT(VLOOKUP(T_学生別進路[[#This Row],[学籍番号]]&"○",進路状況入力シート!K:K,1,FALSE),1),"") -> ○ | F38: =IF(T_学生別進路[[#This Row],[進学希望フラグ]]=0,"",IF(T_学生別進路[[#This Row],[進路確定]]="○",1,0)) -> 1 | G38: =IF( AND( COUNTIFS(T_進路入力[学籍番号],T_学生別進路[[#This Row],[学籍番号]], T_進路入力[状況],"進学以外")>0, COUNTIFS(T_進路入力[学籍番号],T_学生別進路[[#This Row],[学籍番号]], T_進路入力[状況],"<>進学以外")>0 ), 0, IF(VLOOKUP(T_学生別進路[[#This Row],[学籍番号]],T_進路入力[],6,FALSE)="進学以外",0,1) ) -> 1 | H38: =_xlfn.XLOOKUP(T_学生別進路[[#This Row],[学籍番号]]&"○",進路状況入力シート!K:K,進路状況入力シート!D:D,"",0,1) -> 早稲田文理専門学校 | I38: A | J38: 45992 | K38: =IF(T_学生別進路[[#This Row],[合格時期]]="",0,IF(T_学生別進路[[#This Row],[合格時期]]<K$5,1,0)) -> 0 | L38: =IF(T_学生別進路[[#This Row],[合格時期]]="",0,IF(T_学生別進路[[#This Row],[合格時期]]<L$5,1,0)) -> 1 | M38: =IF(T_学生別進路[[#This Row],[合格時期]]="",0,IF(T_学生別進路[[#This Row],[合格時期]]<M$5,1,0)) -> 1 | N38: =IF(T_学生別進路[[#This Row],[合格時期]]="",0,IF(T_学生別進路[[#This Row],[合格時期]]<N$5,1,0)) -> 1 | O38: =IF(T_学生別進路[[#This Row],[合格時期]]="",0,IF(T_学生別進路[[#This Row],[合格時期]]<O$5,1,0)) -> 1
A39: 2404165 | B39: =VLOOKUP(T_学生別進路[[#This Row],[学籍番号]],進路状況入力シート!A:B,2,FALSE) -> 2-2 | C39: =VLOOKUP(T_学生別進路[[#This Row],[学籍番号]],進路状況入力シート!A:C,3,FALSE) -> GIRI TAPENDRA RAJ | D39: =IF(AND(T_学生別進路[[#This Row],[進路確定]]="○",T_学生別進路[[#This Row],[進学希望フラグ]]=1),"○","") -> ○ | E39: =_xlfn.IFNA(RIGHT(VLOOKUP(T_学生別進路[[#This Row],[学籍番号]]&"○",進路状況入力シート!K:K,1,FALSE),1),"") -> ○ | F39: =IF(T_学生別進路[[#This Row],[進学希望フラグ]]=0,"",IF(T_学生別進路[[#This Row],[進路確定]]="○",1,0)) -> 1 | G39: =IF( AND( COUNTIFS(T_進路入力[学籍番号],T_学生別進路[[#This Row],[学籍番号]], T_進路入力[状況],"進学以外")>0, COUNTIFS(T_進路入力[学籍番号],T_学生別進路[[#This Row],[学籍番号]], T_進路入力[状況],"<>進学以外")>0 ), 0, IF(VLOOKUP(T_学生別進路[[#This Row],[学籍番号]],T_進路入力[],6,FALSE)="進学以外",0,1) ) -> 1 | H39: =_xlfn.XLOOKUP(T_学生別進路[[#This Row],[学籍番号]]&"○",進路状況入力シート!K:K,進路状況入力シート!D:D,"",0,1) -> 柏木実業専門学校 | J39: 45962 | K39: =IF(T_学生別進路[[#This Row],[合格時期]]="",0,IF(T_学生別進路[[#This Row],[合格時期]]<K$5,1,0)) -> 1 | L39: =IF(T_学生別進路[[#This Row],[合格時期]]="",0,IF(T_学生別進路[[#This Row],[合格時期]]<L$5,1,0)) -> 1 | M39: =IF(T_学生別進路[[#This Row],[合格時期]]="",0,IF(T_学生別進路[[#This Row],[合格時期]]<M$5,1,0)) -> 1 | N39: =IF(T_学生別進路[[#This Row],[合格時期]]="",0,IF(T_学生別進路[[#This Row],[合格時期]]<N$5,1,0)) -> 1 | O39: =IF(T_学生別進路[[#This Row],[合格時期]]="",0,IF(T_学生別進路[[#This Row],[合格時期]]<O$5,1,0)) -> 1
A40: 2407029 | B40: =VLOOKUP(T_学生別進路[[#This Row],[学籍番号]],進路状況入力シート!A:B,2,FALSE) -> 2-2 | C40: =VLOOKUP(T_学生別進路[[#This Row],[学籍番号]],進路状況入力シート!A:C,3,FALSE) -> EI EI THEIN | D40: =IF(AND(T_学生別進路[[#This Row],[進路確定]]="○",T_学生別進路[[#This Row],[進学希望フラグ]]=1),"○","") | E40: =_xlfn.IFNA(RIGHT(VLOOKUP(T_学生別進路[[#This Row],[学籍番号]]&"○",進路状況入力シート!K:K,1,FALSE),1),"") -> ○ | F40: =IF(T_学生別進路[[#This Row],[進学希望フラグ]]=0,"",IF(T_学生別進路[[#This Row],[進路確定]]="○",1,0)) | G40: =IF( AND( COUNTIFS(T_進路入力[学籍番号],T_学生別進路[[#This Row],[学籍番号]], T_進路入力[状況],"進学以外")>0, COUNTIFS(T_進路入力[学籍番号],T_学生別進路[[#This Row],[学籍番号]], T_進路入力[状況],"<>進学以外")>0 ), 0, IF(VLOOKUP(T_学生別進路[[#This Row],[学籍番号]],T_進路入力[],6,FALSE)="進学以外",0,1) ) -> 0 | H40: =_xlfn.XLOOKUP(T_学生別進路[[#This Row],[学籍番号]]&"○",進路状況入力シート!K:K,進路状況入力シート!D:D,"",0,1) -> 0 | K40: =IF(T_学生別進路[[#This Row],[合格時期]]="",0,IF(T_学生別進路[[#This Row],[合格時期]]<K$5,1,0)) -> 0 | L40: =IF(T_学生別進路[[#This Row],[合格時期]]="",0,IF(T_学生別進路[[#This Row],[合格時期]]<L$5,1,0)) -> 0 | M40: =IF(T_学生別進路[[#This Row],[合格時期]]="",0,IF(T_学生別進路[[#This Row],[合格時期]]<M$5,1,0)) -> 0 | N40: =IF(T_学生別進路[[#This Row],[合格時期]]="",0,IF(T_学生別進路[[#This Row],[合格時期]]<N$5,1,0)) -> 0 | O40: =IF(T_学生別進路[[#This Row],[合格時期]]="",0,IF(T_学生別進路[[#This Row],[合格時期]]<O$5,1,0)) -> 0
A41: 2407068 | B41: =VLOOKUP(T_学生別進路[[#This Row],[学籍番号]],進路状況入力シート!A:B,2,FALSE) -> 2-2 | C41: =VLOOKUP(T_学生別進路[[#This Row],[学籍番号]],進路状況入力シート!A:C,3,FALSE) -> TAMANG NIKITA | D41: =IF(AND(T_学生別進路[[#This Row],[進路確定]]="○",T_学生別進路[[#This Row],[進学希望フラグ]]=1),"○","") -> ○ | E41: =_xlfn.IFNA(RIGHT(VLOOKUP(T_学生別進路[[#This Row],[学籍番号]]&"○",進路状況入力シート!K:K,1,FALSE),1),"") -> ○ | F41: =IF(T_学生別進路[[#This Row],[進学希望フラグ]]=0,"",IF(T_学生別進路[[#This Row],[進路確定]]="○",1,0)) -> 1 | G41: =IF( AND( COUNTIFS(T_進路入力[学籍番号],T_学生別進路[[#This Row],[学籍番号]], T_進路入力[状況],"進学以外")>0, COUNTIFS(T_進路入力[学籍番号],T_学生別進路[[#This Row],[学籍番号]], T_進路入力[状況],"<>進学以外")>0 ), 0, IF(VLOOKUP(T_学生別進路[[#This Row],[学籍番号]],T_進路入力[],6,FALSE)="進学以外",0,1) ) -> 1 | H41: =_xlfn.XLOOKUP(T_学生別進路[[#This Row],[学籍番号]]&"○",進路状況入力シート!K:K,進路状況入力シート!D:D,"",0,1) -> 流通経済大学 | J41: 45962 | K41: =IF(T_学生別進路[[#This Row],[合格時期]]="",0,IF(T_学生別進路[[#This Row],[合格時期]]<K$5,1,0)) -> 1 | L41: =IF(T_学生別進路[[#This Row],[合格時期]]="",0,IF(T_学生別進路[[#This Row],[合格時期]]<L$5,1,0)) -> 1 | M41: =IF(T_学生別進路[[#This Row],[合格時期]]="",0,IF(T_学生別進路[[#This Row],[合格時期]]<M$5,1,0)) -> 1 | N41: =IF(T_学生別進路[[#This Row],[合格時期]]="",0,IF(T_学生別進路[[#This Row],[合格時期]]<N$5,1,0)) -> 1 | O41: =IF(T_学生別進路[[#This Row],[合格時期]]="",0,IF(T_学生別進路[[#This Row],[合格時期]]<O$5,1,0)) -> 1
A42: 2407070 | B42: =VLOOKUP(T_学生別進路[[#This Row],[学籍番号]],進路状況入力シート!A:B,2,FALSE) -> 2-2 | C42: =VLOOKUP(T_学生別進路[[#This Row],[学籍番号]],進路状況入力シート!A:C,3,FALSE) -> TAMANG ALISHA | D42: =IF(AND(T_学生別進路[[#This Row],[進路確定]]="○",T_学生別進路[[#This Row],[進学希望フラグ]]=1),"○","") -> ○ | E42: =_xlfn.IFNA(RIGHT(VLOOKUP(T_学生別進路[[#This Row],[学籍番号]]&"○",進路状況入力シート!K:K,1,FALSE),1),"") -> ○ | F42: =IF(T_学生別進路[[#This Row],[進学希望フラグ]]=0,"",IF(T_学生別進路[[#This Row],[進路確定]]="○",1,0)) -> 1 | G42: =IF( AND( COUNTIFS(T_進路入力[学籍番号],T_学生別進路[[#This Row],[学籍番号]], T_進路入力[状況],"進学以外")>0, COUNTIFS(T_進路入力[学籍番号],T_学生別進路[[#This Row],[学籍番号]], T_進路入力[状況],"<>進学以外")>0 ), 0, IF(VLOOKUP(T_学生別進路[[#This Row],[学籍番号]],T_進路入力[],6,FALSE)="進学以外",0,1) ) -> 1 | H42: =_xlfn.XLOOKUP(T_学生別進路[[#This Row],[学籍番号]]&"○",進路状況入力シート!K:K,進路状況入力シート!D:D,"",0,1) -> 東京テクニカルカレッジ | I42: B | J42: 45962 | K42: =IF(T_学生別進路[[#This Row],[合格時期]]="",0,IF(T_学生別進路[[#This Row],[合格時期]]<K$5,1,0)) -> 1 | L42: =IF(T_学生別進路[[#This Row],[合格時期]]="",0,IF(T_学生別進路[[#This Row],[合格時期]]<L$5,1,0)) -> 1 | M42: =IF(T_学生別進路[[#This Row],[合格時期]]="",0,IF(T_学生別進路[[#This Row],[合格時期]]<M$5,1,0)) -> 1 | N42: =IF(T_学生別進路[[#This Row],[合格時期]]="",0,IF(T_学生別進路[[#This Row],[合格時期]]<N$5,1,0)) -> 1 | O42: =IF(T_学生別進路[[#This Row],[合格時期]]="",0,IF(T_学生別進路[[#This Row],[合格時期]]<O$5,1,0)) -> 1
A43: 2407077 | B43: =VLOOKUP(T_学生別進路[[#This Row],[学籍番号]],進路状況入力シート!A:B,2,FALSE) -> 2-2 | C43: =VLOOKUP(T_学生別進路[[#This Row],[学籍番号]],進路状況入力シート!A:C,3,FALSE) -> SHRESTHA BHUWAN | D43: =IF(AND(T_学生別進路[[#This Row],[進路確定]]="○",T_学生別進路[[#This Row],[進学希望フラグ]]=1),"○","") -> ○ | E43: =_xlfn.IFNA(RIGHT(VLOOKUP(T_学生別進路[[#This Row],[学籍番号]]&"○",進路状況入力シート!K:K,1,FALSE),1),"") -> ○ | F43: =IF(T_学生別進路[[#This Row],[進学希望フラグ]]=0,"",IF(T_学生別進路[[#This Row],[進路確定]]="○",1,0)) -> 1 | G43: =IF( AND( COUNTIFS(T_進路入力[学籍番号],T_学生別進路[[#This Row],[学籍番号]], T_進路入力[状況],"進学以外")>0, COUNTIFS(T_進路入力[学籍番号],T_学生別進路[[#This Row],[学籍番号]], T_進路入力[状況],"<>進学以外")>0 ), 0, IF(VLOOKUP(T_学生別進路[[#This Row],[学籍番号]],T_進路入力[],6,FALSE)="進学以外",0,1) ) -> 1 | H43: =_xlfn.XLOOKUP(T_学生別進路[[#This Row],[学籍番号]]&"○",進路状況入力シート!K:K,進路状況入力シート!D:D,"",0,1) -> 東京国際ビジネスカレッジ神戸校 | J43: 45931 | K43: =IF(T_学生別進路[[#This Row],[合格時期]]="",0,IF(T_学生別進路[[#This Row],[合格時期]]<K$5,1,0)) -> 1 | L43: =IF(T_学生別進路[[#This Row],[合格時期]]="",0,IF(T_学生別進路[[#This Row],[合格時期]]<L$5,1,0)) -> 1 | M43: =IF(T_学生別進路[[#This Row],[合格時期]]="",0,IF(T_学生別進路[[#This Row],[合格時期]]<M$5,1,0)) -> 1 | N43: =IF(T_学生別進路[[#This Row],[合格時期]]="",0,IF(T_学生別進路[[#This Row],[合格時期]]<N$5,1,0)) -> 1 | O43: =IF(T_学生別進路[[#This Row],[合格時期]]="",0,IF(T_学生別進路[[#This Row],[合格時期]]<O$5,1,0)) -> 1
A44: 2501002 | B44: =VLOOKUP(T_学生別進路[[#This Row],[学籍番号]],進路状況入力シート!A:B,2,FALSE) -> 2-2 | C44: =VLOOKUP(T_学生別進路[[#This Row],[学籍番号]],進路状況入力シート!A:C,3,FALSE) -> NWAY KHET KHET PAN | D44: =IF(AND(T_学生別進路[[#This Row],[進路確定]]="○",T_学生別進路[[#This Row],[進学希望フラグ]]=1),"○","") | E44: =_xlfn.IFNA(RIGHT(VLOOKUP(T_学生別進路[[#This Row],[学籍番号]]&"○",進路状況入力シート!K:K,1,FALSE),1),"") -> ○ | F44: =IF(T_学生別進路[[#This Row],[進学希望フラグ]]=0,"",IF(T_学生別進路[[#This Row],[進路確定]]="○",1,0)) | G44: =IF( AND( COUNTIFS(T_進路入力[学籍番号],T_学生別進路[[#This Row],[学籍番号]], T_進路入力[状況],"進学以外")>0, COUNTIFS(T_進路入力[学籍番号],T_学生別進路[[#This Row],[学籍番号]], T_進路入力[状況],"<>進学以外")>0 ), 0, IF(VLOOKUP(T_学生別進路[[#This Row],[学籍番号]],T_進路入力[],6,FALSE)="進学以外",0,1) ) -> 0 | H44: =_xlfn.XLOOKUP(T_学生別進路[[#This Row],[学籍番号]]&"○",進路状況入力シート!K:K,進路状況入力シート!D:D,"",0,1) -> 0 | I44: B | K44: =IF(T_学生別進路[[#This Row],[合格時期]]="",0,IF(T_学生別進路[[#This Row],[合格時期]]<K$5,1,0)) -> 0 | L44: =IF(T_学生別進路[[#This Row],[合格時期]]="",0,IF(T_学生別進路[[#This Row],[合格時期]]<L$5,1,0)) -> 0 | M44: =IF(T_学生別進路[[#This Row],[合格時期]]="",0,IF(T_学生別進路[[#This Row],[合格時期]]<M$5,1,0)) -> 0 | N44: =IF(T_学生別進路[[#This Row],[合格時期]]="",0,IF(T_学生別進路[[#This Row],[合格時期]]<N$5,1,0)) -> 0 | O44: =IF(T_学生別進路[[#This Row],[合格時期]]="",0,IF(T_学生別進路[[#This Row],[合格時期]]<O$5,1,0)) -> 0
A45: 2404019 | B45: =VLOOKUP(T_学生別進路[[#This Row],[学籍番号]],進路状況入力シート!A:B,2,FALSE) -> 2-3 | C45: =VLOOKUP(T_学生別進路[[#This Row],[学籍番号]],進路状況入力シート!A:C,3,FALSE) -> MIN THIHA | D45: =IF(AND(T_学生別進路[[#This Row],[進路確定]]="○",T_学生別進路[[#This Row],[進学希望フラグ]]=1),"○","") -> ○ | E45: =_xlfn.IFNA(RIGHT(VLOOKUP(T_学生別進路[[#This Row],[学籍番号]]&"○",進路状況入力シート!K:K,1,FALSE),1),"") -> ○ | F45: =IF(T_学生別進路[[#This Row],[進学希望フラグ]]=0,"",IF(T_学生別進路[[#This Row],[進路確定]]="○",1,0)) -> 1 | G45: =IF( AND( COUNTIFS(T_進路入力[学籍番号],T_学生別進路[[#This Row],[学籍番号]], T_進路入力[状況],"進学以外")>0, COUNTIFS(T_進路入力[学籍番号],T_学生別進路[[#This Row],[学籍番号]], T_進路入力[状況],"<>進学以外")>0 ), 0, IF(VLOOKUP(T_学生別進路[[#This Row],[学籍番号]],T_進路入力[],6,FALSE)="進学以外",0,1) ) -> 1 | H45: =_xlfn.XLOOKUP(T_学生別進路[[#This Row],[学籍番号]]&"○",進路状況入力シート!K:K,進路状況入力シート!D:D,"",0,1) -> 岩谷学園よこはまITビジネス専門学校 | I45: B | J45: 45992 | K45: =IF(T_学生別進路[[#This Row],[合格時期]]="",0,IF(T_学生別進路[[#This Row],[合格時期]]<K$5,1,0)) -> 0 | L45: =IF(T_学生別進路[[#This Row],[合格時期]]="",0,IF(T_学生別進路[[#This Row],[合格時期]]<L$5,1,0)) -> 1 | M45: =IF(T_学生別進路[[#This Row],[合格時期]]="",0,IF(T_学生別進路[[#This Row],[合格時期]]<M$5,1,0)) -> 1 | N45: =IF(T_学生別進路[[#This Row],[合格時期]]="",0,IF(T_学生別進路[[#This Row],[合格時期]]<N$5,1,0)) -> 1 | O45: =IF(T_学生別進路[[#This Row],[合格時期]]="",0,IF(T_学生別進路[[#This Row],[合格時期]]<O$5,1,0)) -> 1
A46: 2404044 | B46: =VLOOKUP(T_学生別進路[[#This Row],[学籍番号]],進路状況入力シート!A:B,2,FALSE) -> 2-3 | C46: =VLOOKUP(T_学生別進路[[#This Row],[学籍番号]],進路状況入力シート!A:C,3,FALSE) -> THURA LINN | D46: =IF(AND(T_学生別進路[[#This Row],[進路確定]]="○",T_学生別進路[[#This Row],[進学希望フラグ]]=1),"○","") -> ○ | E46: =_xlfn.IFNA(RIGHT(VLOOKUP(T_学生別進路[[#This Row],[学籍番号]]&"○",進路状況入力シート!K:K,1,FALSE),1),"") -> ○ | F46: =IF(T_学生別進路[[#This Row],[進学希望フラグ]]=0,"",IF(T_学生別進路[[#This Row],[進路確定]]="○",1,0)) -> 1 | G46: =IF( AND( COUNTIFS(T_進路入力[学籍番号],T_学生別進路[[#This Row],[学籍番号]], T_進路入力[状況],"進学以外")>0, COUNTIFS(T_進路入力[学籍番号],T_学生別進路[[#This Row],[学籍番号]], T_進路入力[状況],"<>進学以外")>0 ), 0, IF(VLOOKUP(T_学生別進路[[#This Row],[学籍番号]],T_進路入力[],6,FALSE)="進学以外",0,1) ) -> 1 | H46: =_xlfn.XLOOKUP(T_学生別進路[[#This Row],[学籍番号]]&"○",進路状況入力シート!K:K,進路状況入力シート!D:D,"",0,1) -> ECC国際外語専門学校 | J46: 46023 | K46: =IF(T_学生別進路[[#This Row],[合格時期]]="",0,IF(T_学生別進路[[#This Row],[合格時期]]<K$5,1,0)) -> 0 | L46: =IF(T_学生別進路[[#This Row],[合格時期]]="",0,IF(T_学生別進路[[#This Row],[合格時期]]<L$5,1,0)) -> 0 | M46: =IF(T_学生別進路[[#This Row],[合格時期]]="",0,IF(T_学生別進路[[#This Row],[合格時期]]<M$5,1,0)) -> 1 | N46: =IF(T_学生別進路[[#This Row],[合格時期]]="",0,IF(T_学生別進路[[#This Row],[合格時期]]<N$5,1,0)) -> 1 | O46: =IF(T_学生別進路[[#This Row],[合格時期]]="",0,IF(T_学生別進路[[#This Row],[合格時期]]<O$5,1,0)) -> 1
A47: 2404048 | B47: =VLOOKUP(T_学生別進路[[#This Row],[学籍番号]],進路状況入力シート!A:B,2,FALSE) -> 2-3 | C47: =VLOOKUP(T_学生別進路[[#This Row],[学籍番号]],進路状況入力シート!A:C,3,FALSE) -> MIN HTET PAING | D47: =IF(AND(T_学生別進路[[#This Row],[進路確定]]="○",T_学生別進路[[#This Row],[進学希望フラグ]]=1),"○","") | E47: =_xlfn.IFNA(RIGHT(VLOOKUP(T_学生別進路[[#This Row],[学籍番号]]&"○",進路状況入力シート!K:K,1,FALSE),1),"") | F47: =IF(T_学生別進路[[#This Row],[進学希望フラグ]]=0,"",IF(T_学生別進路[[#This Row],[進路確定]]="○",1,0)) | G47: =IF( AND( COUNTIFS(T_進路入力[学籍番号],T_学生別進路[[#This Row],[学籍番号]], T_進路入力[状況],"進学以外")>0, COUNTIFS(T_進路入力[学籍番号],T_学生別進路[[#This Row],[学籍番号]], T_進路入力[状況],"<>進学以外")>0 ), 0, IF(VLOOKUP(T_学生別進路[[#This Row],[学籍番号]],T_進路入力[],6,FALSE)="進学以外",0,1) ) -> 0 | H47: =_xlfn.XLOOKUP(T_学生別進路[[#This Row],[学籍番号]]&"○",進路状況入力シート!K:K,進路状況入力シート!D:D,"",0,1) | K47: =IF(T_学生別進路[[#This Row],[合格時期]]="",0,IF(T_学生別進路[[#This Row],[合格時期]]<K$5,1,0)) -> 0 | L47: =IF(T_学生別進路[[#This Row],[合格時期]]="",0,IF(T_学生別進路[[#This Row],[合格時期]]<L$5,1,0)) -> 0 | M47: =IF(T_学生別進路[[#This Row],[合格時期]]="",0,IF(T_学生別進路[[#This Row],[合格時期]]<M$5,1,0)) -> 0 | N47: =IF(T_学生別進路[[#This Row],[合格時期]]="",0,IF(T_学生別進路[[#This Row],[合格時期]]<N$5,1,0)) -> 0 | O47: =IF(T_学生別進路[[#This Row],[合格時期]]="",0,IF(T_学生別進路[[#This Row],[合格時期]]<O$5,1,0)) -> 0 | P47: 5/27期限
A48: 2404062 | B48: =VLOOKUP(T_学生別進路[[#This Row],[学籍番号]],進路状況入力シート!A:B,2,FALSE) -> 2-3 | C48: =VLOOKUP(T_学生別進路[[#This Row],[学籍番号]],進路状況入力シート!A:C,3,FALSE) -> HOSSAIN MD YEASIN | D48: =IF(AND(T_学生別進路[[#This Row],[進路確定]]="○",T_学生別進路[[#This Row],[進学希望フラグ]]=1),"○","") | E48: =_xlfn.IFNA(RIGHT(VLOOKUP(T_学生別進路[[#This Row],[学籍番号]]&"○",進路状況入力シート!K:K,1,FALSE),1),"") | F48: =IF(T_学生別進路[[#This Row],[進学希望フラグ]]=0,"",IF(T_学生別進路[[#This Row],[進路確定]]="○",1,0)) | G48: =IF( AND( COUNTIFS(T_進路入力[学籍番号],T_学生別進路[[#This Row],[学籍番号]], T_進路入力[状況],"進学以外")>0, COUNTIFS(T_進路入力[学籍番号],T_学生別進路[[#This Row],[学籍番号]], T_進路入力[状況],"<>進学以外")>0 ), 0, IF(VLOOKUP(T_学生別進路[[#This Row],[学籍番号]],T_進路入力[],6,FALSE)="進学以外",0,1) ) -> 0 | H48: =_xlfn.XLOOKUP(T_学生別進路[[#This Row],[学籍番号]]&"○",進路状況入力シート!K:K,進路状況入力シート!D:D,"",0,1) | K48: =IF(T_学生別進路[[#This Row],[合格時期]]="",0,IF(T_学生別進路[[#This Row],[合格時期]]<K$5,1,0)) -> 0 | L48: =IF(T_学生別進路[[#This Row],[合格時期]]="",0,IF(T_学生別進路[[#This Row],[合格時期]]<L$5,1,0)) -> 0 | M48: =IF(T_学生別進路[[#This Row],[合格時期]]="",0,IF(T_学生別進路[[#This Row],[合格時期]]<M$5,1,0)) -> 0 | N48: =IF(T_学生別進路[[#This Row],[合格時期]]="",0,IF(T_学生別進路[[#This Row],[合格時期]]<N$5,1,0)) -> 0 | O48: =IF(T_学生別進路[[#This Row],[合格時期]]="",0,IF(T_学生別進路[[#This Row],[合格時期]]<O$5,1,0)) -> 0 | P48: 在留期限５月２０日
A49: 2404075 | B49: =VLOOKUP(T_学生別進路[[#This Row],[学籍番号]],進路状況入力シート!A:B,2,FALSE) -> 2-3 | C49: =VLOOKUP(T_学生別進路[[#This Row],[学籍番号]],進路状況入力シート!A:C,3,FALSE) -> MD. RAKEBUL ISLAM RONY | D49: =IF(AND(T_学生別進路[[#This Row],[進路確定]]="○",T_学生別進路[[#This Row],[進学希望フラグ]]=1),"○","") -> ○ | E49: =_xlfn.IFNA(RIGHT(VLOOKUP(T_学生別進路[[#This Row],[学籍番号]]&"○",進路状況入力シート!K:K,1,FALSE),1),"") -> ○ | F49: =IF(T_学生別進路[[#This Row],[進学希望フラグ]]=0,"",IF(T_学生別進路[[#This Row],[進路確定]]="○",1,0)) -> 1 | G49: =IF( AND( COUNTIFS(T_進路入力[学籍番号],T_学生別進路[[#This Row],[学籍番号]], T_進路入力[状況],"進学以外")>0, COUNTIFS(T_進路入力[学籍番号],T_学生別進路[[#This Row],[学籍番号]], T_進路入力[状況],"<>進学以外")>0 ), 0, IF(VLOOKUP(T_学生別進路[[#This Row],[学籍番号]],T_進路入力[],6,FALSE)="進学以外",0,1) ) -> 1 | H49: =_xlfn.XLOOKUP(T_学生別進路[[#This Row],[学籍番号]]&"○",進路状況入力シート!K:K,進路状況入力シート!D:D,"",0,1) -> 神戸親和大学 | I49: A | J49: 45992 | K49: =IF(T_学生別進路[[#This Row],[合格時期]]="",0,IF(T_学生別進路[[#This Row],[合格時期]]<K$5,1,0)) -> 0 | L49: =IF(T_学生別進路[[#This Row],[合格時期]]="",0,IF(T_学生別進路[[#This Row],[合格時期]]<L$5,1,0)) -> 1 | M49: =IF(T_学生別進路[[#This Row],[合格時期]]="",0,IF(T_学生別進路[[#This Row],[合格時期]]<M$5,1,0)) -> 1 | N49: =IF(T_学生別進路[[#This Row],[合格時期]]="",0,IF(T_学生別進路[[#This Row],[合格時期]]<N$5,1,0)) -> 1 | O49: =IF(T_学生別進路[[#This Row],[合格時期]]="",0,IF(T_学生別進路[[#This Row],[合格時期]]<O$5,1,0)) -> 1
A50: 2404080 | B50: =VLOOKUP(T_学生別進路[[#This Row],[学籍番号]],進路状況入力シート!A:B,2,FALSE) -> 2-3 | C50: =VLOOKUP(T_学生別進路[[#This Row],[学籍番号]],進路状況入力シート!A:C,3,FALSE) -> HASAN MD MEHEDI | D50: =IF(AND(T_学生別進路[[#This Row],[進路確定]]="○",T_学生別進路[[#This Row],[進学希望フラグ]]=1),"○","") -> ○ | E50: =_xlfn.IFNA(RIGHT(VLOOKUP(T_学生別進路[[#This Row],[学籍番号]]&"○",進路状況入力シート!K:K,1,FALSE),1),"") -> ○ | F50: =IF(T_学生別進路[[#This Row],[進学希望フラグ]]=0,"",IF(T_学生別進路[[#This Row],[進路確定]]="○",1,0)) -> 1 | G50: =IF( AND( COUNTIFS(T_進路入力[学籍番号],T_学生別進路[[#This Row],[学籍番号]], T_進路入力[状況],"進学以外")>0, COUNTIFS(T_進路入力[学籍番号],T_学生別進路[[#This Row],[学籍番号]], T_進路入力[状況],"<>進学以外")>0 ), 0, IF(VLOOKUP(T_学生別進路[[#This Row],[学籍番号]],T_進路入力[],6,FALSE)="進学以外",0,1) ) -> 1 | H50: =_xlfn.XLOOKUP(T_学生別進路[[#This Row],[学籍番号]]&"○",進路状況入力シート!K:K,進路状況入力シート!D:D,"",0,1) -> CAD製図専門学校 | J50: 45839 | K50: =IF(T_学生別進路[[#This Row],[合格時期]]="",0,IF(T_学生別進路[[#This Row],[合格時期]]<K$5,1,0)) -> 1 | L50: =IF(T_学生別進路[[#This Row],[合格時期]]="",0,IF(T_学生別進路[[#This Row],[合格時期]]<L$5,1,0)) -> 1 | M50: =IF(T_学生別進路[[#This Row],[合格時期]]="",0,IF(T_学生別進路[[#This Row],[合格時期]]<M$5,1,0)) -> 1 | N50: =IF(T_学生別進路[[#This Row],[合格時期]]="",0,IF(T_学生別進路[[#This Row],[合格時期]]<N$5,1,0)) -> 1 | O50: =IF(T_学生別進路[[#This Row],[合格時期]]="",0,IF(T_学生別進路[[#This Row],[合格時期]]<O$5,1,0)) -> 1
A51: 2404087 | B51: =VLOOKUP(T_学生別進路[[#This Row],[学籍番号]],進路状況入力シート!A:B,2,FALSE) -> 2-3 | C51: =VLOOKUP(T_学生別進路[[#This Row],[学籍番号]],進路状況入力シート!A:C,3,FALSE) -> ABDUL KAIUM NAEEM | D51: =IF(AND(T_学生別進路[[#This Row],[進路確定]]="○",T_学生別進路[[#This Row],[進学希望フラグ]]=1),"○","") -> ○ | E51: =_xlfn.IFNA(RIGHT(VLOOKUP(T_学生別進路[[#This Row],[学籍番号]]&"○",進路状況入力シート!K:K,1,FALSE),1),"") -> ○ | F51: =IF(T_学生別進路[[#This Row],[進学希望フラグ]]=0,"",IF(T_学生別進路[[#This Row],[進路確定]]="○",1,0)) -> 1 | G51: =IF( AND( COUNTIFS(T_進路入力[学籍番号],T_学生別進路[[#This Row],[学籍番号]], T_進路入力[状況],"進学以外")>0, COUNTIFS(T_進路入力[学籍番号],T_学生別進路[[#This Row],[学籍番号]], T_進路入力[状況],"<>進学以外")>0 ), 0, IF(VLOOKUP(T_学生別進路[[#This Row],[学籍番号]],T_進路入力[],6,FALSE)="進学以外",0,1) ) -> 1 | H51: =_xlfn.XLOOKUP(T_学生別進路[[#This Row],[学籍番号]]&"○",進路状況入力シート!K:K,進路状況入力シート!D:D,"",0,1) -> 日商簿記三鷹福祉専門学校 | J51: 45931 | K51: =IF(T_学生別進路[[#This Row],[合格時期]]="",0,IF(T_学生別進路[[#This Row],[合格時期]]<K$5,1,0)) -> 1 | L51: =IF(T_学生別進路[[#This Row],[合格時期]]="",0,IF(T_学生別進路[[#This Row],[合格時期]]<L$5,1,0)) -> 1 | M51: =IF(T_学生別進路[[#This Row],[合格時期]]="",0,IF(T_学生別進路[[#This Row],[合格時期]]<M$5,1,0)) -> 1 | N51: =IF(T_学生別進路[[#This Row],[合格時期]]="",0,IF(T_学生別進路[[#This Row],[合格時期]]<N$5,1,0)) -> 1 | O51: =IF(T_学生別進路[[#This Row],[合格時期]]="",0,IF(T_学生別進路[[#This Row],[合格時期]]<O$5,1,0)) -> 1
A52: 2404102 | B52: =VLOOKUP(T_学生別進路[[#This Row],[学籍番号]],進路状況入力シート!A:B,2,FALSE) -> 2-3 | C52: =VLOOKUP(T_学生別進路[[#This Row],[学籍番号]],進路状況入力シート!A:C,3,FALSE) -> SHAMIM HOSSAIN | D52: =IF(AND(T_学生別進路[[#This Row],[進路確定]]="○",T_学生別進路[[#This Row],[進学希望フラグ]]=1),"○","") -> ○ | E52: =_xlfn.IFNA(RIGHT(VLOOKUP(T_学生別進路[[#This Row],[学籍番号]]&"○",進路状況入力シート!K:K,1,FALSE),1),"") -> ○ | F52: =IF(T_学生別進路[[#This Row],[進学希望フラグ]]=0,"",IF(T_学生別進路[[#This Row],[進路確定]]="○",1,0)) -> 1 | G52: =IF( AND( COUNTIFS(T_進路入力[学籍番号],T_学生別進路[[#This Row],[学籍番号]], T_進路入力[状況],"進学以外")>0, COUNTIFS(T_進路入力[学籍番号],T_学生別進路[[#This Row],[学籍番号]], T_進路入力[状況],"<>進学以外")>0 ), 0, IF(VLOOKUP(T_学生別進路[[#This Row],[学籍番号]],T_進路入力[],6,FALSE)="進学以外",0,1) ) -> 1 | H52: =_xlfn.XLOOKUP(T_学生別進路[[#This Row],[学籍番号]]&"○",進路状況入力シート!K:K,進路状況入力シート!D:D,"",0,1) -> CAD製図専門学校 | J52: 45870 | K52: =IF(T_学生別進路[[#This Row],[合格時期]]="",0,IF(T_学生別進路[[#This Row],[合格時期]]<K$5,1,0)) -> 1 | L52: =IF(T_学生別進路[[#This Row],[合格時期]]="",0,IF(T_学生別進路[[#This Row],[合格時期]]<L$5,1,0)) -> 1 | M52: =IF(T_学生別進路[[#This Row],[合格時期]]="",0,IF(T_学生別進路[[#This Row],[合格時期]]<M$5,1,0)) -> 1 | N52: =IF(T_学生別進路[[#This Row],[合格時期]]="",0,IF(T_学生別進路[[#This Row],[合格時期]]<N$5,1,0)) -> 1 | O52: =IF(T_学生別進路[[#This Row],[合格時期]]="",0,IF(T_学生別進路[[#This Row],[合格時期]]<O$5,1,0)) -> 1
A53: 2404129 | B53: =VLOOKUP(T_学生別進路[[#This Row],[学籍番号]],進路状況入力シート!A:B,2,FALSE) -> 2-3 | C53: =VLOOKUP(T_学生別進路[[#This Row],[学籍番号]],進路状況入力シート!A:C,3,FALSE) -> AHMED MD JUBAYER | D53: =IF(AND(T_学生別進路[[#This Row],[進路確定]]="○",T_学生別進路[[#This Row],[進学希望フラグ]]=1),"○","") -> ○ | E53: =_xlfn.IFNA(RIGHT(VLOOKUP(T_学生別進路[[#This Row],[学籍番号]]&"○",進路状況入力シート!K:K,1,FALSE),1),"") -> ○ | F53: =IF(T_学生別進路[[#This Row],[進学希望フラグ]]=0,"",IF(T_学生別進路[[#This Row],[進路確定]]="○",1,0)) -> 1 | G53: =IF( AND( COUNTIFS(T_進路入力[学籍番号],T_学生別進路[[#This Row],[学籍番号]], T_進路入力[状況],"進学以外")>0, COUNTIFS(T_進路入力[学籍番号],T_学生別進路[[#This Row],[学籍番号]], T_進路入力[状況],"<>進学以外")>0 ), 0, IF(VLOOKUP(T_学生別進路[[#This Row],[学籍番号]],T_進路入力[],6,FALSE)="進学以外",0,1) ) -> 1 | H53: =_xlfn.XLOOKUP(T_学生別進路[[#This Row],[学籍番号]]&"○",進路状況入力シート!K:K,進路状況入力シート!D:D,"",0,1) -> 中部国際自動車大学校 | J53: 45931 | K53: =IF(T_学生別進路[[#This Row],[合格時期]]="",0,IF(T_学生別進路[[#This Row],[合格時期]]<K$5,1,0)) -> 1 | L53: =IF(T_学生別進路[[#This Row],[合格時期]]="",0,IF(T_学生別進路[[#This Row],[合格時期]]<L$5,1,0)) -> 1 | M53: =IF(T_学生別進路[[#This Row],[合格時期]]="",0,IF(T_学生別進路[[#This Row],[合格時期]]<M$5,1,0)) -> 1 | N53: =IF(T_学生別進路[[#This Row],[合格時期]]="",0,IF(T_学生別進路[[#This Row],[合格時期]]<N$5,1,0)) -> 1 | O53: =IF(T_学生別進路[[#This Row],[合格時期]]="",0,IF(T_学生別進路[[#This Row],[合格時期]]<O$5,1,0)) -> 1
A54: 2404133 | B54: =VLOOKUP(T_学生別進路[[#This Row],[学籍番号]],進路状況入力シート!A:B,2,FALSE) -> 2-3 | C54: =VLOOKUP(T_学生別進路[[#This Row],[学籍番号]],進路状況入力シート!A:C,3,FALSE) -> SHRESTHA YAM KUMAR | D54: =IF(AND(T_学生別進路[[#This Row],[進路確定]]="○",T_学生別進路[[#This Row],[進学希望フラグ]]=1),"○","") -> ○ | E54: =_xlfn.IFNA(RIGHT(VLOOKUP(T_学生別進路[[#This Row],[学籍番号]]&"○",進路状況入力シート!K:K,1,FALSE),1),"") -> ○ | F54: =IF(T_学生別進路[[#This Row],[進学希望フラグ]]=0,"",IF(T_学生別進路[[#This Row],[進路確定]]="○",1,0)) -> 1 | G54: =IF( AND( COUNTIFS(T_進路入力[学籍番号],T_学生別進路[[#This Row],[学籍番号]], T_進路入力[状況],"進学以外")>0, COUNTIFS(T_進路入力[学籍番号],T_学生別進路[[#This Row],[学籍番号]], T_進路入力[状況],"<>進学以外")>0 ), 0, IF(VLOOKUP(T_学生別進路[[#This Row],[学籍番号]],T_進路入力[],6,FALSE)="進学以外",0,1) ) -> 1 | H54: =_xlfn.XLOOKUP(T_学生別進路[[#This Row],[学籍番号]]&"○",進路状況入力シート!K:K,進路状況入力シート!D:D,"",0,1) -> 専門学校アートカレッジ神戸 | J54: 45839 | K54: =IF(T_学生別進路[[#This Row],[合格時期]]="",0,IF(T_学生別進路[[#This Row],[合格時期]]<K$5,1,0)) -> 1 | L54: =IF(T_学生別進路[[#This Row],[合格時期]]="",0,IF(T_学生別進路[[#This Row],[合格時期]]<L$5,1,0)) -> 1 | M54: =IF(T_学生別進路[[#This Row],[合格時期]]="",0,IF(T_学生別進路[[#This Row],[合格時期]]<M$5,1,0)) -> 1 | N54: =IF(T_学生別進路[[#This Row],[合格時期]]="",0,IF(T_学生別進路[[#This Row],[合格時期]]<N$5,1,0)) -> 1 | O54: =IF(T_学生別進路[[#This Row],[合格時期]]="",0,IF(T_学生別進路[[#This Row],[合格時期]]<O$5,1,0)) -> 1
A55: 2404134 | B55: =VLOOKUP(T_学生別進路[[#This Row],[学籍番号]],進路状況入力シート!A:B,2,FALSE) -> 2-3 | C55: =VLOOKUP(T_学生別進路[[#This Row],[学籍番号]],進路状況入力シート!A:C,3,FALSE) -> UPAHAR SEDAI | D55: =IF(AND(T_学生別進路[[#This Row],[進路確定]]="○",T_学生別進路[[#This Row],[進学希望フラグ]]=1),"○","") -> ○ | E55: =_xlfn.IFNA(RIGHT(VLOOKUP(T_学生別進路[[#This Row],[学籍番号]]&"○",進路状況入力シート!K:K,1,FALSE),1),"") -> ○ | F55: =IF(T_学生別進路[[#This Row],[進学希望フラグ]]=0,"",IF(T_学生別進路[[#This Row],[進路確定]]="○",1,0)) -> 1 | G55: =IF( AND( COUNTIFS(T_進路入力[学籍番号],T_学生別進路[[#This Row],[学籍番号]], T_進路入力[状況],"進学以外")>0, COUNTIFS(T_進路入力[学籍番号],T_学生別進路[[#This Row],[学籍番号]], T_進路入力[状況],"<>進学以外")>0 ), 0, IF(VLOOKUP(T_学生別進路[[#This Row],[学籍番号]],T_進路入力[],6,FALSE)="進学以外",0,1) ) -> 1 | H55: =_xlfn.XLOOKUP(T_学生別進路[[#This Row],[学籍番号]]&"○",進路状況入力シート!K:K,進路状況入力シート!D:D,"",0,1) -> 専門学校アートカレッジ神戸 | J55: 45870 | K55: =IF(T_学生別進路[[#This Row],[合格時期]]="",0,IF(T_学生別進路[[#This Row],[合格時期]]<K$5,1,0)) -> 1 | L55: =IF(T_学生別進路[[#This Row],[合格時期]]="",0,IF(T_学生別進路[[#This Row],[合格時期]]<L$5,1,0)) -> 1 | M55: =IF(T_学生別進路[[#This Row],[合格時期]]="",0,IF(T_学生別進路[[#This Row],[合格時期]]<M$5,1,0)) -> 1 | N55: =IF(T_学生別進路[[#This Row],[合格時期]]="",0,IF(T_学生別進路[[#This Row],[合格時期]]<N$5,1,0)) -> 1 | O55: =IF(T_学生別進路[[#This Row],[合格時期]]="",0,IF(T_学生別進路[[#This Row],[合格時期]]<O$5,1,0)) -> 1
A56: 2404139 | B56: =VLOOKUP(T_学生別進路[[#This Row],[学籍番号]],進路状況入力シート!A:B,2,FALSE) -> 2-3 | C56: =VLOOKUP(T_学生別進路[[#This Row],[学籍番号]],進路状況入力シート!A:C,3,FALSE) -> DURGA BAHADUR DARAI | D56: =IF(AND(T_学生別進路[[#This Row],[進路確定]]="○",T_学生別進路[[#This Row],[進学希望フラグ]]=1),"○","") -> ○ | E56: =_xlfn.IFNA(RIGHT(VLOOKUP(T_学生別進路[[#This Row],[学籍番号]]&"○",進路状況入力シート!K:K,1,FALSE),1),"") -> ○ | F56: =IF(T_学生別進路[[#This Row],[進学希望フラグ]]=0,"",IF(T_学生別進路[[#This Row],[進路確定]]="○",1,0)) -> 1 | G56: =IF( AND( COUNTIFS(T_進路入力[学籍番号],T_学生別進路[[#This Row],[学籍番号]], T_進路入力[状況],"進学以外")>0, COUNTIFS(T_進路入力[学籍番号],T_学生別進路[[#This Row],[学籍番号]], T_進路入力[状況],"<>進学以外")>0 ), 0, IF(VLOOKUP(T_学生別進路[[#This Row],[学籍番号]],T_進路入力[],6,FALSE)="進学以外",0,1) ) -> 1 | H56: =_xlfn.XLOOKUP(T_学生別進路[[#This Row],[学籍番号]]&"○",進路状況入力シート!K:K,進路状況入力シート!D:D,"",0,1) -> 関西国際旅行・ホテル専門学校 | J56: 45839 | K56: =IF(T_学生別進路[[#This Row],[合格時期]]="",0,IF(T_学生別進路[[#This Row],[合格時期]]<K$5,1,0)) -> 1 | L56: =IF(T_学生別進路[[#This Row],[合格時期]]="",0,IF(T_学生別進路[[#This Row],[合格時期]]<L$5,1,0)) -> 1 | M56: =IF(T_学生別進路[[#This Row],[合格時期]]="",0,IF(T_学生別進路[[#This Row],[合格時期]]<M$5,1,0)) -> 1 | N56: =IF(T_学生別進路[[#This Row],[合格時期]]="",0,IF(T_学生別進路[[#This Row],[合格時期]]<N$5,1,0)) -> 1 | O56: =IF(T_学生別進路[[#This Row],[合格時期]]="",0,IF(T_学生別進路[[#This Row],[合格時期]]<O$5,1,0)) -> 1
A57: 2404140 | B57: =VLOOKUP(T_学生別進路[[#This Row],[学籍番号]],進路状況入力シート!A:B,2,FALSE) -> 2-3 | C57: =VLOOKUP(T_学生別進路[[#This Row],[学籍番号]],進路状況入力シート!A:C,3,FALSE) -> SUSMA TAMANG | D57: =IF(AND(T_学生別進路[[#This Row],[進路確定]]="○",T_学生別進路[[#This Row],[進学希望フラグ]]=1),"○","") -> ○ | E57: =_xlfn.IFNA(RIGHT(VLOOKUP(T_学生別進路[[#This Row],[学籍番号]]&"○",進路状況入力シート!K:K,1,FALSE),1),"") -> ○ | F57: =IF(T_学生別進路[[#This Row],[進学希望フラグ]]=0,"",IF(T_学生別進路[[#This Row],[進路確定]]="○",1,0)) -> 1 | G57: =IF( AND( COUNTIFS(T_進路入力[学籍番号],T_学生別進路[[#This Row],[学籍番号]], T_進路入力[状況],"進学以外")>0, COUNTIFS(T_進路入力[学籍番号],T_学生別進路[[#This Row],[学籍番号]], T_進路入力[状況],"<>進学以外")>0 ), 0, IF(VLOOKUP(T_学生別進路[[#This Row],[学籍番号]],T_進路入力[],6,FALSE)="進学以外",0,1) ) -> 1 | H57: =_xlfn.XLOOKUP(T_学生別進路[[#This Row],[学籍番号]]&"○",進路状況入力シート!K:K,進路状況入力シート!D:D,"",0,1) -> 神戸親和大学 | I57: A | J57: 45992 | K57: =IF(T_学生別進路[[#This Row],[合格時期]]="",0,IF(T_学生別進路[[#This Row],[合格時期]]<K$5,1,0)) -> 0 | L57: =IF(T_学生別進路[[#This Row],[合格時期]]="",0,IF(T_学生別進路[[#This Row],[合格時期]]<L$5,1,0)) -> 1 | M57: =IF(T_学生別進路[[#This Row],[合格時期]]="",0,IF(T_学生別進路[[#This Row],[合格時期]]<M$5,1,0)) -> 1 | N57: =IF(T_学生別進路[[#This Row],[合格時期]]="",0,IF(T_学生別進路[[#This Row],[合格時期]]<N$5,1,0)) -> 1 | O57: =IF(T_学生別進路[[#This Row],[合格時期]]="",0,IF(T_学生別進路[[#This Row],[合格時期]]<O$5,1,0)) -> 1
A58: 2404146 | B58: =VLOOKUP(T_学生別進路[[#This Row],[学籍番号]],進路状況入力シート!A:B,2,FALSE) -> 2-3 | C58: =VLOOKUP(T_学生別進路[[#This Row],[学籍番号]],進路状況入力シート!A:C,3,FALSE) -> RUPESH LAMICHHANE | D58: =IF(AND(T_学生別進路[[#This Row],[進路確定]]="○",T_学生別進路[[#This Row],[進学希望フラグ]]=1),"○","") -> ○ | E58: =_xlfn.IFNA(RIGHT(VLOOKUP(T_学生別進路[[#This Row],[学籍番号]]&"○",進路状況入力シート!K:K,1,FALSE),1),"") -> ○ | F58: =IF(T_学生別進路[[#This Row],[進学希望フラグ]]=0,"",IF(T_学生別進路[[#This Row],[進路確定]]="○",1,0)) -> 1 | G58: =IF( AND( COUNTIFS(T_進路入力[学籍番号],T_学生別進路[[#This Row],[学籍番号]], T_進路入力[状況],"進学以外")>0, COUNTIFS(T_進路入力[学籍番号],T_学生別進路[[#This Row],[学籍番号]], T_進路入力[状況],"<>進学以外")>0 ), 0, IF(VLOOKUP(T_学生別進路[[#This Row],[学籍番号]],T_進路入力[],6,FALSE)="進学以外",0,1) ) -> 1 | H58: =_xlfn.XLOOKUP(T_学生別進路[[#This Row],[学籍番号]]&"○",進路状況入力シート!K:K,進路状況入力シート!D:D,"",0,1) -> 神戸親和大学 | I58: A | J58: 45992 | K58: =IF(T_学生別進路[[#This Row],[合格時期]]="",0,IF(T_学生別進路[[#This Row],[合格時期]]<K$5,1,0)) -> 0 | L58: =IF(T_学生別進路[[#This Row],[合格時期]]="",0,IF(T_学生別進路[[#This Row],[合格時期]]<L$5,1,0)) -> 1 | M58: =IF(T_学生別進路[[#This Row],[合格時期]]="",0,IF(T_学生別進路[[#This Row],[合格時期]]<M$5,1,0)) -> 1 | N58: =IF(T_学生別進路[[#This Row],[合格時期]]="",0,IF(T_学生別進路[[#This Row],[合格時期]]<N$5,1,0)) -> 1 | O58: =IF(T_学生別進路[[#This Row],[合格時期]]="",0,IF(T_学生別進路[[#This Row],[合格時期]]<O$5,1,0)) -> 1
A59: 2404148 | B59: =VLOOKUP(T_学生別進路[[#This Row],[学籍番号]],進路状況入力シート!A:B,2,FALSE) -> 2-3 | C59: =VLOOKUP(T_学生別進路[[#This Row],[学籍番号]],進路状況入力シート!A:C,3,FALSE) -> BISHNU PRASAD BHANDARI | D59: =IF(AND(T_学生別進路[[#This Row],[進路確定]]="○",T_学生別進路[[#This Row],[進学希望フラグ]]=1),"○","") -> ○ | E59: =_xlfn.IFNA(RIGHT(VLOOKUP(T_学生別進路[[#This Row],[学籍番号]]&"○",進路状況入力シート!K:K,1,FALSE),1),"") -> ○ | F59: =IF(T_学生別進路[[#This Row],[進学希望フラグ]]=0,"",IF(T_学生別進路[[#This Row],[進路確定]]="○",1,0)) -> 1 | G59: =IF( AND( COUNTIFS(T_進路入力[学籍番号],T_学生別進路[[#This Row],[学籍番号]], T_進路入力[状況],"進学以外")>0, COUNTIFS(T_進路入力[学籍番号],T_学生別進路[[#This Row],[学籍番号]], T_進路入力[状況],"<>進学以外")>0 ), 0, IF(VLOOKUP(T_学生別進路[[#This Row],[学籍番号]],T_進路入力[],6,FALSE)="進学以外",0,1) ) -> 1 | H59: =_xlfn.XLOOKUP(T_学生別進路[[#This Row],[学籍番号]]&"○",進路状況入力シート!K:K,進路状況入力シート!D:D,"",0,1) -> 専門学校花壇自動車大学校 | J59: 45962 | K59: =IF(T_学生別進路[[#This Row],[合格時期]]="",0,IF(T_学生別進路[[#This Row],[合格時期]]<K$5,1,0)) -> 1 | L59: =IF(T_学生別進路[[#This Row],[合格時期]]="",0,IF(T_学生別進路[[#This Row],[合格時期]]<L$5,1,0)) -> 1 | M59: =IF(T_学生別進路[[#This Row],[合格時期]]="",0,IF(T_学生別進路[[#This Row],[合格時期]]<M$5,1,0)) -> 1 | N59: =IF(T_学生別進路[[#This Row],[合格時期]]="",0,IF(T_学生別進路[[#This Row],[合格時期]]<N$5,1,0)) -> 1 | O59: =IF(T_学生別進路[[#This Row],[合格時期]]="",0,IF(T_学生別進路[[#This Row],[合格時期]]<O$5,1,0)) -> 1
A60: 2404149 | B60: =VLOOKUP(T_学生別進路[[#This Row],[学籍番号]],進路状況入力シート!A:B,2,FALSE) -> 2-3 | C60: =VLOOKUP(T_学生別進路[[#This Row],[学籍番号]],進路状況入力シート!A:C,3,FALSE) -> GITA KUMARI RANA | D60: =IF(AND(T_学生別進路[[#This Row],[進路確定]]="○",T_学生別進路[[#This Row],[進学希望フラグ]]=1),"○","") -> ○ | E60: =_xlfn.IFNA(RIGHT(VLOOKUP(T_学生別進路[[#This Row],[学籍番号]]&"○",進路状況入力シート!K:K,1,FALSE),1),"") -> ○ | F60: =IF(T_学生別進路[[#This Row],[進学希望フラグ]]=0,"",IF(T_学生別進路[[#This Row],[進路確定]]="○",1,0)) -> 1 | G60: =IF( AND( COUNTIFS(T_進路入力[学籍番号],T_学生別進路[[#This Row],[学籍番号]], T_進路入力[状況],"進学以外")>0, COUNTIFS(T_進路入力[学籍番号],T_学生別進路[[#This Row],[学籍番号]], T_進路入力[状況],"<>進学以外")>0 ), 0, IF(VLOOKUP(T_学生別進路[[#This Row],[学籍番号]],T_進路入力[],6,FALSE)="進学以外",0,1) ) -> 1 | H60: =_xlfn.XLOOKUP(T_学生別進路[[#This Row],[学籍番号]]&"○",進路状況入力シート!K:K,進路状況入力シート!D:D,"",0,1) -> 専門学校アートカレッジ神戸 | J60: 45839 | K60: =IF(T_学生別進路[[#This Row],[合格時期]]="",0,IF(T_学生別進路[[#This Row],[合格時期]]<K$5,1,0)) -> 1 | L60: =IF(T_学生別進路[[#This Row],[合格時期]]="",0,IF(T_学生別進路[[#This Row],[合格時期]]<L$5,1,0)) -> 1 | M60: =IF(T_学生別進路[[#This Row],[合格時期]]="",0,IF(T_学生別進路[[#This Row],[合格時期]]<M$5,1,0)) -> 1 | N60: =IF(T_学生別進路[[#This Row],[合格時期]]="",0,IF(T_学生別進路[[#This Row],[合格時期]]<N$5,1,0)) -> 1 | O60: =IF(T_学生別進路[[#This Row],[合格時期]]="",0,IF(T_学生別進路[[#This Row],[合格時期]]<O$5,1,0)) -> 1
A61: 2404154 | B61: =VLOOKUP(T_学生別進路[[#This Row],[学籍番号]],進路状況入力シート!A:B,2,FALSE) -> 2-3 | C61: =VLOOKUP(T_学生別進路[[#This Row],[学籍番号]],進路状況入力シート!A:C,3,FALSE) -> AADITYA KUMAR CHAUDHARY | D61: =IF(AND(T_学生別進路[[#This Row],[進路確定]]="○",T_学生別進路[[#This Row],[進学希望フラグ]]=1),"○","") -> ○ | E61: =_xlfn.IFNA(RIGHT(VLOOKUP(T_学生別進路[[#This Row],[学籍番号]]&"○",進路状況入力シート!K:K,1,FALSE),1),"") -> ○ | F61: =IF(T_学生別進路[[#This Row],[進学希望フラグ]]=0,"",IF(T_学生別進路[[#This Row],[進路確定]]="○",1,0)) -> 1 | G61: =IF( AND( COUNTIFS(T_進路入力[学籍番号],T_学生別進路[[#This Row],[学籍番号]], T_進路入力[状況],"進学以外")>0, COUNTIFS(T_進路入力[学籍番号],T_学生別進路[[#This Row],[学籍番号]], T_進路入力[状況],"<>進学以外")>0 ), 0, IF(VLOOKUP(T_学生別進路[[#This Row],[学籍番号]],T_進路入力[],6,FALSE)="進学以外",0,1) ) -> 1 | H61: =_xlfn.XLOOKUP(T_学生別進路[[#This Row],[学籍番号]]&"○",進路状況入力シート!K:K,進路状況入力シート!D:D,"",0,1) -> 専門学校花壇自動車大学校 | J61: 45962 | K61: =IF(T_学生別進路[[#This Row],[合格時期]]="",0,IF(T_学生別進路[[#This Row],[合格時期]]<K$5,1,0)) -> 1 | L61: =IF(T_学生別進路[[#This Row],[合格時期]]="",0,IF(T_学生別進路[[#This Row],[合格時期]]<L$5,1,0)) -> 1 | M61: =IF(T_学生別進路[[#This Row],[合格時期]]="",0,IF(T_学生別進路[[#This Row],[合格時期]]<M$5,1,0)) -> 1 | N61: =IF(T_学生別進路[[#This Row],[合格時期]]="",0,IF(T_学生別進路[[#This Row],[合格時期]]<N$5,1,0)) -> 1 | O61: =IF(T_学生別進路[[#This Row],[合格時期]]="",0,IF(T_学生別進路[[#This Row],[合格時期]]<O$5,1,0)) -> 1
A62: 2404155 | B62: =VLOOKUP(T_学生別進路[[#This Row],[学籍番号]],進路状況入力シート!A:B,2,FALSE) -> 2-3 | C62: =VLOOKUP(T_学生別進路[[#This Row],[学籍番号]],進路状況入力シート!A:C,3,FALSE) -> BUDDHI BAHADUR BUDHATHOKI | D62: =IF(AND(T_学生別進路[[#This Row],[進路確定]]="○",T_学生別進路[[#This Row],[進学希望フラグ]]=1),"○","") -> ○ | E62: =_xlfn.IFNA(RIGHT(VLOOKUP(T_学生別進路[[#This Row],[学籍番号]]&"○",進路状況入力シート!K:K,1,FALSE),1),"") -> ○ | F62: =IF(T_学生別進路[[#This Row],[進学希望フラグ]]=0,"",IF(T_学生別進路[[#This Row],[進路確定]]="○",1,0)) -> 1 | G62: =IF( AND( COUNTIFS(T_進路入力[学籍番号],T_学生別進路[[#This Row],[学籍番号]], T_進路入力[状況],"進学以外")>0, COUNTIFS(T_進路入力[学籍番号],T_学生別進路[[#This Row],[学籍番号]], T_進路入力[状況],"<>進学以外")>0 ), 0, IF(VLOOKUP(T_学生別進路[[#This Row],[学籍番号]],T_進路入力[],6,FALSE)="進学以外",0,1) ) -> 1 | H62: =_xlfn.XLOOKUP(T_学生別進路[[#This Row],[学籍番号]]&"○",進路状況入力シート!K:K,進路状況入力シート!D:D,"",0,1) -> イーストウエスト外国語専門学校 | J62: 45931 | K62: =IF(T_学生別進路[[#This Row],[合格時期]]="",0,IF(T_学生別進路[[#This Row],[合格時期]]<K$5,1,0)) -> 1 | L62: =IF(T_学生別進路[[#This Row],[合格時期]]="",0,IF(T_学生別進路[[#This Row],[合格時期]]<L$5,1,0)) -> 1 | M62: =IF(T_学生別進路[[#This Row],[合格時期]]="",0,IF(T_学生別進路[[#This Row],[合格時期]]<M$5,1,0)) -> 1 | N62: =IF(T_学生別進路[[#This Row],[合格時期]]="",0,IF(T_学生別進路[[#This Row],[合格時期]]<N$5,1,0)) -> 1 | O62: =IF(T_学生別進路[[#This Row],[合格時期]]="",0,IF(T_学生別進路[[#This Row],[合格時期]]<O$5,1,0)) -> 1
A63: 2404158 | B63: =VLOOKUP(T_学生別進路[[#This Row],[学籍番号]],進路状況入力シート!A:B,2,FALSE) -> 2-3 | C63: =VLOOKUP(T_学生別進路[[#This Row],[学籍番号]],進路状況入力シート!A:C,3,FALSE) -> DAHAL MANISHA | D63: =IF(AND(T_学生別進路[[#This Row],[進路確定]]="○",T_学生別進路[[#This Row],[進学希望フラグ]]=1),"○","") -> ○ | E63: =_xlfn.IFNA(RIGHT(VLOOKUP(T_学生別進路[[#This Row],[学籍番号]]&"○",進路状況入力シート!K:K,1,FALSE),1),"") -> ○ | F63: =IF(T_学生別進路[[#This Row],[進学希望フラグ]]=0,"",IF(T_学生別進路[[#This Row],[進路確定]]="○",1,0)) -> 1 | G63: =IF( AND( COUNTIFS(T_進路入力[学籍番号],T_学生別進路[[#This Row],[学籍番号]], T_進路入力[状況],"進学以外")>0, COUNTIFS(T_進路入力[学籍番号],T_学生別進路[[#This Row],[学籍番号]], T_進路入力[状況],"<>進学以外")>0 ), 0, IF(VLOOKUP(T_学生別進路[[#This Row],[学籍番号]],T_進路入力[],6,FALSE)="進学以外",0,1) ) -> 1 | H63: =_xlfn.XLOOKUP(T_学生別進路[[#This Row],[学籍番号]]&"○",進路状況入力シート!K:K,進路状況入力シート!D:D,"",0,1) -> 専門学校アートカレッジ神戸 | J63: 45839 | K63: =IF(T_学生別進路[[#This Row],[合格時期]]="",0,IF(T_学生別進路[[#This Row],[合格時期]]<K$5,1,0)) -> 1 | L63: =IF(T_学生別進路[[#This Row],[合格時期]]="",0,IF(T_学生別進路[[#This Row],[合格時期]]<L$5,1,0)) -> 1 | M63: =IF(T_学生別進路[[#This Row],[合格時期]]="",0,IF(T_学生別進路[[#This Row],[合格時期]]<M$5,1,0)) -> 1 | N63: =IF(T_学生別進路[[#This Row],[合格時期]]="",0,IF(T_学生別進路[[#This Row],[合格時期]]<N$5,1,0)) -> 1 | O63: =IF(T_学生別進路[[#This Row],[合格時期]]="",0,IF(T_学生別進路[[#This Row],[合格時期]]<O$5,1,0)) -> 1
A64: 2404177 | B64: =VLOOKUP(T_学生別進路[[#This Row],[学籍番号]],進路状況入力シート!A:B,2,FALSE) -> 2-3 | C64: =VLOOKUP(T_学生別進路[[#This Row],[学籍番号]],進路状況入力シート!A:C,3,FALSE) -> KHADKA SARASWOTI | D64: =IF(AND(T_学生別進路[[#This Row],[進路確定]]="○",T_学生別進路[[#This Row],[進学希望フラグ]]=1),"○","") -> ○ | E64: =_xlfn.IFNA(RIGHT(VLOOKUP(T_学生別進路[[#This Row],[学籍番号]]&"○",進路状況入力シート!K:K,1,FALSE),1),"") -> ○ | F64: =IF(T_学生別進路[[#This Row],[進学希望フラグ]]=0,"",IF(T_学生別進路[[#This Row],[進路確定]]="○",1,0)) -> 1 | G64: =IF( AND( COUNTIFS(T_進路入力[学籍番号],T_学生別進路[[#This Row],[学籍番号]], T_進路入力[状況],"進学以外")>0, COUNTIFS(T_進路入力[学籍番号],T_学生別進路[[#This Row],[学籍番号]], T_進路入力[状況],"<>進学以外")>0 ), 0, IF(VLOOKUP(T_学生別進路[[#This Row],[学籍番号]],T_進路入力[],6,FALSE)="進学以外",0,1) ) -> 1 | H64: =_xlfn.XLOOKUP(T_学生別進路[[#This Row],[学籍番号]]&"○",進路状況入力シート!K:K,進路状況入力シート!D:D,"",0,1) -> 流通科学大学 | J64: 45962 | K64: =IF(T_学生別進路[[#This Row],[合格時期]]="",0,IF(T_学生別進路[[#This Row],[合格時期]]<K$5,1,0)) -> 1 | L64: =IF(T_学生別進路[[#This Row],[合格時期]]="",0,IF(T_学生別進路[[#This Row],[合格時期]]<L$5,1,0)) -> 1 | M64: =IF(T_学生別進路[[#This Row],[合格時期]]="",0,IF(T_学生別進路[[#This Row],[合格時期]]<M$5,1,0)) -> 1 | N64: =IF(T_学生別進路[[#This Row],[合格時期]]="",0,IF(T_学生別進路[[#This Row],[合格時期]]<N$5,1,0)) -> 1 | O64: =IF(T_学生別進路[[#This Row],[合格時期]]="",0,IF(T_学生別進路[[#This Row],[合格時期]]<O$5,1,0)) -> 1
A65: 2404081 | B65: =VLOOKUP(T_学生別進路[[#This Row],[学籍番号]],進路状況入力シート!A:B,2,FALSE) -> 2-4 | C65: =VLOOKUP(T_学生別進路[[#This Row],[学籍番号]],進路状況入力シート!A:C,3,FALSE) -> AL-AMIN-AL-SADI | D65: =IF(AND(T_学生別進路[[#This Row],[進路確定]]="○",T_学生別進路[[#This Row],[進学希望フラグ]]=1),"○","") -> ○ | E65: =_xlfn.IFNA(RIGHT(VLOOKUP(T_学生別進路[[#This Row],[学籍番号]]&"○",進路状況入力シート!K:K,1,FALSE),1),"") -> ○ | F65: =IF(T_学生別進路[[#This Row],[進学希望フラグ]]=0,"",IF(T_学生別進路[[#This Row],[進路確定]]="○",1,0)) -> 1 | G65: =IF( AND( COUNTIFS(T_進路入力[学籍番号],T_学生別進路[[#This Row],[学籍番号]], T_進路入力[状況],"進学以外")>0, COUNTIFS(T_進路入力[学籍番号],T_学生別進路[[#This Row],[学籍番号]], T_進路入力[状況],"<>進学以外")>0 ), 0, IF(VLOOKUP(T_学生別進路[[#This Row],[学籍番号]],T_進路入力[],6,FALSE)="進学以外",0,1) ) -> 1 | H65: =_xlfn.XLOOKUP(T_学生別進路[[#This Row],[学籍番号]]&"○",進路状況入力シート!K:K,進路状況入力シート!D:D,"",0,1) -> 関西国際大学 | I65: A | J65: 45962 | K65: =IF(T_学生別進路[[#This Row],[合格時期]]="",0,IF(T_学生別進路[[#This Row],[合格時期]]<K$5,1,0)) -> 1 | L65: =IF(T_学生別進路[[#This Row],[合格時期]]="",0,IF(T_学生別進路[[#This Row],[合格時期]]<L$5,1,0)) -> 1 | M65: =IF(T_学生別進路[[#This Row],[合格時期]]="",0,IF(T_学生別進路[[#This Row],[合格時期]]<M$5,1,0)) -> 1 | N65: =IF(T_学生別進路[[#This Row],[合格時期]]="",0,IF(T_学生別進路[[#This Row],[合格時期]]<N$5,1,0)) -> 1 | O65: =IF(T_学生別進路[[#This Row],[合格時期]]="",0,IF(T_学生別進路[[#This Row],[合格時期]]<O$5,1,0)) -> 1
A66: 2404091 | B66: =VLOOKUP(T_学生別進路[[#This Row],[学籍番号]],進路状況入力シート!A:B,2,FALSE) -> 2-4 | C66: =VLOOKUP(T_学生別進路[[#This Row],[学籍番号]],進路状況入力シート!A:C,3,FALSE) -> SHIHAB MOTIUR RAHMAN | D66: =IF(AND(T_学生別進路[[#This Row],[進路確定]]="○",T_学生別進路[[#This Row],[進学希望フラグ]]=1),"○","") -> ○ | E66: =_xlfn.IFNA(RIGHT(VLOOKUP(T_学生別進路[[#This Row],[学籍番号]]&"○",進路状況入力シート!K:K,1,FALSE),1),"") -> ○ | F66: =IF(T_学生別進路[[#This Row],[進学希望フラグ]]=0,"",IF(T_学生別進路[[#This Row],[進路確定]]="○",1,0)) -> 1 | G66: =IF( AND( COUNTIFS(T_進路入力[学籍番号],T_学生別進路[[#This Row],[学籍番号]], T_進路入力[状況],"進学以外")>0, COUNTIFS(T_進路入力[学籍番号],T_学生別進路[[#This Row],[学籍番号]], T_進路入力[状況],"<>進学以外")>0 ), 0, IF(VLOOKUP(T_学生別進路[[#This Row],[学籍番号]],T_進路入力[],6,FALSE)="進学以外",0,1) ) -> 1 | H66: =_xlfn.XLOOKUP(T_学生別進路[[#This Row],[学籍番号]]&"○",進路状況入力シート!K:K,進路状況入力シート!D:D,"",0,1) -> 大阪電子専門学校 | I66: A | J66: 45992 | K66: =IF(T_学生別進路[[#This Row],[合格時期]]="",0,IF(T_学生別進路[[#This Row],[合格時期]]<K$5,1,0)) -> 0 | L66: =IF(T_学生別進路[[#This Row],[合格時期]]="",0,IF(T_学生別進路[[#This Row],[合格時期]]<L$5,1,0)) -> 1 | M66: =IF(T_学生別進路[[#This Row],[合格時期]]="",0,IF(T_学生別進路[[#This Row],[合格時期]]<M$5,1,0)) -> 1 | N66: =IF(T_学生別進路[[#This Row],[合格時期]]="",0,IF(T_学生別進路[[#This Row],[合格時期]]<N$5,1,0)) -> 1 | O66: =IF(T_学生別進路[[#This Row],[合格時期]]="",0,IF(T_学生別進路[[#This Row],[合格時期]]<O$5,1,0)) -> 1
A67: 2404159 | B67: =VLOOKUP(T_学生別進路[[#This Row],[学籍番号]],進路状況入力シート!A:B,2,FALSE) -> 2-4 | C67: =VLOOKUP(T_学生別進路[[#This Row],[学籍番号]],進路状況入力シート!A:C,3,FALSE) -> RABIN THAPALIYA | D67: =IF(AND(T_学生別進路[[#This Row],[進路確定]]="○",T_学生別進路[[#This Row],[進学希望フラグ]]=1),"○","") -> ○ | E67: =_xlfn.IFNA(RIGHT(VLOOKUP(T_学生別進路[[#This Row],[学籍番号]]&"○",進路状況入力シート!K:K,1,FALSE),1),"") -> ○ | F67: =IF(T_学生別進路[[#This Row],[進学希望フラグ]]=0,"",IF(T_学生別進路[[#This Row],[進路確定]]="○",1,0)) -> 1 | G67: =IF( AND( COUNTIFS(T_進路入力[学籍番号],T_学生別進路[[#This Row],[学籍番号]], T_進路入力[状況],"進学以外")>0, COUNTIFS(T_進路入力[学籍番号],T_学生別進路[[#This Row],[学籍番号]], T_進路入力[状況],"<>進学以外")>0 ), 0, IF(VLOOKUP(T_学生別進路[[#This Row],[学籍番号]],T_進路入力[],6,FALSE)="進学以外",0,1) ) -> 1 | H67: =_xlfn.XLOOKUP(T_学生別進路[[#This Row],[学籍番号]]&"○",進路状況入力シート!K:K,進路状況入力シート!D:D,"",0,1) -> 岩谷学園よこはまITビジネス専門学校 | J67: 45931 | K67: =IF(T_学生別進路[[#This Row],[合格時期]]="",0,IF(T_学生別進路[[#This Row],[合格時期]]<K$5,1,0)) -> 1 | L67: =IF(T_学生別進路[[#This Row],[合格時期]]="",0,IF(T_学生別進路[[#This Row],[合格時期]]<L$5,1,0)) -> 1 | M67: =IF(T_学生別進路[[#This Row],[合格時期]]="",0,IF(T_学生別進路[[#This Row],[合格時期]]<M$5,1,0)) -> 1 | N67: =IF(T_学生別進路[[#This Row],[合格時期]]="",0,IF(T_学生別進路[[#This Row],[合格時期]]<N$5,1,0)) -> 1 | O67: =IF(T_学生別進路[[#This Row],[合格時期]]="",0,IF(T_学生別進路[[#This Row],[合格時期]]<O$5,1,0)) -> 1
A68: 2404182 | B68: =VLOOKUP(T_学生別進路[[#This Row],[学籍番号]],進路状況入力シート!A:B,2,FALSE) -> 2-4 | C68: =VLOOKUP(T_学生別進路[[#This Row],[学籍番号]],進路状況入力シート!A:C,3,FALSE) -> NABID TANJIM | D68: =IF(AND(T_学生別進路[[#This Row],[進路確定]]="○",T_学生別進路[[#This Row],[進学希望フラグ]]=1),"○","") -> ○ | E68: =_xlfn.IFNA(RIGHT(VLOOKUP(T_学生別進路[[#This Row],[学籍番号]]&"○",進路状況入力シート!K:K,1,FALSE),1),"") -> ○ | F68: =IF(T_学生別進路[[#This Row],[進学希望フラグ]]=0,"",IF(T_学生別進路[[#This Row],[進路確定]]="○",1,0)) -> 1 | G68: =IF( AND( COUNTIFS(T_進路入力[学籍番号],T_学生別進路[[#This Row],[学籍番号]], T_進路入力[状況],"進学以外")>0, COUNTIFS(T_進路入力[学籍番号],T_学生別進路[[#This Row],[学籍番号]], T_進路入力[状況],"<>進学以外")>0 ), 0, IF(VLOOKUP(T_学生別進路[[#This Row],[学籍番号]],T_進路入力[],6,FALSE)="進学以外",0,1) ) -> 1 | H68: =_xlfn.XLOOKUP(T_学生別進路[[#This Row],[学籍番号]]&"○",進路状況入力シート!K:K,進路状況入力シート!D:D,"",0,1) -> 流通科学大学 | J68: 45962 | K68: =IF(T_学生別進路[[#This Row],[合格時期]]="",0,IF(T_学生別進路[[#This Row],[合格時期]]<K$5,1,0)) -> 1 | L68: =IF(T_学生別進路[[#This Row],[合格時期]]="",0,IF(T_学生別進路[[#This Row],[合格時期]]<L$5,1,0)) -> 1 | M68: =IF(T_学生別進路[[#This Row],[合格時期]]="",0,IF(T_学生別進路[[#This Row],[合格時期]]<M$5,1,0)) -> 1 | N68: =IF(T_学生別進路[[#This Row],[合格時期]]="",0,IF(T_学生別進路[[#This Row],[合格時期]]<N$5,1,0)) -> 1 | O68: =IF(T_学生別進路[[#This Row],[合格時期]]="",0,IF(T_学生別進路[[#This Row],[合格時期]]<O$5,1,0)) -> 1
A69: 2407003 | B69: =VLOOKUP(T_学生別進路[[#This Row],[学籍番号]],進路状況入力シート!A:B,2,FALSE) -> 2-4 | C69: =VLOOKUP(T_学生別進路[[#This Row],[学籍番号]],進路状況入力シート!A:C,3,FALSE) -> 劉 暁聡 | D69: =IF(AND(T_学生別進路[[#This Row],[進路確定]]="○",T_学生別進路[[#This Row],[進学希望フラグ]]=1),"○","") -> ○ | E69: =_xlfn.IFNA(RIGHT(VLOOKUP(T_学生別進路[[#This Row],[学籍番号]]&"○",進路状況入力シート!K:K,1,FALSE),1),"") -> ○ | F69: =IF(T_学生別進路[[#This Row],[進学希望フラグ]]=0,"",IF(T_学生別進路[[#This Row],[進路確定]]="○",1,0)) -> 1 | G69: =IF( AND( COUNTIFS(T_進路入力[学籍番号],T_学生別進路[[#This Row],[学籍番号]], T_進路入力[状況],"進学以外")>0, COUNTIFS(T_進路入力[学籍番号],T_学生別進路[[#This Row],[学籍番号]], T_進路入力[状況],"<>進学以外")>0 ), 0, IF(VLOOKUP(T_学生別進路[[#This Row],[学籍番号]],T_進路入力[],6,FALSE)="進学以外",0,1) ) -> 1 | H69: =_xlfn.XLOOKUP(T_学生別進路[[#This Row],[学籍番号]]&"○",進路状況入力シート!K:K,進路状況入力シート!D:D,"",0,1) -> 福岡医健・スポーツ専門学校専門学校 | J69: 45962 | K69: =IF(T_学生別進路[[#This Row],[合格時期]]="",0,IF(T_学生別進路[[#This Row],[合格時期]]<K$5,1,0)) -> 1 | L69: =IF(T_学生別進路[[#This Row],[合格時期]]="",0,IF(T_学生別進路[[#This Row],[合格時期]]<L$5,1,0)) -> 1 | M69: =IF(T_学生別進路[[#This Row],[合格時期]]="",0,IF(T_学生別進路[[#This Row],[合格時期]]<M$5,1,0)) -> 1 | N69: =IF(T_学生別進路[[#This Row],[合格時期]]="",0,IF(T_学生別進路[[#This Row],[合格時期]]<N$5,1,0)) -> 1 | O69: =IF(T_学生別進路[[#This Row],[合格時期]]="",0,IF(T_学生別進路[[#This Row],[合格時期]]<O$5,1,0)) -> 1
A70: 2407004 | B70: =VLOOKUP(T_学生別進路[[#This Row],[学籍番号]],進路状況入力シート!A:B,2,FALSE) -> 2-4 | C70: =VLOOKUP(T_学生別進路[[#This Row],[学籍番号]],進路状況入力シート!A:C,3,FALSE) -> KAMURAN ADILI | D70: =IF(AND(T_学生別進路[[#This Row],[進路確定]]="○",T_学生別進路[[#This Row],[進学希望フラグ]]=1),"○","") -> ○ | E70: =_xlfn.IFNA(RIGHT(VLOOKUP(T_学生別進路[[#This Row],[学籍番号]]&"○",進路状況入力シート!K:K,1,FALSE),1),"") -> ○ | F70: =IF(T_学生別進路[[#This Row],[進学希望フラグ]]=0,"",IF(T_学生別進路[[#This Row],[進路確定]]="○",1,0)) -> 1 | G70: =IF( AND( COUNTIFS(T_進路入力[学籍番号],T_学生別進路[[#This Row],[学籍番号]], T_進路入力[状況],"進学以外")>0, COUNTIFS(T_進路入力[学籍番号],T_学生別進路[[#This Row],[学籍番号]], T_進路入力[状況],"<>進学以外")>0 ), 0, IF(VLOOKUP(T_学生別進路[[#This Row],[学籍番号]],T_進路入力[],6,FALSE)="進学以外",0,1) ) -> 1 | H70: =_xlfn.XLOOKUP(T_学生別進路[[#This Row],[学籍番号]]&"○",進路状況入力シート!K:K,進路状況入力シート!D:D,"",0,1) -> 東京大学大学院 | I70: A | J70: 45992 | K70: =IF(T_学生別進路[[#This Row],[合格時期]]="",0,IF(T_学生別進路[[#This Row],[合格時期]]<K$5,1,0)) -> 0 | L70: =IF(T_学生別進路[[#This Row],[合格時期]]="",0,IF(T_学生別進路[[#This Row],[合格時期]]<L$5,1,0)) -> 1 | M70: =IF(T_学生別進路[[#This Row],[合格時期]]="",0,IF(T_学生別進路[[#This Row],[合格時期]]<M$5,1,0)) -> 1 | N70: =IF(T_学生別進路[[#This Row],[合格時期]]="",0,IF(T_学生別進路[[#This Row],[合格時期]]<N$5,1,0)) -> 1 | O70: =IF(T_学生別進路[[#This Row],[合格時期]]="",0,IF(T_学生別進路[[#This Row],[合格時期]]<O$5,1,0)) -> 1
A71: 2407006 | B71: =VLOOKUP(T_学生別進路[[#This Row],[学籍番号]],進路状況入力シート!A:B,2,FALSE) -> 2-4 | C71: =VLOOKUP(T_学生別進路[[#This Row],[学籍番号]],進路状況入力シート!A:C,3,FALSE) -> 李 唯正 | D71: =IF(AND(T_学生別進路[[#This Row],[進路確定]]="○",T_学生別進路[[#This Row],[進学希望フラグ]]=1),"○","") -> ○ | E71: =_xlfn.IFNA(RIGHT(VLOOKUP(T_学生別進路[[#This Row],[学籍番号]]&"○",進路状況入力シート!K:K,1,FALSE),1),"") -> ○ | F71: =IF(T_学生別進路[[#This Row],[進学希望フラグ]]=0,"",IF(T_学生別進路[[#This Row],[進路確定]]="○",1,0)) -> 1 | G71: =IF( AND( COUNTIFS(T_進路入力[学籍番号],T_学生別進路[[#This Row],[学籍番号]], T_進路入力[状況],"進学以外")>0, COUNTIFS(T_進路入力[学籍番号],T_学生別進路[[#This Row],[学籍番号]], T_進路入力[状況],"<>進学以外")>0 ), 0, IF(VLOOKUP(T_学生別進路[[#This Row],[学籍番号]],T_進路入力[],6,FALSE)="進学以外",0,1) ) -> 1 | H71: =_xlfn.XLOOKUP(T_学生別進路[[#This Row],[学籍番号]]&"○",進路状況入力シート!K:K,進路状況入力シート!D:D,"",0,1) -> 山形大学大学院 | I71: A | J71: 46023 | K71: =IF(T_学生別進路[[#This Row],[合格時期]]="",0,IF(T_学生別進路[[#This Row],[合格時期]]<K$5,1,0)) -> 0 | L71: =IF(T_学生別進路[[#This Row],[合格時期]]="",0,IF(T_学生別進路[[#This Row],[合格時期]]<L$5,1,0)) -> 0 | M71: =IF(T_学生別進路[[#This Row],[合格時期]]="",0,IF(T_学生別進路[[#This Row],[合格時期]]<M$5,1,0)) -> 1 | N71: =IF(T_学生別進路[[#This Row],[合格時期]]="",0,IF(T_学生別進路[[#This Row],[合格時期]]<N$5,1,0)) -> 1 | O71: =IF(T_学生別進路[[#This Row],[合格時期]]="",0,IF(T_学生別進路[[#This Row],[合格時期]]<O$5,1,0)) -> 1
A72: 2407010 | B72: =VLOOKUP(T_学生別進路[[#This Row],[学籍番号]],進路状況入力シート!A:B,2,FALSE) -> 2-4 | C72: =VLOOKUP(T_学生別進路[[#This Row],[学籍番号]],進路状況入力シート!A:C,3,FALSE) -> YEE MON OO | D72: =IF(AND(T_学生別進路[[#This Row],[進路確定]]="○",T_学生別進路[[#This Row],[進学希望フラグ]]=1),"○","") -> ○ | E72: =_xlfn.IFNA(RIGHT(VLOOKUP(T_学生別進路[[#This Row],[学籍番号]]&"○",進路状況入力シート!K:K,1,FALSE),1),"") -> ○ | F72: =IF(T_学生別進路[[#This Row],[進学希望フラグ]]=0,"",IF(T_学生別進路[[#This Row],[進路確定]]="○",1,0)) -> 1 | G72: =IF( AND( COUNTIFS(T_進路入力[学籍番号],T_学生別進路[[#This Row],[学籍番号]], T_進路入力[状況],"進学以外")>0, COUNTIFS(T_進路入力[学籍番号],T_学生別進路[[#This Row],[学籍番号]], T_進路入力[状況],"<>進学以外")>0 ), 0, IF(VLOOKUP(T_学生別進路[[#This Row],[学籍番号]],T_進路入力[],6,FALSE)="進学以外",0,1) ) -> 1 | H72: =_xlfn.XLOOKUP(T_学生別進路[[#This Row],[学籍番号]]&"○",進路状況入力シート!K:K,進路状況入力シート!D:D,"",0,1) -> 神戸電子専門学校 | J72: 45962 | K72: =IF(T_学生別進路[[#This Row],[合格時期]]="",0,IF(T_学生別進路[[#This Row],[合格時期]]<K$5,1,0)) -> 1 | L72: =IF(T_学生別進路[[#This Row],[合格時期]]="",0,IF(T_学生別進路[[#This Row],[合格時期]]<L$5,1,0)) -> 1 | M72: =IF(T_学生別進路[[#This Row],[合格時期]]="",0,IF(T_学生別進路[[#This Row],[合格時期]]<M$5,1,0)) -> 1 | N72: =IF(T_学生別進路[[#This Row],[合格時期]]="",0,IF(T_学生別進路[[#This Row],[合格時期]]<N$5,1,0)) -> 1 | O72: =IF(T_学生別進路[[#This Row],[合格時期]]="",0,IF(T_学生別進路[[#This Row],[合格時期]]<O$5,1,0)) -> 1
A73: 2407019 | B73: =VLOOKUP(T_学生別進路[[#This Row],[学籍番号]],進路状況入力シート!A:B,2,FALSE) -> 2-4 | C73: =VLOOKUP(T_学生別進路[[#This Row],[学籍番号]],進路状況入力シート!A:C,3,FALSE) -> KHIN MYAT NOE AYE | D73: =IF(AND(T_学生別進路[[#This Row],[進路確定]]="○",T_学生別進路[[#This Row],[進学希望フラグ]]=1),"○","") -> ○ | E73: =_xlfn.IFNA(RIGHT(VLOOKUP(T_学生別進路[[#This Row],[学籍番号]]&"○",進路状況入力シート!K:K,1,FALSE),1),"") -> ○ | F73: =IF(T_学生別進路[[#This Row],[進学希望フラグ]]=0,"",IF(T_学生別進路[[#This Row],[進路確定]]="○",1,0)) -> 1 | G73: =IF( AND( COUNTIFS(T_進路入力[学籍番号],T_学生別進路[[#This Row],[学籍番号]], T_進路入力[状況],"進学以外")>0, COUNTIFS(T_進路入力[学籍番号],T_学生別進路[[#This Row],[学籍番号]], T_進路入力[状況],"<>進学以外")>0 ), 0, IF(VLOOKUP(T_学生別進路[[#This Row],[学籍番号]],T_進路入力[],6,FALSE)="進学以外",0,1) ) -> 1 | H73: =_xlfn.XLOOKUP(T_学生別進路[[#This Row],[学籍番号]]&"○",進路状況入力シート!K:K,進路状況入力シート!D:D,"",0,1) -> 大原学園東京校 | J73: 45931 | K73: =IF(T_学生別進路[[#This Row],[合格時期]]="",0,IF(T_学生別進路[[#This Row],[合格時期]]<K$5,1,0)) -> 1 | L73: =IF(T_学生別進路[[#This Row],[合格時期]]="",0,IF(T_学生別進路[[#This Row],[合格時期]]<L$5,1,0)) -> 1 | M73: =IF(T_学生別進路[[#This Row],[合格時期]]="",0,IF(T_学生別進路[[#This Row],[合格時期]]<M$5,1,0)) -> 1 | N73: =IF(T_学生別進路[[#This Row],[合格時期]]="",0,IF(T_学生別進路[[#This Row],[合格時期]]<N$5,1,0)) -> 1 | O73: =IF(T_学生別進路[[#This Row],[合格時期]]="",0,IF(T_学生別進路[[#This Row],[合格時期]]<O$5,1,0)) -> 1
A74: 2410002 | B74: =VLOOKUP(T_学生別進路[[#This Row],[学籍番号]],進路状況入力シート!A:B,2,FALSE) -> 2-4 | C74: =VLOOKUP(T_学生別進路[[#This Row],[学籍番号]],進路状況入力シート!A:C,3,FALSE) -> 孔 維晨 | D74: =IF(AND(T_学生別進路[[#This Row],[進路確定]]="○",T_学生別進路[[#This Row],[進学希望フラグ]]=1),"○","") -> ○ | E74: =_xlfn.IFNA(RIGHT(VLOOKUP(T_学生別進路[[#This Row],[学籍番号]]&"○",進路状況入力シート!K:K,1,FALSE),1),"") -> ○ | F74: =IF(T_学生別進路[[#This Row],[進学希望フラグ]]=0,"",IF(T_学生別進路[[#This Row],[進路確定]]="○",1,0)) -> 1 | G74: =IF( AND( COUNTIFS(T_進路入力[学籍番号],T_学生別進路[[#This Row],[学籍番号]], T_進路入力[状況],"進学以外")>0, COUNTIFS(T_進路入力[学籍番号],T_学生別進路[[#This Row],[学籍番号]], T_進路入力[状況],"<>進学以外")>0 ), 0, IF(VLOOKUP(T_学生別進路[[#This Row],[学籍番号]],T_進路入力[],6,FALSE)="進学以外",0,1) ) -> 1 | H74: =_xlfn.XLOOKUP(T_学生別進路[[#This Row],[学籍番号]]&"○",進路状況入力シート!K:K,進路状況入力シート!D:D,"",0,1) -> 大手前大学 | I74: A | J74: 45992 | K74: =IF(T_学生別進路[[#This Row],[合格時期]]="",0,IF(T_学生別進路[[#This Row],[合格時期]]<K$5,1,0)) -> 0 | L74: =IF(T_学生別進路[[#This Row],[合格時期]]="",0,IF(T_学生別進路[[#This Row],[合格時期]]<L$5,1,0)) -> 1 | M74: =IF(T_学生別進路[[#This Row],[合格時期]]="",0,IF(T_学生別進路[[#This Row],[合格時期]]<M$5,1,0)) -> 1 | N74: =IF(T_学生別進路[[#This Row],[合格時期]]="",0,IF(T_学生別進路[[#This Row],[合格時期]]<N$5,1,0)) -> 1 | O74: =IF(T_学生別進路[[#This Row],[合格時期]]="",0,IF(T_学生別進路[[#This Row],[合格時期]]<O$5,1,0)) -> 1
A75: 2404008 | B75: =VLOOKUP(T_学生別進路[[#This Row],[学籍番号]],進路状況入力シート!A:B,2,FALSE) -> 2-5 | C75: =VLOOKUP(T_学生別進路[[#This Row],[学籍番号]],進路状況入力シート!A:C,3,FALSE) -> NGUYEN PHUONG LINH | D75: =IF(AND(T_学生別進路[[#This Row],[進路確定]]="○",T_学生別進路[[#This Row],[進学希望フラグ]]=1),"○","") | E75: =_xlfn.IFNA(RIGHT(VLOOKUP(T_学生別進路[[#This Row],[学籍番号]]&"○",進路状況入力シート!K:K,1,FALSE),1),"") | F75: =IF(T_学生別進路[[#This Row],[進学希望フラグ]]=0,"",IF(T_学生別進路[[#This Row],[進路確定]]="○",1,0)) | G75: =IF( AND( COUNTIFS(T_進路入力[学籍番号],T_学生別進路[[#This Row],[学籍番号]], T_進路入力[状況],"進学以外")>0, COUNTIFS(T_進路入力[学籍番号],T_学生別進路[[#This Row],[学籍番号]], T_進路入力[状況],"<>進学以外")>0 ), 0, IF(VLOOKUP(T_学生別進路[[#This Row],[学籍番号]],T_進路入力[],6,FALSE)="進学以外",0,1) ) -> 0 | H75: =_xlfn.XLOOKUP(T_学生別進路[[#This Row],[学籍番号]]&"○",進路状況入力シート!K:K,進路状況入力シート!D:D,"",0,1) | I75: A | K75: =IF(T_学生別進路[[#This Row],[合格時期]]="",0,IF(T_学生別進路[[#This Row],[合格時期]]<K$5,1,0)) -> 0 | L75: =IF(T_学生別進路[[#This Row],[合格時期]]="",0,IF(T_学生別進路[[#This Row],[合格時期]]<L$5,1,0)) -> 0 | M75: =IF(T_学生別進路[[#This Row],[合格時期]]="",0,IF(T_学生別進路[[#This Row],[合格時期]]<M$5,1,0)) -> 0 | N75: =IF(T_学生別進路[[#This Row],[合格時期]]="",0,IF(T_学生別進路[[#This Row],[合格時期]]<N$5,1,0)) -> 0 | O75: =IF(T_学生別進路[[#This Row],[合格時期]]="",0,IF(T_学生別進路[[#This Row],[合格時期]]<O$5,1,0)) -> 0 | P75: 5月8日帰国チケット有5/23期限
A76: 2404009 | B76: =VLOOKUP(T_学生別進路[[#This Row],[学籍番号]],進路状況入力シート!A:B,2,FALSE) -> 2-5 | C76: =VLOOKUP(T_学生別進路[[#This Row],[学籍番号]],進路状況入力シート!A:C,3,FALSE) -> NGUYEN DINH HUYNH | D76: =IF(AND(T_学生別進路[[#This Row],[進路確定]]="○",T_学生別進路[[#This Row],[進学希望フラグ]]=1),"○","") -> ○ | E76: =_xlfn.IFNA(RIGHT(VLOOKUP(T_学生別進路[[#This Row],[学籍番号]]&"○",進路状況入力シート!K:K,1,FALSE),1),"") -> ○ | F76: =IF(T_学生別進路[[#This Row],[進学希望フラグ]]=0,"",IF(T_学生別進路[[#This Row],[進路確定]]="○",1,0)) -> 1 | G76: =IF( AND( COUNTIFS(T_進路入力[学籍番号],T_学生別進路[[#This Row],[学籍番号]], T_進路入力[状況],"進学以外")>0, COUNTIFS(T_進路入力[学籍番号],T_学生別進路[[#This Row],[学籍番号]], T_進路入力[状況],"<>進学以外")>0 ), 0, IF(VLOOKUP(T_学生別進路[[#This Row],[学籍番号]],T_進路入力[],6,FALSE)="進学以外",0,1) ) -> 1 | H76: =_xlfn.XLOOKUP(T_学生別進路[[#This Row],[学籍番号]]&"○",進路状況入力シート!K:K,進路状況入力シート!D:D,"",0,1) -> 日本デジタルカレッジ | I76: C | J76: 46054 | K76: =IF(T_学生別進路[[#This Row],[合格時期]]="",0,IF(T_学生別進路[[#This Row],[合格時期]]<K$5,1,0)) -> 0 | L76: =IF(T_学生別進路[[#This Row],[合格時期]]="",0,IF(T_学生別進路[[#This Row],[合格時期]]<L$5,1,0)) -> 0 | M76: =IF(T_学生別進路[[#This Row],[合格時期]]="",0,IF(T_学生別進路[[#This Row],[合格時期]]<M$5,1,0)) -> 0 | N76: =IF(T_学生別進路[[#This Row],[合格時期]]="",0,IF(T_学生別進路[[#This Row],[合格時期]]<N$5,1,0)) -> 1 | O76: =IF(T_学生別進路[[#This Row],[合格時期]]="",0,IF(T_学生別進路[[#This Row],[合格時期]]<O$5,1,0)) -> 1
A77: 2404045 | B77: =VLOOKUP(T_学生別進路[[#This Row],[学籍番号]],進路状況入力シート!A:B,2,FALSE) -> 2-5 | C77: =VLOOKUP(T_学生別進路[[#This Row],[学籍番号]],進路状況入力シート!A:C,3,FALSE) -> THEIN NAING WIN | D77: =IF(AND(T_学生別進路[[#This Row],[進路確定]]="○",T_学生別進路[[#This Row],[進学希望フラグ]]=1),"○","") | E77: =_xlfn.IFNA(RIGHT(VLOOKUP(T_学生別進路[[#This Row],[学籍番号]]&"○",進路状況入力シート!K:K,1,FALSE),1),"") -> ○ | F77: =IF(T_学生別進路[[#This Row],[進学希望フラグ]]=0,"",IF(T_学生別進路[[#This Row],[進路確定]]="○",1,0)) | G77: =IF( AND( COUNTIFS(T_進路入力[学籍番号],T_学生別進路[[#This Row],[学籍番号]], T_進路入力[状況],"進学以外")>0, COUNTIFS(T_進路入力[学籍番号],T_学生別進路[[#This Row],[学籍番号]], T_進路入力[状況],"<>進学以外")>0 ), 0, IF(VLOOKUP(T_学生別進路[[#This Row],[学籍番号]],T_進路入力[],6,FALSE)="進学以外",0,1) ) -> 0 | H77: =_xlfn.XLOOKUP(T_学生別進路[[#This Row],[学籍番号]]&"○",進路状況入力シート!K:K,進路状況入力シート!D:D,"",0,1) -> 0 | K77: =IF(T_学生別進路[[#This Row],[合格時期]]="",0,IF(T_学生別進路[[#This Row],[合格時期]]<K$5,1,0)) -> 0 | L77: =IF(T_学生別進路[[#This Row],[合格時期]]="",0,IF(T_学生別進路[[#This Row],[合格時期]]<L$5,1,0)) -> 0 | M77: =IF(T_学生別進路[[#This Row],[合格時期]]="",0,IF(T_学生別進路[[#This Row],[合格時期]]<M$5,1,0)) -> 0 | N77: =IF(T_学生別進路[[#This Row],[合格時期]]="",0,IF(T_学生別進路[[#This Row],[合格時期]]<N$5,1,0)) -> 0 | O77: =IF(T_学生別進路[[#This Row],[合格時期]]="",0,IF(T_学生別進路[[#This Row],[合格時期]]<O$5,1,0)) -> 0
A78: 2404064 | B78: =VLOOKUP(T_学生別進路[[#This Row],[学籍番号]],進路状況入力シート!A:B,2,FALSE) -> 2-5 | C78: =VLOOKUP(T_学生別進路[[#This Row],[学籍番号]],進路状況入力シート!A:C,3,FALSE) -> CHOWDHURY MD SABER AL BASAR | D78: =IF(AND(T_学生別進路[[#This Row],[進路確定]]="○",T_学生別進路[[#This Row],[進学希望フラグ]]=1),"○","") -> ○ | E78: =_xlfn.IFNA(RIGHT(VLOOKUP(T_学生別進路[[#This Row],[学籍番号]]&"○",進路状況入力シート!K:K,1,FALSE),1),"") -> ○ | F78: =IF(T_学生別進路[[#This Row],[進学希望フラグ]]=0,"",IF(T_学生別進路[[#This Row],[進路確定]]="○",1,0)) -> 1 | G78: =IF( AND( COUNTIFS(T_進路入力[学籍番号],T_学生別進路[[#This Row],[学籍番号]], T_進路入力[状況],"進学以外")>0, COUNTIFS(T_進路入力[学籍番号],T_学生別進路[[#This Row],[学籍番号]], T_進路入力[状況],"<>進学以外")>0 ), 0, IF(VLOOKUP(T_学生別進路[[#This Row],[学籍番号]],T_進路入力[],6,FALSE)="進学以外",0,1) ) -> 1 | H78: =_xlfn.XLOOKUP(T_学生別進路[[#This Row],[学籍番号]]&"○",進路状況入力シート!K:K,進路状況入力シート!D:D,"",0,1) -> 兵庫大学 | J78: 45962 | K78: =IF(T_学生別進路[[#This Row],[合格時期]]="",0,IF(T_学生別進路[[#This Row],[合格時期]]<K$5,1,0)) -> 1 | L78: =IF(T_学生別進路[[#This Row],[合格時期]]="",0,IF(T_学生別進路[[#This Row],[合格時期]]<L$5,1,0)) -> 1 | M78: =IF(T_学生別進路[[#This Row],[合格時期]]="",0,IF(T_学生別進路[[#This Row],[合格時期]]<M$5,1,0)) -> 1 | N78: =IF(T_学生別進路[[#This Row],[合格時期]]="",0,IF(T_学生別進路[[#This Row],[合格時期]]<N$5,1,0)) -> 1 | O78: =IF(T_学生別進路[[#This Row],[合格時期]]="",0,IF(T_学生別進路[[#This Row],[合格時期]]<O$5,1,0)) -> 1
A79: 2404070 | B79: =VLOOKUP(T_学生別進路[[#This Row],[学籍番号]],進路状況入力シート!A:B,2,FALSE) -> 2-5 | C79: =VLOOKUP(T_学生別進路[[#This Row],[学籍番号]],進路状況入力シート!A:C,3,FALSE) -> HAQUE MD NAJMUL | D79: =IF(AND(T_学生別進路[[#This Row],[進路確定]]="○",T_学生別進路[[#This Row],[進学希望フラグ]]=1),"○","") -> ○ | E79: =_xlfn.IFNA(RIGHT(VLOOKUP(T_学生別進路[[#This Row],[学籍番号]]&"○",進路状況入力シート!K:K,1,FALSE),1),"") -> ○ | F79: =IF(T_学生別進路[[#This Row],[進学希望フラグ]]=0,"",IF(T_学生別進路[[#This Row],[進路確定]]="○",1,0)) -> 1 | G79: =IF( AND( COUNTIFS(T_進路入力[学籍番号],T_学生別進路[[#This Row],[学籍番号]], T_進路入力[状況],"進学以外")>0, COUNTIFS(T_進路入力[学籍番号],T_学生別進路[[#This Row],[学籍番号]], T_進路入力[状況],"<>進学以外")>0 ), 0, IF(VLOOKUP(T_学生別進路[[#This Row],[学籍番号]],T_進路入力[],6,FALSE)="進学以外",0,1) ) -> 1 | H79: =_xlfn.XLOOKUP(T_学生別進路[[#This Row],[学籍番号]]&"○",進路状況入力シート!K:K,進路状況入力シート!D:D,"",0,1) -> 関西国際旅行・ホテル専門学校 | J79: 45901 | K79: =IF(T_学生別進路[[#This Row],[合格時期]]="",0,IF(T_学生別進路[[#This Row],[合格時期]]<K$5,1,0)) -> 1 | L79: =IF(T_学生別進路[[#This Row],[合格時期]]="",0,IF(T_学生別進路[[#This Row],[合格時期]]<L$5,1,0)) -> 1 | M79: =IF(T_学生別進路[[#This Row],[合格時期]]="",0,IF(T_学生別進路[[#This Row],[合格時期]]<M$5,1,0)) -> 1 | N79: =IF(T_学生別進路[[#This Row],[合格時期]]="",0,IF(T_学生別進路[[#This Row],[合格時期]]<N$5,1,0)) -> 1 | O79: =IF(T_学生別進路[[#This Row],[合格時期]]="",0,IF(T_学生別進路[[#This Row],[合格時期]]<O$5,1,0)) -> 1
A80: 2404097 | B80: =VLOOKUP(T_学生別進路[[#This Row],[学籍番号]],進路状況入力シート!A:B,2,FALSE) -> 2-5 | C80: =VLOOKUP(T_学生別進路[[#This Row],[学籍番号]],進路状況入力シート!A:C,3,FALSE) -> DEWAN SAIF | D80: =IF(AND(T_学生別進路[[#This Row],[進路確定]]="○",T_学生別進路[[#This Row],[進学希望フラグ]]=1),"○","") -> ○ | E80: =_xlfn.IFNA(RIGHT(VLOOKUP(T_学生別進路[[#This Row],[学籍番号]]&"○",進路状況入力シート!K:K,1,FALSE),1),"") -> ○ | F80: =IF(T_学生別進路[[#This Row],[進学希望フラグ]]=0,"",IF(T_学生別進路[[#This Row],[進路確定]]="○",1,0)) -> 1 | G80: =IF( AND( COUNTIFS(T_進路入力[学籍番号],T_学生別進路[[#This Row],[学籍番号]], T_進路入力[状況],"進学以外")>0, COUNTIFS(T_進路入力[学籍番号],T_学生別進路[[#This Row],[学籍番号]], T_進路入力[状況],"<>進学以外")>0 ), 0, IF(VLOOKUP(T_学生別進路[[#This Row],[学籍番号]],T_進路入力[],6,FALSE)="進学以外",0,1) ) -> 1 | H80: =_xlfn.XLOOKUP(T_学生別進路[[#This Row],[学籍番号]]&"○",進路状況入力シート!K:K,進路状況入力シート!D:D,"",0,1) -> 岡山情報ビジネス学院 | I80: A | J80: 45992 | K80: =IF(T_学生別進路[[#This Row],[合格時期]]="",0,IF(T_学生別進路[[#This Row],[合格時期]]<K$5,1,0)) -> 0 | L80: =IF(T_学生別進路[[#This Row],[合格時期]]="",0,IF(T_学生別進路[[#This Row],[合格時期]]<L$5,1,0)) -> 1 | M80: =IF(T_学生別進路[[#This Row],[合格時期]]="",0,IF(T_学生別進路[[#This Row],[合格時期]]<M$5,1,0)) -> 1 | N80: =IF(T_学生別進路[[#This Row],[合格時期]]="",0,IF(T_学生別進路[[#This Row],[合格時期]]<N$5,1,0)) -> 1 | O80: =IF(T_学生別進路[[#This Row],[合格時期]]="",0,IF(T_学生別進路[[#This Row],[合格時期]]<O$5,1,0)) -> 1
A81: 2404105 | B81: =VLOOKUP(T_学生別進路[[#This Row],[学籍番号]],進路状況入力シート!A:B,2,FALSE) -> 2-5 | C81: =VLOOKUP(T_学生別進路[[#This Row],[学籍番号]],進路状況入力シート!A:C,3,FALSE) -> TAREK MD DAUDE IBRAHIM | D81: =IF(AND(T_学生別進路[[#This Row],[進路確定]]="○",T_学生別進路[[#This Row],[進学希望フラグ]]=1),"○","") -> ○ | E81: =_xlfn.IFNA(RIGHT(VLOOKUP(T_学生別進路[[#This Row],[学籍番号]]&"○",進路状況入力シート!K:K,1,FALSE),1),"") -> ○ | F81: =IF(T_学生別進路[[#This Row],[進学希望フラグ]]=0,"",IF(T_学生別進路[[#This Row],[進路確定]]="○",1,0)) -> 1 | G81: =IF( AND( COUNTIFS(T_進路入力[学籍番号],T_学生別進路[[#This Row],[学籍番号]], T_進路入力[状況],"進学以外")>0, COUNTIFS(T_進路入力[学籍番号],T_学生別進路[[#This Row],[学籍番号]], T_進路入力[状況],"<>進学以外")>0 ), 0, IF(VLOOKUP(T_学生別進路[[#This Row],[学籍番号]],T_進路入力[],6,FALSE)="進学以外",0,1) ) -> 1 | H81: =_xlfn.XLOOKUP(T_学生別進路[[#This Row],[学籍番号]]&"○",進路状況入力シート!K:K,進路状況入力シート!D:D,"",0,1) -> 兵庫大学 | I81: A | J81: 45992 | K81: =IF(T_学生別進路[[#This Row],[合格時期]]="",0,IF(T_学生別進路[[#This Row],[合格時期]]<K$5,1,0)) -> 0 | L81: =IF(T_学生別進路[[#This Row],[合格時期]]="",0,IF(T_学生別進路[[#This Row],[合格時期]]<L$5,1,0)) -> 1 | M81: =IF(T_学生別進路[[#This Row],[合格時期]]="",0,IF(T_学生別進路[[#This Row],[合格時期]]<M$5,1,0)) -> 1 | N81: =IF(T_学生別進路[[#This Row],[合格時期]]="",0,IF(T_学生別進路[[#This Row],[合格時期]]<N$5,1,0)) -> 1 | O81: =IF(T_学生別進路[[#This Row],[合格時期]]="",0,IF(T_学生別進路[[#This Row],[合格時期]]<O$5,1,0)) -> 1
A82: 2404108 | B82: =VLOOKUP(T_学生別進路[[#This Row],[学籍番号]],進路状況入力シート!A:B,2,FALSE) -> 2-5 | C82: =VLOOKUP(T_学生別進路[[#This Row],[学籍番号]],進路状況入力シート!A:C,3,FALSE) -> SHEIKH MD SABBIR HOSEN | D82: =IF(AND(T_学生別進路[[#This Row],[進路確定]]="○",T_学生別進路[[#This Row],[進学希望フラグ]]=1),"○","") -> ○ | E82: =_xlfn.IFNA(RIGHT(VLOOKUP(T_学生別進路[[#This Row],[学籍番号]]&"○",進路状況入力シート!K:K,1,FALSE),1),"") -> ○ | F82: =IF(T_学生別進路[[#This Row],[進学希望フラグ]]=0,"",IF(T_学生別進路[[#This Row],[進路確定]]="○",1,0)) -> 1 | G82: =IF( AND( COUNTIFS(T_進路入力[学籍番号],T_学生別進路[[#This Row],[学籍番号]], T_進路入力[状況],"進学以外")>0, COUNTIFS(T_進路入力[学籍番号],T_学生別進路[[#This Row],[学籍番号]], T_進路入力[状況],"<>進学以外")>0 ), 0, IF(VLOOKUP(T_学生別進路[[#This Row],[学籍番号]],T_進路入力[],6,FALSE)="進学以外",0,1) ) -> 1 | H82: =_xlfn.XLOOKUP(T_学生別進路[[#This Row],[学籍番号]]&"○",進路状況入力シート!K:K,進路状況入力シート!D:D,"",0,1) -> 国際アニメーション専門学校 | I82: B | J82: 45992 | K82: =IF(T_学生別進路[[#This Row],[合格時期]]="",0,IF(T_学生別進路[[#This Row],[合格時期]]<K$5,1,0)) -> 0 | L82: =IF(T_学生別進路[[#This Row],[合格時期]]="",0,IF(T_学生別進路[[#This Row],[合格時期]]<L$5,1,0)) -> 1 | M82: =IF(T_学生別進路[[#This Row],[合格時期]]="",0,IF(T_学生別進路[[#This Row],[合格時期]]<M$5,1,0)) -> 1 | N82: =IF(T_学生別進路[[#This Row],[合格時期]]="",0,IF(T_学生別進路[[#This Row],[合格時期]]<N$5,1,0)) -> 1 | O82: =IF(T_学生別進路[[#This Row],[合格時期]]="",0,IF(T_学生別進路[[#This Row],[合格時期]]<O$5,1,0)) -> 1
A83: 2404111 | B83: =VLOOKUP(T_学生別進路[[#This Row],[学籍番号]],進路状況入力シート!A:B,2,FALSE) -> 2-5 | C83: =VLOOKUP(T_学生別進路[[#This Row],[学籍番号]],進路状況入力シート!A:C,3,FALSE) -> HAYDER JAHIDUL ISLAM | D83: =IF(AND(T_学生別進路[[#This Row],[進路確定]]="○",T_学生別進路[[#This Row],[進学希望フラグ]]=1),"○","") -> ○ | E83: =_xlfn.IFNA(RIGHT(VLOOKUP(T_学生別進路[[#This Row],[学籍番号]]&"○",進路状況入力シート!K:K,1,FALSE),1),"") -> ○ | F83: =IF(T_学生別進路[[#This Row],[進学希望フラグ]]=0,"",IF(T_学生別進路[[#This Row],[進路確定]]="○",1,0)) -> 1 | G83: =IF( AND( COUNTIFS(T_進路入力[学籍番号],T_学生別進路[[#This Row],[学籍番号]], T_進路入力[状況],"進学以外")>0, COUNTIFS(T_進路入力[学籍番号],T_学生別進路[[#This Row],[学籍番号]], T_進路入力[状況],"<>進学以外")>0 ), 0, IF(VLOOKUP(T_学生別進路[[#This Row],[学籍番号]],T_進路入力[],6,FALSE)="進学以外",0,1) ) -> 1 | H83: =_xlfn.XLOOKUP(T_学生別進路[[#This Row],[学籍番号]]&"○",進路状況入力シート!K:K,進路状況入力シート!D:D,"",0,1) -> 国際アニメーション専門学校 | I83: A | J83: 45992 | K83: =IF(T_学生別進路[[#This Row],[合格時期]]="",0,IF(T_学生別進路[[#This Row],[合格時期]]<K$5,1,0)) -> 0 | L83: =IF(T_学生別進路[[#This Row],[合格時期]]="",0,IF(T_学生別進路[[#This Row],[合格時期]]<L$5,1,0)) -> 1 | M83: =IF(T_学生別進路[[#This Row],[合格時期]]="",0,IF(T_学生別進路[[#This Row],[合格時期]]<M$5,1,0)) -> 1 | N83: =IF(T_学生別進路[[#This Row],[合格時期]]="",0,IF(T_学生別進路[[#This Row],[合格時期]]<N$5,1,0)) -> 1 | O83: =IF(T_学生別進路[[#This Row],[合格時期]]="",0,IF(T_学生別進路[[#This Row],[合格時期]]<O$5,1,0)) -> 1
A84: 2404113 | B84: =VLOOKUP(T_学生別進路[[#This Row],[学籍番号]],進路状況入力シート!A:B,2,FALSE) -> 2-5 | C84: =VLOOKUP(T_学生別進路[[#This Row],[学籍番号]],進路状況入力シート!A:C,3,FALSE) -> MD RASEDUL ISLAM | D84: =IF(AND(T_学生別進路[[#This Row],[進路確定]]="○",T_学生別進路[[#This Row],[進学希望フラグ]]=1),"○","") -> ○ | E84: =_xlfn.IFNA(RIGHT(VLOOKUP(T_学生別進路[[#This Row],[学籍番号]]&"○",進路状況入力シート!K:K,1,FALSE),1),"") -> ○ | F84: =IF(T_学生別進路[[#This Row],[進学希望フラグ]]=0,"",IF(T_学生別進路[[#This Row],[進路確定]]="○",1,0)) -> 1 | G84: =IF( AND( COUNTIFS(T_進路入力[学籍番号],T_学生別進路[[#This Row],[学籍番号]], T_進路入力[状況],"進学以外")>0, COUNTIFS(T_進路入力[学籍番号],T_学生別進路[[#This Row],[学籍番号]], T_進路入力[状況],"<>進学以外")>0 ), 0, IF(VLOOKUP(T_学生別進路[[#This Row],[学籍番号]],T_進路入力[],6,FALSE)="進学以外",0,1) ) -> 1 | H84: =_xlfn.XLOOKUP(T_学生別進路[[#This Row],[学籍番号]]&"○",進路状況入力シート!K:K,進路状況入力シート!D:D,"",0,1) -> CAD製図専門学校 | J84: 45870 | K84: =IF(T_学生別進路[[#This Row],[合格時期]]="",0,IF(T_学生別進路[[#This Row],[合格時期]]<K$5,1,0)) -> 1 | L84: =IF(T_学生別進路[[#This Row],[合格時期]]="",0,IF(T_学生別進路[[#This Row],[合格時期]]<L$5,1,0)) -> 1 | M84: =IF(T_学生別進路[[#This Row],[合格時期]]="",0,IF(T_学生別進路[[#This Row],[合格時期]]<M$5,1,0)) -> 1 | N84: =IF(T_学生別進路[[#This Row],[合格時期]]="",0,IF(T_学生別進路[[#This Row],[合格時期]]<N$5,1,0)) -> 1 | O84: =IF(T_学生別進路[[#This Row],[合格時期]]="",0,IF(T_学生別進路[[#This Row],[合格時期]]<O$5,1,0)) -> 1
A85: 2404119 | B85: =VLOOKUP(T_学生別進路[[#This Row],[学籍番号]],進路状況入力シート!A:B,2,FALSE) -> 2-5 | C85: =VLOOKUP(T_学生別進路[[#This Row],[学籍番号]],進路状況入力シート!A:C,3,FALSE) -> PAUL JOY | D85: =IF(AND(T_学生別進路[[#This Row],[進路確定]]="○",T_学生別進路[[#This Row],[進学希望フラグ]]=1),"○","") -> ○ | E85: =_xlfn.IFNA(RIGHT(VLOOKUP(T_学生別進路[[#This Row],[学籍番号]]&"○",進路状況入力シート!K:K,1,FALSE),1),"") -> ○ | F85: =IF(T_学生別進路[[#This Row],[進学希望フラグ]]=0,"",IF(T_学生別進路[[#This Row],[進路確定]]="○",1,0)) -> 1 | G85: =IF( AND( COUNTIFS(T_進路入力[学籍番号],T_学生別進路[[#This Row],[学籍番号]], T_進路入力[状況],"進学以外")>0, COUNTIFS(T_進路入力[学籍番号],T_学生別進路[[#This Row],[学籍番号]], T_進路入力[状況],"<>進学以外")>0 ), 0, IF(VLOOKUP(T_学生別進路[[#This Row],[学籍番号]],T_進路入力[],6,FALSE)="進学以外",0,1) ) -> 1 | H85: =_xlfn.XLOOKUP(T_学生別進路[[#This Row],[学籍番号]]&"○",進路状況入力シート!K:K,進路状況入力シート!D:D,"",0,1) -> 国際アニメーション専門学校 | I85: A | J85: 45992 | K85: =IF(T_学生別進路[[#This Row],[合格時期]]="",0,IF(T_学生別進路[[#This Row],[合格時期]]<K$5,1,0)) -> 0 | L85: =IF(T_学生別進路[[#This Row],[合格時期]]="",0,IF(T_学生別進路[[#This Row],[合格時期]]<L$5,1,0)) -> 1 | M85: =IF(T_学生別進路[[#This Row],[合格時期]]="",0,IF(T_学生別進路[[#This Row],[合格時期]]<M$5,1,0)) -> 1 | N85: =IF(T_学生別進路[[#This Row],[合格時期]]="",0,IF(T_学生別進路[[#This Row],[合格時期]]<N$5,1,0)) -> 1 | O85: =IF(T_学生別進路[[#This Row],[合格時期]]="",0,IF(T_学生別進路[[#This Row],[合格時期]]<O$5,1,0)) -> 1
A86: 2404171 | B86: =VLOOKUP(T_学生別進路[[#This Row],[学籍番号]],進路状況入力シート!A:B,2,FALSE) -> 2-5 | C86: =VLOOKUP(T_学生別進路[[#This Row],[学籍番号]],進路状況入力シート!A:C,3,FALSE) -> RAJ KUMAR CHAUDHARY | D86: =IF(AND(T_学生別進路[[#This Row],[進路確定]]="○",T_学生別進路[[#This Row],[進学希望フラグ]]=1),"○","") -> ○ | E86: =_xlfn.IFNA(RIGHT(VLOOKUP(T_学生別進路[[#This Row],[学籍番号]]&"○",進路状況入力シート!K:K,1,FALSE),1),"") -> ○ | F86: =IF(T_学生別進路[[#This Row],[進学希望フラグ]]=0,"",IF(T_学生別進路[[#This Row],[進路確定]]="○",1,0)) -> 1 | G86: =IF( AND( COUNTIFS(T_進路入力[学籍番号],T_学生別進路[[#This Row],[学籍番号]], T_進路入力[状況],"進学以外")>0, COUNTIFS(T_進路入力[学籍番号],T_学生別進路[[#This Row],[学籍番号]], T_進路入力[状況],"<>進学以外")>0 ), 0, IF(VLOOKUP(T_学生別進路[[#This Row],[学籍番号]],T_進路入力[],6,FALSE)="進学以外",0,1) ) -> 1 | H86: =_xlfn.XLOOKUP(T_学生別進路[[#This Row],[学籍番号]]&"○",進路状況入力シート!K:K,進路状況入力シート!D:D,"",0,1) -> 専門学校アートカレッジ神戸 | J86: 45870 | K86: =IF(T_学生別進路[[#This Row],[合格時期]]="",0,IF(T_学生別進路[[#This Row],[合格時期]]<K$5,1,0)) -> 1 | L86: =IF(T_学生別進路[[#This Row],[合格時期]]="",0,IF(T_学生別進路[[#This Row],[合格時期]]<L$5,1,0)) -> 1 | M86: =IF(T_学生別進路[[#This Row],[合格時期]]="",0,IF(T_学生別進路[[#This Row],[合格時期]]<M$5,1,0)) -> 1 | N86: =IF(T_学生別進路[[#This Row],[合格時期]]="",0,IF(T_学生別進路[[#This Row],[合格時期]]<N$5,1,0)) -> 1 | O86: =IF(T_学生別進路[[#This Row],[合格時期]]="",0,IF(T_学生別進路[[#This Row],[合格時期]]<O$5,1,0)) -> 1
A87: 2404172 | B87: =VLOOKUP(T_学生別進路[[#This Row],[学籍番号]],進路状況入力シート!A:B,2,FALSE) -> 2-5 | C87: =VLOOKUP(T_学生別進路[[#This Row],[学籍番号]],進路状況入力シート!A:C,3,FALSE) -> LIMBU SUSHIL | D87: =IF(AND(T_学生別進路[[#This Row],[進路確定]]="○",T_学生別進路[[#This Row],[進学希望フラグ]]=1),"○","") -> ○ | E87: =_xlfn.IFNA(RIGHT(VLOOKUP(T_学生別進路[[#This Row],[学籍番号]]&"○",進路状況入力シート!K:K,1,FALSE),1),"") -> ○ | F87: =IF(T_学生別進路[[#This Row],[進学希望フラグ]]=0,"",IF(T_学生別進路[[#This Row],[進路確定]]="○",1,0)) -> 1 | G87: =IF( AND( COUNTIFS(T_進路入力[学籍番号],T_学生別進路[[#This Row],[学籍番号]], T_進路入力[状況],"進学以外")>0, COUNTIFS(T_進路入力[学籍番号],T_学生別進路[[#This Row],[学籍番号]], T_進路入力[状況],"<>進学以外")>0 ), 0, IF(VLOOKUP(T_学生別進路[[#This Row],[学籍番号]],T_進路入力[],6,FALSE)="進学以外",0,1) ) -> 1 | H87: =_xlfn.XLOOKUP(T_学生別進路[[#This Row],[学籍番号]]&"○",進路状況入力シート!K:K,進路状況入力シート!D:D,"",0,1) -> 専門学校アートカレッジ神戸 | J87: 45870 | K87: =IF(T_学生別進路[[#This Row],[合格時期]]="",0,IF(T_学生別進路[[#This Row],[合格時期]]<K$5,1,0)) -> 1 | L87: =IF(T_学生別進路[[#This Row],[合格時期]]="",0,IF(T_学生別進路[[#This Row],[合格時期]]<L$5,1,0)) -> 1 | M87: =IF(T_学生別進路[[#This Row],[合格時期]]="",0,IF(T_学生別進路[[#This Row],[合格時期]]<M$5,1,0)) -> 1 | N87: =IF(T_学生別進路[[#This Row],[合格時期]]="",0,IF(T_学生別進路[[#This Row],[合格時期]]<N$5,1,0)) -> 1 | O87: =IF(T_学生別進路[[#This Row],[合格時期]]="",0,IF(T_学生別進路[[#This Row],[合格時期]]<O$5,1,0)) -> 1
A88: 2407020 | B88: =VLOOKUP(T_学生別進路[[#This Row],[学籍番号]],進路状況入力シート!A:B,2,FALSE) -> 2-5 | C88: =VLOOKUP(T_学生別進路[[#This Row],[学籍番号]],進路状況入力シート!A:C,3,FALSE) -> MAY KHIN OO | D88: =IF(AND(T_学生別進路[[#This Row],[進路確定]]="○",T_学生別進路[[#This Row],[進学希望フラグ]]=1),"○","") -> ○ | E88: =_xlfn.IFNA(RIGHT(VLOOKUP(T_学生別進路[[#This Row],[学籍番号]]&"○",進路状況入力シート!K:K,1,FALSE),1),"") -> ○ | F88: =IF(T_学生別進路[[#This Row],[進学希望フラグ]]=0,"",IF(T_学生別進路[[#This Row],[進路確定]]="○",1,0)) -> 1 | G88: =IF( AND( COUNTIFS(T_進路入力[学籍番号],T_学生別進路[[#This Row],[学籍番号]], T_進路入力[状況],"進学以外")>0, COUNTIFS(T_進路入力[学籍番号],T_学生別進路[[#This Row],[学籍番号]], T_進路入力[状況],"<>進学以外")>0 ), 0, IF(VLOOKUP(T_学生別進路[[#This Row],[学籍番号]],T_進路入力[],6,FALSE)="進学以外",0,1) ) -> 1 | H88: =_xlfn.XLOOKUP(T_学生別進路[[#This Row],[学籍番号]]&"○",進路状況入力シート!K:K,進路状況入力シート!D:D,"",0,1) -> 関西国際旅行・ホテル専門学校 | J88: 45931 | K88: =IF(T_学生別進路[[#This Row],[合格時期]]="",0,IF(T_学生別進路[[#This Row],[合格時期]]<K$5,1,0)) -> 1 | L88: =IF(T_学生別進路[[#This Row],[合格時期]]="",0,IF(T_学生別進路[[#This Row],[合格時期]]<L$5,1,0)) -> 1 | M88: =IF(T_学生別進路[[#This Row],[合格時期]]="",0,IF(T_学生別進路[[#This Row],[合格時期]]<M$5,1,0)) -> 1 | N88: =IF(T_学生別進路[[#This Row],[合格時期]]="",0,IF(T_学生別進路[[#This Row],[合格時期]]<N$5,1,0)) -> 1 | O88: =IF(T_学生別進路[[#This Row],[合格時期]]="",0,IF(T_学生別進路[[#This Row],[合格時期]]<O$5,1,0)) -> 1
A89: 2407044 | B89: =VLOOKUP(T_学生別進路[[#This Row],[学籍番号]],進路状況入力シート!A:B,2,FALSE) -> 2-5 | C89: =VLOOKUP(T_学生別進路[[#This Row],[学籍番号]],進路状況入力シート!A:C,3,FALSE) -> SUTA DHAR SHABAK | D89: =IF(AND(T_学生別進路[[#This Row],[進路確定]]="○",T_学生別進路[[#This Row],[進学希望フラグ]]=1),"○","") -> ○ | E89: =_xlfn.IFNA(RIGHT(VLOOKUP(T_学生別進路[[#This Row],[学籍番号]]&"○",進路状況入力シート!K:K,1,FALSE),1),"") -> ○ | F89: =IF(T_学生別進路[[#This Row],[進学希望フラグ]]=0,"",IF(T_学生別進路[[#This Row],[進路確定]]="○",1,0)) -> 1 | G89: =IF( AND( COUNTIFS(T_進路入力[学籍番号],T_学生別進路[[#This Row],[学籍番号]], T_進路入力[状況],"進学以外")>0, COUNTIFS(T_進路入力[学籍番号],T_学生別進路[[#This Row],[学籍番号]], T_進路入力[状況],"<>進学以外")>0 ), 0, IF(VLOOKUP(T_学生別進路[[#This Row],[学籍番号]],T_進路入力[],6,FALSE)="進学以外",0,1) ) -> 1 | H89: =_xlfn.XLOOKUP(T_学生別進路[[#This Row],[学籍番号]]&"○",進路状況入力シート!K:K,進路状況入力シート!D:D,"",0,1) -> 流通科学大学 | I89: B | J89: 45992 | K89: =IF(T_学生別進路[[#This Row],[合格時期]]="",0,IF(T_学生別進路[[#This Row],[合格時期]]<K$5,1,0)) -> 0 | L89: =IF(T_学生別進路[[#This Row],[合格時期]]="",0,IF(T_学生別進路[[#This Row],[合格時期]]<L$5,1,0)) -> 1 | M89: =IF(T_学生別進路[[#This Row],[合格時期]]="",0,IF(T_学生別進路[[#This Row],[合格時期]]<M$5,1,0)) -> 1 | N89: =IF(T_学生別進路[[#This Row],[合格時期]]="",0,IF(T_学生別進路[[#This Row],[合格時期]]<N$5,1,0)) -> 1 | O89: =IF(T_学生別進路[[#This Row],[合格時期]]="",0,IF(T_学生別進路[[#This Row],[合格時期]]<O$5,1,0)) -> 1
A90: 2407049 | B90: =VLOOKUP(T_学生別進路[[#This Row],[学籍番号]],進路状況入力シート!A:B,2,FALSE) -> 2-5 | C90: =VLOOKUP(T_学生別進路[[#This Row],[学籍番号]],進路状況入力シート!A:C,3,FALSE) -> AHMAD SABBIR | D90: =IF(AND(T_学生別進路[[#This Row],[進路確定]]="○",T_学生別進路[[#This Row],[進学希望フラグ]]=1),"○","") -> ○ | E90: =_xlfn.IFNA(RIGHT(VLOOKUP(T_学生別進路[[#This Row],[学籍番号]]&"○",進路状況入力シート!K:K,1,FALSE),1),"") -> ○ | F90: =IF(T_学生別進路[[#This Row],[進学希望フラグ]]=0,"",IF(T_学生別進路[[#This Row],[進路確定]]="○",1,0)) -> 1 | G90: =IF( AND( COUNTIFS(T_進路入力[学籍番号],T_学生別進路[[#This Row],[学籍番号]], T_進路入力[状況],"進学以外")>0, COUNTIFS(T_進路入力[学籍番号],T_学生別進路[[#This Row],[学籍番号]], T_進路入力[状況],"<>進学以外")>0 ), 0, IF(VLOOKUP(T_学生別進路[[#This Row],[学籍番号]],T_進路入力[],6,FALSE)="進学以外",0,1) ) -> 1 | H90: =_xlfn.XLOOKUP(T_学生別進路[[#This Row],[学籍番号]]&"○",進路状況入力シート!K:K,進路状況入力シート!D:D,"",0,1) -> 流通科学大学 | I90: A | J90: 45992 | K90: =IF(T_学生別進路[[#This Row],[合格時期]]="",0,IF(T_学生別進路[[#This Row],[合格時期]]<K$5,1,0)) -> 0 | L90: =IF(T_学生別進路[[#This Row],[合格時期]]="",0,IF(T_学生別進路[[#This Row],[合格時期]]<L$5,1,0)) -> 1 | M90: =IF(T_学生別進路[[#This Row],[合格時期]]="",0,IF(T_学生別進路[[#This Row],[合格時期]]<M$5,1,0)) -> 1 | N90: =IF(T_学生別進路[[#This Row],[合格時期]]="",0,IF(T_学生別進路[[#This Row],[合格時期]]<N$5,1,0)) -> 1 | O90: =IF(T_学生別進路[[#This Row],[合格時期]]="",0,IF(T_学生別進路[[#This Row],[合格時期]]<O$5,1,0)) -> 1
A91: 2407060 | B91: =VLOOKUP(T_学生別進路[[#This Row],[学籍番号]],進路状況入力シート!A:B,2,FALSE) -> 2-5 | C91: =VLOOKUP(T_学生別進路[[#This Row],[学籍番号]],進路状況入力シート!A:C,3,FALSE) -> RAHAMAN ABDUR | D91: =IF(AND(T_学生別進路[[#This Row],[進路確定]]="○",T_学生別進路[[#This Row],[進学希望フラグ]]=1),"○","") -> ○ | E91: =_xlfn.IFNA(RIGHT(VLOOKUP(T_学生別進路[[#This Row],[学籍番号]]&"○",進路状況入力シート!K:K,1,FALSE),1),"") -> ○ | F91: =IF(T_学生別進路[[#This Row],[進学希望フラグ]]=0,"",IF(T_学生別進路[[#This Row],[進路確定]]="○",1,0)) -> 1 | G91: =IF( AND( COUNTIFS(T_進路入力[学籍番号],T_学生別進路[[#This Row],[学籍番号]], T_進路入力[状況],"進学以外")>0, COUNTIFS(T_進路入力[学籍番号],T_学生別進路[[#This Row],[学籍番号]], T_進路入力[状況],"<>進学以外")>0 ), 0, IF(VLOOKUP(T_学生別進路[[#This Row],[学籍番号]],T_進路入力[],6,FALSE)="進学以外",0,1) ) -> 1 | H91: =_xlfn.XLOOKUP(T_学生別進路[[#This Row],[学籍番号]]&"○",進路状況入力シート!K:K,進路状況入力シート!D:D,"",0,1) -> 神戸電子専門学校 | I91: A | J91: 45992 | K91: =IF(T_学生別進路[[#This Row],[合格時期]]="",0,IF(T_学生別進路[[#This Row],[合格時期]]<K$5,1,0)) -> 0 | L91: =IF(T_学生別進路[[#This Row],[合格時期]]="",0,IF(T_学生別進路[[#This Row],[合格時期]]<L$5,1,0)) -> 1 | M91: =IF(T_学生別進路[[#This Row],[合格時期]]="",0,IF(T_学生別進路[[#This Row],[合格時期]]<M$5,1,0)) -> 1 | N91: =IF(T_学生別進路[[#This Row],[合格時期]]="",0,IF(T_学生別進路[[#This Row],[合格時期]]<N$5,1,0)) -> 1 | O91: =IF(T_学生別進路[[#This Row],[合格時期]]="",0,IF(T_学生別進路[[#This Row],[合格時期]]<O$5,1,0)) -> 1
A92: 2407064 | B92: =VLOOKUP(T_学生別進路[[#This Row],[学籍番号]],進路状況入力シート!A:B,2,FALSE) -> 2-5 | C92: =VLOOKUP(T_学生別進路[[#This Row],[学籍番号]],進路状況入力シート!A:C,3,FALSE) -> BHUJEL YAMUNA | D92: =IF(AND(T_学生別進路[[#This Row],[進路確定]]="○",T_学生別進路[[#This Row],[進学希望フラグ]]=1),"○","") -> ○ | E92: =_xlfn.IFNA(RIGHT(VLOOKUP(T_学生別進路[[#This Row],[学籍番号]]&"○",進路状況入力シート!K:K,1,FALSE),1),"") -> ○ | F92: =IF(T_学生別進路[[#This Row],[進学希望フラグ]]=0,"",IF(T_学生別進路[[#This Row],[進路確定]]="○",1,0)) -> 1 | G92: =IF( AND( COUNTIFS(T_進路入力[学籍番号],T_学生別進路[[#This Row],[学籍番号]], T_進路入力[状況],"進学以外")>0, COUNTIFS(T_進路入力[学籍番号],T_学生別進路[[#This Row],[学籍番号]], T_進路入力[状況],"<>進学以外")>0 ), 0, IF(VLOOKUP(T_学生別進路[[#This Row],[学籍番号]],T_進路入力[],6,FALSE)="進学以外",0,1) ) -> 1 | H92: =_xlfn.XLOOKUP(T_学生別進路[[#This Row],[学籍番号]]&"○",進路状況入力シート!K:K,進路状況入力シート!D:D,"",0,1) -> 東京国際ビジネスカレッジ神戸校 | J92: 45901 | K92: =IF(T_学生別進路[[#This Row],[合格時期]]="",0,IF(T_学生別進路[[#This Row],[合格時期]]<K$5,1,0)) -> 1 | L92: =IF(T_学生別進路[[#This Row],[合格時期]]="",0,IF(T_学生別進路[[#This Row],[合格時期]]<L$5,1,0)) -> 1 | M92: =IF(T_学生別進路[[#This Row],[合格時期]]="",0,IF(T_学生別進路[[#This Row],[合格時期]]<M$5,1,0)) -> 1 | N92: =IF(T_学生別進路[[#This Row],[合格時期]]="",0,IF(T_学生別進路[[#This Row],[合格時期]]<N$5,1,0)) -> 1 | O92: =IF(T_学生別進路[[#This Row],[合格時期]]="",0,IF(T_学生別進路[[#This Row],[合格時期]]<O$5,1,0)) -> 1
A93: 2410001 | B93: =VLOOKUP(T_学生別進路[[#This Row],[学籍番号]],進路状況入力シート!A:B,2,FALSE) -> 2-5 | C93: =VLOOKUP(T_学生別進路[[#This Row],[学籍番号]],進路状況入力シート!A:C,3,FALSE) -> 范 澤旭 | D93: =IF(AND(T_学生別進路[[#This Row],[進路確定]]="○",T_学生別進路[[#This Row],[進学希望フラグ]]=1),"○","") -> ○ | E93: =_xlfn.IFNA(RIGHT(VLOOKUP(T_学生別進路[[#This Row],[学籍番号]]&"○",進路状況入力シート!K:K,1,FALSE),1),"") -> ○ | F93: =IF(T_学生別進路[[#This Row],[進学希望フラグ]]=0,"",IF(T_学生別進路[[#This Row],[進路確定]]="○",1,0)) -> 1 | G93: =IF( AND( COUNTIFS(T_進路入力[学籍番号],T_学生別進路[[#This Row],[学籍番号]], T_進路入力[状況],"進学以外")>0, COUNTIFS(T_進路入力[学籍番号],T_学生別進路[[#This Row],[学籍番号]], T_進路入力[状況],"<>進学以外")>0 ), 0, IF(VLOOKUP(T_学生別進路[[#This Row],[学籍番号]],T_進路入力[],6,FALSE)="進学以外",0,1) ) -> 1 | H93: =_xlfn.XLOOKUP(T_学生別進路[[#This Row],[学籍番号]]&"○",進路状況入力シート!K:K,進路状況入力シート!D:D,"",0,1) -> 流通科学大学 | J93: 45992 | K93: =IF(T_学生別進路[[#This Row],[合格時期]]="",0,IF(T_学生別進路[[#This Row],[合格時期]]<K$5,1,0)) -> 0 | L93: =IF(T_学生別進路[[#This Row],[合格時期]]="",0,IF(T_学生別進路[[#This Row],[合格時期]]<L$5,1,0)) -> 1 | M93: =IF(T_学生別進路[[#This Row],[合格時期]]="",0,IF(T_学生別進路[[#This Row],[合格時期]]<M$5,1,0)) -> 1 | N93: =IF(T_学生別進路[[#This Row],[合格時期]]="",0,IF(T_学生別進路[[#This Row],[合格時期]]<N$5,1,0)) -> 1 | O93: =IF(T_学生別進路[[#This Row],[合格時期]]="",0,IF(T_学生別進路[[#This Row],[合格時期]]<O$5,1,0)) -> 1
A94: 2410004 | B94: =VLOOKUP(T_学生別進路[[#This Row],[学籍番号]],進路状況入力シート!A:B,2,FALSE) -> 2-5 | C94: =VLOOKUP(T_学生別進路[[#This Row],[学籍番号]],進路状況入力シート!A:C,3,FALSE) -> 于 騰傑 | D94: =IF(AND(T_学生別進路[[#This Row],[進路確定]]="○",T_学生別進路[[#This Row],[進学希望フラグ]]=1),"○","") -> ○ | E94: =_xlfn.IFNA(RIGHT(VLOOKUP(T_学生別進路[[#This Row],[学籍番号]]&"○",進路状況入力シート!K:K,1,FALSE),1),"") -> ○ | F94: =IF(T_学生別進路[[#This Row],[進学希望フラグ]]=0,"",IF(T_学生別進路[[#This Row],[進路確定]]="○",1,0)) -> 1 | G94: =IF( AND( COUNTIFS(T_進路入力[学籍番号],T_学生別進路[[#This Row],[学籍番号]], T_進路入力[状況],"進学以外")>0, COUNTIFS(T_進路入力[学籍番号],T_学生別進路[[#This Row],[学籍番号]], T_進路入力[状況],"<>進学以外")>0 ), 0, IF(VLOOKUP(T_学生別進路[[#This Row],[学籍番号]],T_進路入力[],6,FALSE)="進学以外",0,1) ) -> 1 | H94: =_xlfn.XLOOKUP(T_学生別進路[[#This Row],[学籍番号]]&"○",進路状況入力シート!K:K,進路状況入力シート!D:D,"",0,1) -> 愛知工科大学 | I94: B | J94: 46054 | K94: =IF(T_学生別進路[[#This Row],[合格時期]]="",0,IF(T_学生別進路[[#This Row],[合格時期]]<K$5,1,0)) -> 0 | L94: =IF(T_学生別進路[[#This Row],[合格時期]]="",0,IF(T_学生別進路[[#This Row],[合格時期]]<L$5,1,0)) -> 0 | M94: =IF(T_学生別進路[[#This Row],[合格時期]]="",0,IF(T_学生別進路[[#This Row],[合格時期]]<M$5,1,0)) -> 0 | N94: =IF(T_学生別進路[[#This Row],[合格時期]]="",0,IF(T_学生別進路[[#This Row],[合格時期]]<N$5,1,0)) -> 1 | O94: =IF(T_学生別進路[[#This Row],[合格時期]]="",0,IF(T_学生別進路[[#This Row],[合格時期]]<O$5,1,0)) -> 1
A95: 2404040 | B95: =VLOOKUP(T_学生別進路[[#This Row],[学籍番号]],進路状況入力シート!A:B,2,FALSE) -> 2-6 | C95: =VLOOKUP(T_学生別進路[[#This Row],[学籍番号]],進路状況入力シート!A:C,3,FALSE) -> AYE PWINT NAING | D95: =IF(AND(T_学生別進路[[#This Row],[進路確定]]="○",T_学生別進路[[#This Row],[進学希望フラグ]]=1),"○","") -> ○ | E95: =_xlfn.IFNA(RIGHT(VLOOKUP(T_学生別進路[[#This Row],[学籍番号]]&"○",進路状況入力シート!K:K,1,FALSE),1),"") -> ○ | F95: =IF(T_学生別進路[[#This Row],[進学希望フラグ]]=0,"",IF(T_学生別進路[[#This Row],[進路確定]]="○",1,0)) -> 1 | G95: =IF( AND( COUNTIFS(T_進路入力[学籍番号],T_学生別進路[[#This Row],[学籍番号]], T_進路入力[状況],"進学以外")>0, COUNTIFS(T_進路入力[学籍番号],T_学生別進路[[#This Row],[学籍番号]], T_進路入力[状況],"<>進学以外")>0 ), 0, IF(VLOOKUP(T_学生別進路[[#This Row],[学籍番号]],T_進路入力[],6,FALSE)="進学以外",0,1) ) -> 1 | H95: =_xlfn.XLOOKUP(T_学生別進路[[#This Row],[学籍番号]]&"○",進路状況入力シート!K:K,進路状況入力シート!D:D,"",0,1) -> 大阪モード学園 | J95: 45901 | K95: =IF(T_学生別進路[[#This Row],[合格時期]]="",0,IF(T_学生別進路[[#This Row],[合格時期]]<K$5,1,0)) -> 1 | L95: =IF(T_学生別進路[[#This Row],[合格時期]]="",0,IF(T_学生別進路[[#This Row],[合格時期]]<L$5,1,0)) -> 1 | M95: =IF(T_学生別進路[[#This Row],[合格時期]]="",0,IF(T_学生別進路[[#This Row],[合格時期]]<M$5,1,0)) -> 1 | N95: =IF(T_学生別進路[[#This Row],[合格時期]]="",0,IF(T_学生別進路[[#This Row],[合格時期]]<N$5,1,0)) -> 1 | O95: =IF(T_学生別進路[[#This Row],[合格時期]]="",0,IF(T_学生別進路[[#This Row],[合格時期]]<O$5,1,0)) -> 1
A96: 2404088 | B96: =VLOOKUP(T_学生別進路[[#This Row],[学籍番号]],進路状況入力シート!A:B,2,FALSE) -> 2-6 | C96: =VLOOKUP(T_学生別進路[[#This Row],[学籍番号]],進路状況入力シート!A:C,3,FALSE) -> MD.EMTEAZ HOSEN | D96: =IF(AND(T_学生別進路[[#This Row],[進路確定]]="○",T_学生別進路[[#This Row],[進学希望フラグ]]=1),"○","") -> ○ | E96: =_xlfn.IFNA(RIGHT(VLOOKUP(T_学生別進路[[#This Row],[学籍番号]]&"○",進路状況入力シート!K:K,1,FALSE),1),"") -> ○ | F96: =IF(T_学生別進路[[#This Row],[進学希望フラグ]]=0,"",IF(T_学生別進路[[#This Row],[進路確定]]="○",1,0)) -> 1 | G96: =IF( AND( COUNTIFS(T_進路入力[学籍番号],T_学生別進路[[#This Row],[学籍番号]], T_進路入力[状況],"進学以外")>0, COUNTIFS(T_進路入力[学籍番号],T_学生別進路[[#This Row],[学籍番号]], T_進路入力[状況],"<>進学以外")>0 ), 0, IF(VLOOKUP(T_学生別進路[[#This Row],[学籍番号]],T_進路入力[],6,FALSE)="進学以外",0,1) ) -> 1 | H96: =_xlfn.XLOOKUP(T_学生別進路[[#This Row],[学籍番号]]&"○",進路状況入力シート!K:K,進路状況入力シート!D:D,"",0,1) -> 流通科学大学 | I96: B | J96: 45962 | K96: =IF(T_学生別進路[[#This Row],[合格時期]]="",0,IF(T_学生別進路[[#This Row],[合格時期]]<K$5,1,0)) -> 1 | L96: =IF(T_学生別進路[[#This Row],[合格時期]]="",0,IF(T_学生別進路[[#This Row],[合格時期]]<L$5,1,0)) -> 1 | M96: =IF(T_学生別進路[[#This Row],[合格時期]]="",0,IF(T_学生別進路[[#This Row],[合格時期]]<M$5,1,0)) -> 1 | N96: =IF(T_学生別進路[[#This Row],[合格時期]]="",0,IF(T_学生別進路[[#This Row],[合格時期]]<N$5,1,0)) -> 1 | O96: =IF(T_学生別進路[[#This Row],[合格時期]]="",0,IF(T_学生別進路[[#This Row],[合格時期]]<O$5,1,0)) -> 1
A97: 2404127 | B97: =VLOOKUP(T_学生別進路[[#This Row],[学籍番号]],進路状況入力シート!A:B,2,FALSE) -> 2-6 | C97: =VLOOKUP(T_学生別進路[[#This Row],[学籍番号]],進路状況入力シート!A:C,3,FALSE) -> UDOY MD. | D97: =IF(AND(T_学生別進路[[#This Row],[進路確定]]="○",T_学生別進路[[#This Row],[進学希望フラグ]]=1),"○","") -> ○ | E97: =_xlfn.IFNA(RIGHT(VLOOKUP(T_学生別進路[[#This Row],[学籍番号]]&"○",進路状況入力シート!K:K,1,FALSE),1),"") -> ○ | F97: =IF(T_学生別進路[[#This Row],[進学希望フラグ]]=0,"",IF(T_学生別進路[[#This Row],[進路確定]]="○",1,0)) -> 1 | G97: =IF( AND( COUNTIFS(T_進路入力[学籍番号],T_学生別進路[[#This Row],[学籍番号]], T_進路入力[状況],"進学以外")>0, COUNTIFS(T_進路入力[学籍番号],T_学生別進路[[#This Row],[学籍番号]], T_進路入力[状況],"<>進学以外")>0 ), 0, IF(VLOOKUP(T_学生別進路[[#This Row],[学籍番号]],T_進路入力[],6,FALSE)="進学以外",0,1) ) -> 1 | H97: =_xlfn.XLOOKUP(T_学生別進路[[#This Row],[学籍番号]]&"○",進路状況入力シート!K:K,進路状況入力シート!D:D,"",0,1) -> 神戸親和大学 | I97: A | J97: 45992 | K97: =IF(T_学生別進路[[#This Row],[合格時期]]="",0,IF(T_学生別進路[[#This Row],[合格時期]]<K$5,1,0)) -> 0 | L97: =IF(T_学生別進路[[#This Row],[合格時期]]="",0,IF(T_学生別進路[[#This Row],[合格時期]]<L$5,1,0)) -> 1 | M97: =IF(T_学生別進路[[#This Row],[合格時期]]="",0,IF(T_学生別進路[[#This Row],[合格時期]]<M$5,1,0)) -> 1 | N97: =IF(T_学生別進路[[#This Row],[合格時期]]="",0,IF(T_学生別進路[[#This Row],[合格時期]]<N$5,1,0)) -> 1 | O97: =IF(T_学生別進路[[#This Row],[合格時期]]="",0,IF(T_学生別進路[[#This Row],[合格時期]]<O$5,1,0)) -> 1
A98: 2404163 | B98: =VLOOKUP(T_学生別進路[[#This Row],[学籍番号]],進路状況入力シート!A:B,2,FALSE) -> 2-6 | C98: =VLOOKUP(T_学生別進路[[#This Row],[学籍番号]],進路状況入力シート!A:C,3,FALSE) -> SABITA GAMAL | D98: =IF(AND(T_学生別進路[[#This Row],[進路確定]]="○",T_学生別進路[[#This Row],[進学希望フラグ]]=1),"○","") -> ○ | E98: =_xlfn.IFNA(RIGHT(VLOOKUP(T_学生別進路[[#This Row],[学籍番号]]&"○",進路状況入力シート!K:K,1,FALSE),1),"") -> ○ | F98: =IF(T_学生別進路[[#This Row],[進学希望フラグ]]=0,"",IF(T_学生別進路[[#This Row],[進路確定]]="○",1,0)) -> 1 | G98: =IF( AND( COUNTIFS(T_進路入力[学籍番号],T_学生別進路[[#This Row],[学籍番号]], T_進路入力[状況],"進学以外")>0, COUNTIFS(T_進路入力[学籍番号],T_学生別進路[[#This Row],[学籍番号]], T_進路入力[状況],"<>進学以外")>0 ), 0, IF(VLOOKUP(T_学生別進路[[#This Row],[学籍番号]],T_進路入力[],6,FALSE)="進学以外",0,1) ) -> 1 | H98: =_xlfn.XLOOKUP(T_学生別進路[[#This Row],[学籍番号]]&"○",進路状況入力シート!K:K,進路状況入力シート!D:D,"",0,1) -> 東亜経理専門学校 | J98: 45962 | K98: =IF(T_学生別進路[[#This Row],[合格時期]]="",0,IF(T_学生別進路[[#This Row],[合格時期]]<K$5,1,0)) -> 1 | L98: =IF(T_学生別進路[[#This Row],[合格時期]]="",0,IF(T_学生別進路[[#This Row],[合格時期]]<L$5,1,0)) -> 1 | M98: =IF(T_学生別進路[[#This Row],[合格時期]]="",0,IF(T_学生別進路[[#This Row],[合格時期]]<M$5,1,0)) -> 1 | N98: =IF(T_学生別進路[[#This Row],[合格時期]]="",0,IF(T_学生別進路[[#This Row],[合格時期]]<N$5,1,0)) -> 1 | O98: =IF(T_学生別進路[[#This Row],[合格時期]]="",0,IF(T_学生別進路[[#This Row],[合格時期]]<O$5,1,0)) -> 1
A99: 2407008 | B99: =VLOOKUP(T_学生別進路[[#This Row],[学籍番号]],進路状況入力シート!A:B,2,FALSE) -> 2-6 | C99: =VLOOKUP(T_学生別進路[[#This Row],[学籍番号]],進路状況入力シート!A:C,3,FALSE) -> MYA MYA THIN | D99: =IF(AND(T_学生別進路[[#This Row],[進路確定]]="○",T_学生別進路[[#This Row],[進学希望フラグ]]=1),"○","") -> ○ | E99: =_xlfn.IFNA(RIGHT(VLOOKUP(T_学生別進路[[#This Row],[学籍番号]]&"○",進路状況入力シート!K:K,1,FALSE),1),"") -> ○ | F99: =IF(T_学生別進路[[#This Row],[進学希望フラグ]]=0,"",IF(T_学生別進路[[#This Row],[進路確定]]="○",1,0)) -> 1 | G99: =IF( AND( COUNTIFS(T_進路入力[学籍番号],T_学生別進路[[#This Row],[学籍番号]], T_進路入力[状況],"進学以外")>0, COUNTIFS(T_進路入力[学籍番号],T_学生別進路[[#This Row],[学籍番号]], T_進路入力[状況],"<>進学以外")>0 ), 0, IF(VLOOKUP(T_学生別進路[[#This Row],[学籍番号]],T_進路入力[],6,FALSE)="進学以外",0,1) ) -> 1 | H99: =_xlfn.XLOOKUP(T_学生別進路[[#This Row],[学籍番号]]&"○",進路状況入力シート!K:K,進路状況入力シート!D:D,"",0,1) -> 神戸電子専門学校 | J99: 45962 | K99: =IF(T_学生別進路[[#This Row],[合格時期]]="",0,IF(T_学生別進路[[#This Row],[合格時期]]<K$5,1,0)) -> 1 | L99: =IF(T_学生別進路[[#This Row],[合格時期]]="",0,IF(T_学生別進路[[#This Row],[合格時期]]<L$5,1,0)) -> 1 | M99: =IF(T_学生別進路[[#This Row],[合格時期]]="",0,IF(T_学生別進路[[#This Row],[合格時期]]<M$5,1,0)) -> 1 | N99: =IF(T_学生別進路[[#This Row],[合格時期]]="",0,IF(T_学生別進路[[#This Row],[合格時期]]<N$5,1,0)) -> 1 | O99: =IF(T_学生別進路[[#This Row],[合格時期]]="",0,IF(T_学生別進路[[#This Row],[合格時期]]<O$5,1,0)) -> 1
A100: 2407009 | B100: =VLOOKUP(T_学生別進路[[#This Row],[学籍番号]],進路状況入力シート!A:B,2,FALSE) -> 2-6 | C100: =VLOOKUP(T_学生別進路[[#This Row],[学籍番号]],進路状況入力シート!A:C,3,FALSE) -> NAING LIN KHANT | D100: =IF(AND(T_学生別進路[[#This Row],[進路確定]]="○",T_学生別進路[[#This Row],[進学希望フラグ]]=1),"○","") -> ○ | E100: =_xlfn.IFNA(RIGHT(VLOOKUP(T_学生別進路[[#This Row],[学籍番号]]&"○",進路状況入力シート!K:K,1,FALSE),1),"") -> ○ | F100: =IF(T_学生別進路[[#This Row],[進学希望フラグ]]=0,"",IF(T_学生別進路[[#This Row],[進路確定]]="○",1,0)) -> 1 | G100: =IF( AND( COUNTIFS(T_進路入力[学籍番号],T_学生別進路[[#This Row],[学籍番号]], T_進路入力[状況],"進学以外")>0, COUNTIFS(T_進路入力[学籍番号],T_学生別進路[[#This Row],[学籍番号]], T_進路入力[状況],"<>進学以外")>0 ), 0, IF(VLOOKUP(T_学生別進路[[#This Row],[学籍番号]],T_進路入力[],6,FALSE)="進学以外",0,1) ) -> 1 | H100: =_xlfn.XLOOKUP(T_学生別進路[[#This Row],[学籍番号]]&"○",進路状況入力シート!K:K,進路状況入力シート!D:D,"",0,1) -> 神戸親和大学 | I100: A | J100: 45992 | K100: =IF(T_学生別進路[[#This Row],[合格時期]]="",0,IF(T_学生別進路[[#This Row],[合格時期]]<K$5,1,0)) -> 0 | L100: =IF(T_学生別進路[[#This Row],[合格時期]]="",0,IF(T_学生別進路[[#This Row],[合格時期]]<L$5,1,0)) -> 1 | M100: =IF(T_学生別進路[[#This Row],[合格時期]]="",0,IF(T_学生別進路[[#This Row],[合格時期]]<M$5,1,0)) -> 1 | N100: =IF(T_学生別進路[[#This Row],[合格時期]]="",0,IF(T_学生別進路[[#This Row],[合格時期]]<N$5,1,0)) -> 1 | O100: =IF(T_学生別進路[[#This Row],[合格時期]]="",0,IF(T_学生別進路[[#This Row],[合格時期]]<O$5,1,0)) -> 1
A101: 2407014 | B101: =VLOOKUP(T_学生別進路[[#This Row],[学籍番号]],進路状況入力シート!A:B,2,FALSE) -> 2-6 | C101: =VLOOKUP(T_学生別進路[[#This Row],[学籍番号]],進路状況入力シート!A:C,3,FALSE) -> ZIN LAY NWE | D101: =IF(AND(T_学生別進路[[#This Row],[進路確定]]="○",T_学生別進路[[#This Row],[進学希望フラグ]]=1),"○","") -> ○ | E101: =_xlfn.IFNA(RIGHT(VLOOKUP(T_学生別進路[[#This Row],[学籍番号]]&"○",進路状況入力シート!K:K,1,FALSE),1),"") -> ○ | F101: =IF(T_学生別進路[[#This Row],[進学希望フラグ]]=0,"",IF(T_学生別進路[[#This Row],[進路確定]]="○",1,0)) -> 1 | G101: =IF( AND( COUNTIFS(T_進路入力[学籍番号],T_学生別進路[[#This Row],[学籍番号]], T_進路入力[状況],"進学以外")>0, COUNTIFS(T_進路入力[学籍番号],T_学生別進路[[#This Row],[学籍番号]], T_進路入力[状況],"<>進学以外")>0 ), 0, IF(VLOOKUP(T_学生別進路[[#This Row],[学籍番号]],T_進路入力[],6,FALSE)="進学以外",0,1) ) -> 1 | H101: =_xlfn.XLOOKUP(T_学生別進路[[#This Row],[学籍番号]]&"○",進路状況入力シート!K:K,進路状況入力シート!D:D,"",0,1) -> 大阪女学院大学 | J101: 46023 | K101: =IF(T_学生別進路[[#This Row],[合格時期]]="",0,IF(T_学生別進路[[#This Row],[合格時期]]<K$5,1,0)) -> 0 | L101: =IF(T_学生別進路[[#This Row],[合格時期]]="",0,IF(T_学生別進路[[#This Row],[合格時期]]<L$5,1,0)) -> 0 | M101: =IF(T_学生別進路[[#This Row],[合格時期]]="",0,IF(T_学生別進路[[#This Row],[合格時期]]<M$5,1,0)) -> 1 | N101: =IF(T_学生別進路[[#This Row],[合格時期]]="",0,IF(T_学生別進路[[#This Row],[合格時期]]<N$5,1,0)) -> 1 | O101: =IF(T_学生別進路[[#This Row],[合格時期]]="",0,IF(T_学生別進路[[#This Row],[合格時期]]<O$5,1,0)) -> 1
...

Sheet 合格掲示用ワーク
A1: 学籍番号 | B1: クラス | C1: 名前 | D1: 進路確定 | G1: 合格校 | H1: クラス内表示位置 | I1: ページ | J1: クラス内ページ | K1: ページ内表示位置 | L1: キー
A2: {=_xlfn._xlws.FILTER(T_学生別進路[[学籍番号]:[合格校]],(T_学生別進路[進路確定]="○")*(T_学生別進路[進学希望フラグ]=1))} -> #VALUE! | H2: 1 | I2: 1 | J2: =_xlfn.CEILING.MATH(H2/10) -> 1 | K2: =MOD(H2,10)+IF(MOD(H2,10)=0,10,0) -> 1 | L2: =I2&"-"&K2 -> 1-1
H3: =IF(B3=B2,H2+1,1) -> 2 | I3: =IF(B3<>B2,I2+1,IF(J2<>J3,I2+1,I2)) -> 1 | J3: =_xlfn.CEILING.MATH(H3/10) -> 1 | K3: =MOD(H3,10)+IF(MOD(H3,10)=0,10,0) -> 2 | L3: =I3&"-"&K3 -> 1-2
H4: =IF(B4=B3,H3+1,1) -> 3 | I4: =IF(B4<>B3,I3+1,IF(J3<>J4,I3+1,I3)) -> 1 | J4: =_xlfn.CEILING.MATH(H4/10) -> 1 | K4: =MOD(H4,10)+IF(MOD(H4,10)=0,10,0) -> 3 | L4: =I4&"-"&K4 -> 1-3
H5: =IF(B5=B4,H4+1,1) -> 4 | I5: =IF(B5<>B4,I4+1,IF(J4<>J5,I4+1,I4)) -> 1 | J5: =_xlfn.CEILING.MATH(H5/10) -> 1 | K5: =MOD(H5,10)+IF(MOD(H5,10)=0,10,0) -> 4 | L5: =I5&"-"&K5 -> 1-4
H6: =IF(B6=B5,H5+1,1) -> 5 | I6: =IF(B6<>B5,I5+1,IF(J5<>J6,I5+1,I5)) -> 1 | J6: =_xlfn.CEILING.MATH(H6/10) -> 1 | K6: =MOD(H6,10)+IF(MOD(H6,10)=0,10,0) -> 5 | L6: =I6&"-"&K6 -> 1-5
H7: =IF(B7=B6,H6+1,1) -> 6 | I7: =IF(B7<>B6,I6+1,IF(J6<>J7,I6+1,I6)) -> 1 | J7: =_xlfn.CEILING.MATH(H7/10) -> 1 | K7: =MOD(H7,10)+IF(MOD(H7,10)=0,10,0) -> 6 | L7: =I7&"-"&K7 -> 1-6
H8: =IF(B8=B7,H7+1,1) -> 7 | I8: =IF(B8<>B7,I7+1,IF(J7<>J8,I7+1,I7)) -> 1 | J8: =_xlfn.CEILING.MATH(H8/10) -> 1 | K8: =MOD(H8,10)+IF(MOD(H8,10)=0,10,0) -> 7 | L8: =I8&"-"&K8 -> 1-7
H9: =IF(B9=B8,H8+1,1) -> 8 | I9: =IF(B9<>B8,I8+1,IF(J8<>J9,I8+1,I8)) -> 1 | J9: =_xlfn.CEILING.MATH(H9/10) -> 1 | K9: =MOD(H9,10)+IF(MOD(H9,10)=0,10,0) -> 8 | L9: =I9&"-"&K9 -> 1-8
H10: =IF(B10=B9,H9+1,1) -> 9 | I10: =IF(B10<>B9,I9+1,IF(J9<>J10,I9+1,I9)) -> 1 | J10: =_xlfn.CEILING.MATH(H10/10) -> 1 | K10: =MOD(H10,10)+IF(MOD(H10,10)=0,10,0) -> 9 | L10: =I10&"-"&K10 -> 1-9
H11: =IF(B11=B10,H10+1,1) -> 10 | I11: =IF(B11<>B10,I10+1,IF(J10<>J11,I10+1,I10)) -> 1 | J11: =_xlfn.CEILING.MATH(H11/10) -> 1 | K11: =MOD(H11,10)+IF(MOD(H11,10)=0,10,0) -> 10 | L11: =I11&"-"&K11 -> 1-10
H12: =IF(B12=B11,H11+1,1) -> 11 | I12: =IF(B12<>B11,I11+1,IF(J11<>J12,I11+1,I11)) -> 2 | J12: =_xlfn.CEILING.MATH(H12/10) -> 2 | K12: =MOD(H12,10)+IF(MOD(H12,10)=0,10,0) -> 1 | L12: =I12&"-"&K12 -> 2-1
H13: =IF(B13=B12,H12+1,1) -> 12 | I13: =IF(B13<>B12,I12+1,IF(J12<>J13,I12+1,I12)) -> 2 | J13: =_xlfn.CEILING.MATH(H13/10) -> 2 | K13: =MOD(H13,10)+IF(MOD(H13,10)=0,10,0) -> 2 | L13: =I13&"-"&K13 -> 2-2
H14: =IF(B14=B13,H13+1,1) -> 13 | I14: =IF(B14<>B13,I13+1,IF(J13<>J14,I13+1,I13)) -> 2 | J14: =_xlfn.CEILING.MATH(H14/10) -> 2 | K14: =MOD(H14,10)+IF(MOD(H14,10)=0,10,0) -> 3 | L14: =I14&"-"&K14 -> 2-3
... H251: =IF(B251=B250,H250+1,1) -> 250 | I251: =IF(B251<>B250,I250+1,IF(J250<>J251,I250+1,I250)) -> 25 | J251: =_xlfn.CEILING.MATH(H251/10) -> 25 | K251: =MOD(H251,10)+IF(MOD(H251,10)=0,10,0) -> 10 | L251: =I251&"-"&K251 -> 25-10

Sheet 上部データ更新用
B1: 個数 / 進路確定 | C1: 列ラベル
A2: クラス | B2: 行ラベル | C2: 2-1 | D2: 2-10 | E2: 2-11 | F2: 2-12 | G2: 2-13 | H2: 2-2 | I2: 2-3 | J2: 2-4 | K2: 2-5 | L2: 2-6 | M2: 2-7 | N2: 2-8 | O2: 2-9 | P2: 総計
A3: 進路未定 | C3: 1 | F3: 5 | G3: 4 | H3: 4 | I3: 2 | K3: 2 | L3: 2 | N3: 1 | P3: 21
A4: 進路決定 | B4: ○ | C4: 17 | D4: 20 | E4: 13 | F4: 15 | G4: 16 | H4: 16 | I4: 18 | J4: 10 | K4: 18 | L4: 18 | M4: 20 | N4: 18 | O4: 20 | P4: 219
B5: 総計 | C5: 18 | D5: 20 | E5: 13 | F5: 20 | G5: 20 | H5: 20 | I5: 20 | J5: 10 | K5: 20 | L5: 20 | M5: 20 | N5: 19 | O5: 20 | P5: 240
A6: 割合 | C6: =C4/C5 -> 0.94444444 | D6: =D4/D5 -> 1 | E6: =E4/E5 -> 1 | F6: =F4/F5 -> 0.75 | G6: =G4/G5 -> 0.8 | H6: =H4/H5 -> 0.8 | I6: =I4/I5 -> 0.9 | J6: =J4/J5 -> 1 | ... P6: =P4/P5 -> 0.9125

Sheet 分析
F2: 進路確定者想定人数
A3: クラス | B3: クラス人数 | C3: 進学希望者数 | D3: 合格者数 | E3: 進路確定者率 | F3: 11月末 | G3: 12月末 | H3: 1月末 | I3: 2月末 | J3: 3月末
A4: 2-1 | B4: 18 | C4: 17 | D4: 17 | E4: 1 | F4: 12 | G4: 17 | H4: 17 | I4: 17 | J4: 17
A5: 2-10 | B5: 20 | C5: 20 | D5: 20 | E5: 1 | F5: 16 | G5: 16 | H5: 19 | I5: 20 | J5: 20
A6: 2-11 | B6: 13 | C6: 13 | D6: 13 | E6: 1 | F6: 11 | G6: 13 | H6: 13 | I6: 13 | J6: 13
A7: 2-12 | B7: 20 | C7: 15 | D7: 15 | E7: 1 | F7: 12 | G7: 15 | H7: 15 | I7: 15 | J7: 15
A8: 2-13 | B8: 20 | C8: 16 | D8: 16 | E8: 1 | F8: 15 | G8: 15 | H8: 16 | I8: 16 | J8: 16
A9: 2-2 | B9: 20 | C9: 16 | D9: 16 | E9: 1 | F9: 8 | G9: 13 | H9: 15 | I9: 16 | J9: 16
A10: 2-3 | B10: 20 | C10: 18 | D10: 18 | E10: 1 | F10: 13 | G10: 17 | H10: 18 | I10: 18 | J10: 18
A11: 2-4 | B11: 10 | C11: 10 | D11: 10 | E11: 1 | F11: 6 | G11: 9 | H11: 10 | I11: 10 | J11: 10
A12: 2-5 | B12: 20 | C12: 18 | D12: 18 | E12: 1 | F12: 7 | G12: 16 | H12: 16 | I12: 18 | J12: 18
A13: 2-6 | B13: 20 | C13: 18 | D13: 18 | E13: 1 | F13: 11 | G13: 17 | H13: 18 | I13: 18 | J13: 18
A14: 2-7 | B14: 20 | C14: 20 | D14: 20 | E14: 1 | F14: 8 | G14: 16 | H14: 19 | I14: 20 | J14: 20
A15: 2-8 | B15: 19 | C15: 18 | D15: 18 | E15: 1 | F15: 9 | G15: 16 | H15: 18 | I15: 18 | J15: 18
A16: 2-9 | B16: 20 | C16: 20 | D16: 20 | E16: 1 | F16: 15 | G16: 20 | H16: 20 | I16: 20 | J16: 20 | L16: =F3 -> 11月末 | M16: =G3 -> 12月末 | N16: =H3 -> 1月末 | O16: =I3 -> 2月末 | P16: =J3 -> 3月末
A17: 総計 | B17: 240 | C17: 219 | D17: 219 | E17: 1 | F17: 143 | G17: 200 | H17: 214 | I17: 219 | J17: 219 | L17: =F17/$C$17 -> 0.65296804 | M17: =G17/$C$17 -> 0.91324201 | N17: =H17/$C$17 -> 0.97716895 | O17: =I17/$C$17 -> 1 | P17: =J17/$C$17 -> 1

Sheet 合格掲示印刷用
Q1: 1
R7: 1 | S7: =Q1&"-"&R7 -> 1-1 | T7: =_xlfn.XLOOKUP(S7,合格掲示用ワーク!L:L,合格掲示用ワーク!B:B,"",0,1) -> 0 | U7: =_xlfn.XLOOKUP(S7,合格掲示用ワーク!L:L,合格掲示用ワーク!C:C,"",0,1) -> 0 | V7: =_xlfn.XLOOKUP(S7,合格掲示用ワーク!L:L,合格掲示用ワーク!G:G,"",0,1) -> 0
R8: 2 | S8: =Q1&"-"&R8 -> 1-2 | T8: =_xlfn.XLOOKUP(S8,合格掲示用ワーク!L:L,合格掲示用ワーク!B:B,"",0,1) -> 0 | U8: =_xlfn.XLOOKUP(S8,合格掲示用ワーク!L:L,合格掲示用ワーク!C:C,"",0,1) -> 0 | V8: =_xlfn.XLOOKUP(S8,合格掲示用ワーク!L:L,合格掲示用ワーク!G:G,"",0,1) -> 0
R9: 3 | S9: =Q1&"-"&R9 -> 1-3 | T9: =_xlfn.XLOOKUP(S9,合格掲示用ワーク!L:L,合格掲示用ワーク!B:B,"",0,1) -> 0 | U9: =_xlfn.XLOOKUP(S9,合格掲示用ワーク!L:L,合格掲示用ワーク!C:C,"",0,1) -> 0 | V9: =_xlfn.XLOOKUP(S9,合格掲示用ワーク!L:L,合格掲示用ワーク!G:G,"",0,1) -> 0
R10: 4 | S10: =Q1&"-"&R10 -> 1-4 | T10: =_xlfn.XLOOKUP(S10,合格掲示用ワーク!L:L,合格掲示用ワーク!B:B,"",0,1) -> 0 | U10: =_xlfn.XLOOKUP(S10,合格掲示用ワーク!L:L,合格掲示用ワーク!C:C,"",0,1) -> 0 | V10: =_xlfn.XLOOKUP(S10,合格掲示用ワーク!L:L,合格掲示用ワーク!G:G,"",0,1) -> 0
R11: 5 | S11: =Q1&"-"&R11 -> 1-5 | T11: =_xlfn.XLOOKUP(S11,合格掲示用ワーク!L:L,合格掲示用ワーク!B:B,"",0,1) -> 0 | U11: =_xlfn.XLOOKUP(S11,合格掲示用ワーク!L:L,合格掲示用ワーク!C:C,"",0,1) -> 0 | V11: =_xlfn.XLOOKUP(S11,合格掲示用ワーク!L:L,合格掲示用ワーク!G:G,"",0,1) -> 0
R12: 6 | S12: =Q1&"-"&R12 -> 1-6 | T12: =_xlfn.XLOOKUP(S12,合格掲示用ワーク!L:L,合格掲示用ワーク!B:B,"",0,1) -> 0 | U12: =_xlfn.XLOOKUP(S12,合格掲示用ワーク!L:L,合格掲示用ワーク!C:C,"",0,1) -> 0 | V12: =_xlfn.XLOOKUP(S12,合格掲示用ワーク!L:L,合格掲示用ワーク!G:G,"",0,1) -> 0
R13: 7 | S13: =Q1&"-"&R13 -> 1-7 | T13: =_xlfn.XLOOKUP(S13,合格掲示用ワーク!L:L,合格掲示用ワーク!B:B,"",0,1) -> 0 | U13: =_xlfn.XLOOKUP(S13,合格掲示用ワーク!L:L,合格掲示用ワーク!C:C,"",0,1) -> 0 | V13: =_xlfn.XLOOKUP(S13,合格掲示用ワーク!L:L,合格掲示用ワーク!G:G,"",0,1) -> 0
R14: 8 | S14: =Q1&"-"&R14 -> 1-8 | T14: =_xlfn.XLOOKUP(S14,合格掲示用ワーク!L:L,合格掲示用ワーク!B:B,"",0,1) -> 0 | U14: =_xlfn.XLOOKUP(S14,合格掲示用ワーク!L:L,合格掲示用ワーク!C:C,"",0,1) -> 0 | V14: =_xlfn.XLOOKUP(S14,合格掲示用ワーク!L:L,合格掲示用ワーク!G:G,"",0,1) -> 0
R15: 9 | S15: =Q1&"-"&R15 -> 1-9 | T15: =_xlfn.XLOOKUP(S15,合格掲示用ワーク!L:L,合格掲示用ワーク!B:B,"",0,1) -> 0 | U15: =_xlfn.XLOOKUP(S15,合格掲示用ワーク!L:L,合格掲示用ワーク!C:C,"",0,1) -> 0 | V15: =_xlfn.XLOOKUP(S15,合格掲示用ワーク!L:L,合格掲示用ワーク!G:G,"",0,1) -> 0
R16: 10 | S16: =Q1&"-"&R16 -> 1-10 | T16: =_xlfn.XLOOKUP(S16,合格掲示用ワーク!L:L,合格掲示用ワーク!B:B,"",0,1) -> 0 | U16: =_xlfn.XLOOKUP(S16,合格掲示用ワーク!L:L,合格掲示用ワーク!C:C,"",0,1) -> 0 | V16: =_xlfn.XLOOKUP(S16,合格掲示用ワーク!L:L,合格掲示用ワーク!G:G,"",0,1) -> 0
Q18: =Q1+1 -> 2
R24: 1 | S24: =Q18&"-"&R24 -> 2-1 | T24: =_xlfn.XLOOKUP(S24,合格掲示用ワーク!L:L,合格掲示用ワーク!B:B,"",0,1) -> 0 | U24: =_xlfn.XLOOKUP(S24,合格掲示用ワーク!L:L,合格掲示用ワーク!C:C,"",0,1) -> 0 | V24: =_xlfn.XLOOKUP(S24,合格掲示用ワーク!L:L,合格掲示用ワーク!G:G,"",0,1) -> 0
R25: 2 | S25: =Q18&"-"&R25 -> 2-2 | T25: =_xlfn.XLOOKUP(S25,合格掲示用ワーク!L:L,合格掲示用ワーク!B:B,"",0,1) -> 0 | U25: =_xlfn.XLOOKUP(S25,合格掲示用ワーク!L:L,合格掲示用ワーク!C:C,"",0,1) -> 0 | V25: =_xlfn.XLOOKUP(S25,合格掲示用ワーク!L:L,合格掲示用ワーク!G:G,"",0,1) -> 0
R26: 3 | S26: =Q18&"-"&R26 -> 2-3 | T26: =_xlfn.XLOOKUP(S26,合格掲示用ワーク!L:L,合格掲示用ワーク!B:B,"",0,1) -> 0 | U26: =_xlfn.XLOOKUP(S26,合格掲示用ワーク!L:L,合格掲示用ワーク!C:C,"",0,1) -> 0 | V26: =_xlfn.XLOOKUP(S26,合格掲示用ワーク!L:L,合格掲示用ワーク!G:G,"",0,1) -> 0
R27: 4 | S27: =Q18&"-"&R27 -> 2-4 | T27: =_xlfn.XLOOKUP(S27,合格掲示用ワーク!L:L,合格掲示用ワーク!B:B,"",0,1) -> 0 | U27: =_xlfn.XLOOKUP(S27,合格掲示用ワーク!L:L,合格掲示用ワーク!C:C,"",0,1) -> 0 | V27: =_xlfn.XLOOKUP(S27,合格掲示用ワーク!L:L,合格掲示用ワーク!G:G,"",0,1) -> 0
R28: 5 | S28: =Q18&"-"&R28 -> 2-5 | T28: =_xlfn.XLOOKUP(S28,合格掲示用ワーク!L:L,合格掲示用ワーク!B:B,"",0,1) -> 0 | U28: =_xlfn.XLOOKUP(S28,合格掲示用ワーク!L:L,合格掲示用ワーク!C:C,"",0,1) -> 0 | V28: =_xlfn.XLOOKUP(S28,合格掲示用ワーク!L:L,合格掲示用ワーク!G:G,"",0,1) -> 0
R29: 6 | S29: =Q18&"-"&R29 -> 2-6 | T29: =_xlfn.XLOOKUP(S29,合格掲示用ワーク!L:L,合格掲示用ワーク!B:B,"",0,1) -> 0 | U29: =_xlfn.XLOOKUP(S29,合格掲示用ワーク!L:L,合格掲示用ワーク!C:C,"",0,1) -> 0 | V29: =_xlfn.XLOOKUP(S29,合格掲示用ワーク!L:L,合格掲示用ワーク!G:G,"",0,1) -> 0
R30: 7 | S30: =Q18&"-"&R30 -> 2-7 | T30: =_xlfn.XLOOKUP(S30,合格掲示用ワーク!L:L,合格掲示用ワーク!B:B,"",0,1) -> 0 | U30: =_xlfn.XLOOKUP(S30,合格掲示用ワーク!L:L,合格掲示用ワーク!C:C,"",0,1) -> 0 | V30: =_xlfn.XLOOKUP(S30,合格掲示用ワーク!L:L,合格掲示用ワーク!G:G,"",0,1) -> 0
R31: 8 | S31: =Q18&"-"&R31 -> 2-8 | T31: =_xlfn.XLOOKUP(S31,合格掲示用ワーク!L:L,合格掲示用ワーク!B:B,"",0,1) -> 0 | U31: =_xlfn.XLOOKUP(S31,合格掲示用ワーク!L:L,合格掲示用ワーク!C:C,"",0,1) -> 0 | V31: =_xlfn.XLOOKUP(S31,合格掲示用ワーク!L:L,合格掲示用ワーク!G:G,"",0,1) -> 0
R32: 9 | S32: =Q18&"-"&R32 -> 2-9 | T32: =_xlfn.XLOOKUP(S32,合格掲示用ワーク!L:L,合格掲示用ワーク!B:B,"",0,1) -> 0 | U32: =_xlfn.XLOOKUP(S32,合格掲示用ワーク!L:L,合格掲示用ワーク!C:C,"",0,1) -> 0 | V32: =_xlfn.XLOOKUP(S32,合格掲示用ワーク!L:L,合格掲示用ワーク!G:G,"",0,1) -> 0
R33: 10 | S33: =Q18&"-"&R33 -> 2-10 | T33: =_xlfn.XLOOKUP(S33,合格掲示用ワーク!L:L,合格掲示用ワーク!B:B,"",0,1) -> 0 | U33: =_xlfn.XLOOKUP(S33,合格掲示用ワーク!L:L,合格掲示用ワーク!C:C,"",0,1) -> 0 | V33: =_xlfn.XLOOKUP(S33,合格掲示用ワーク!L:L,合格掲示用ワーク!G:G,"",0,1) -> 0
Q35: =Q18+1 -> 3
R41: 1 | S41: =Q35&"-"&R41 -> 3-1 | T41: =_xlfn.XLOOKUP(S41,合格掲示用ワーク!L:L,合格掲示用ワーク!B:B,"",0,1) -> 0 | U41: =_xlfn.XLOOKUP(S41,合格掲示用ワーク!L:L,合格掲示用ワーク!C:C,"",0,1) -> 0 | V41: =_xlfn.XLOOKUP(S41,合格掲示用ワーク!L:L,合格掲示用ワーク!G:G,"",0,1) -> 0
R42: 2 | S42: =Q35&"-"&R42 -> 3-2 | T42: =_xlfn.XLOOKUP(S42,合格掲示用ワーク!L:L,合格掲示用ワーク!B:B,"",0,1) -> 0 | U42: =_xlfn.XLOOKUP(S42,合格掲示用ワーク!L:L,合格掲示用ワーク!C:C,"",0,1) -> 0 | V42: =_xlfn.XLOOKUP(S42,合格掲示用ワーク!L:L,合格掲示用ワーク!G:G,"",0,1) -> 0
R43: 3 | S43: =Q35&"-"&R43 -> 3-3 | T43: =_xlfn.XLOOKUP(S43,合格掲示用ワーク!L:L,合格掲示用ワーク!B:B,"",0,1) -> 0 | U43: =_xlfn.XLOOKUP(S43,合格掲示用ワーク!L:L,合格掲示用ワーク!C:C,"",0,1) -> 0 | V43: =_xlfn.XLOOKUP(S43,合格掲示用ワーク!L:L,合格掲示用ワーク!G:G,"",0,1) -> 0
R44: 4 | S44: =Q35&"-"&R44 -> 3-4 | T44: =_xlfn.XLOOKUP(S44,合格掲示用ワーク!L:L,合格掲示用ワーク!B:B,"",0,1) -> 0 | U44: =_xlfn.XLOOKUP(S44,合格掲示用ワーク!L:L,合格掲示用ワーク!C:C,"",0,1) -> 0 | V44: =_xlfn.XLOOKUP(S44,合格掲示用ワーク!L:L,合格掲示用ワーク!G:G,"",0,1) -> 0
R45: 5 | S45: =Q35&"-"&R45 -> 3-5 | T45: =_xlfn.XLOOKUP(S45,合格掲示用ワーク!L:L,合格掲示用ワーク!B:B,"",0,1) -> 0 | U45: =_xlfn.XLOOKUP(S45,合格掲示用ワーク!L:L,合格掲示用ワーク!C:C,"",0,1) -> 0 | V45: =_xlfn.XLOOKUP(S45,合格掲示用ワーク!L:L,合格掲示用ワーク!G:G,"",0,1) -> 0
R46: 6 | S46: =Q35&"-"&R46 -> 3-6 | T46: =_xlfn.XLOOKUP(S46,合格掲示用ワーク!L:L,合格掲示用ワーク!B:B,"",0,1) -> 0 | U46: =_xlfn.XLOOKUP(S46,合格掲示用ワーク!L:L,合格掲示用ワーク!C:C,"",0,1) -> 0 | V46: =_xlfn.XLOOKUP(S46,合格掲示用ワーク!L:L,合格掲示用ワーク!G:G,"",0,1) -> 0
R47: 7 | S47: =Q35&"-"&R47 -> 3-7 | T47: =_xlfn.XLOOKUP(S47,合格掲示用ワーク!L:L,合格掲示用ワーク!B:B,"",0,1) -> 0 | U47: =_xlfn.XLOOKUP(S47,合格掲示用ワーク!L:L,合格掲示用ワーク!C:C,"",0,1) -> 0 | V47: =_xlfn.XLOOKUP(S47,合格掲示用ワーク!L:L,合格掲示用ワーク!G:G,"",0,1) -> 0
R48: 8 | S48: =Q35&"-"&R48 -> 3-8 | T48: =_xlfn.XLOOKUP(S48,合格掲示用ワーク!L:L,合格掲示用ワーク!B:B,"",0,1) -> 0 | U48: =_xlfn.XLOOKUP(S48,合格掲示用ワーク!L:L,合格掲示用ワーク!C:C,"",0,1) -> 0 | V48: =_xlfn.XLOOKUP(S48,合格掲示用ワーク!L:L,合格掲示用ワーク!G:G,"",0,1) -> 0
R49: 9 | S49: =Q35&"-"&R49 -> 3-9 | T49: =_xlfn.XLOOKUP(S49,合格掲示用ワーク!L:L,合格掲示用ワーク!B:B,"",0,1) -> 0 | U49: =_xlfn.XLOOKUP(S49,合格掲示用ワーク!L:L,合格掲示用ワーク!C:C,"",0,1) -> 0 | V49: =_xlfn.XLOOKUP(S49,合格掲示用ワーク!L:L,合格掲示用ワーク!G:G,"",0,1) -> 0
R50: 10 | S50: =Q35&"-"&R50 -> 3-10 | T50: =_xlfn.XLOOKUP(S50,合格掲示用ワーク!L:L,合格掲示用ワーク!B:B,"",0,1) -> 0 | U50: =_xlfn.XLOOKUP(S50,合格掲示用ワーク!L:L,合格掲示用ワーク!C:C,"",0,1) -> 0 | V50: =_xlfn.XLOOKUP(S50,合格掲示用ワーク!L:L,合格掲示用ワーク!G:G,"",0,1) -> 0
Q52: =Q35+1 -> 4
R58: 1 | S58: =Q52&"-"&R58 -> 4-1 | T58: =_xlfn.XLOOKUP(S58,合格掲示用ワーク!L:L,合格掲示用ワーク!B:B,"",0,1) -> 0 | U58: =_xlfn.XLOOKUP(S58,合格掲示用ワーク!L:L,合格掲示用ワーク!C:C,"",0,1) -> 0 | V58: =_xlfn.XLOOKUP(S58,合格掲示用ワーク!L:L,合格掲示用ワーク!G:G,"",0,1) -> 0
R59: 2 | S59: =Q52&"-"&R59 -> 4-2 | T59: =_xlfn.XLOOKUP(S59,合格掲示用ワーク!L:L,合格掲示用ワーク!B:B,"",0,1) -> 0 | U59: =_xlfn.XLOOKUP(S59,合格掲示用ワーク!L:L,合格掲示用ワーク!C:C,"",0,1) -> 0 | V59: =_xlfn.XLOOKUP(S59,合格掲示用ワーク!L:L,合格掲示用ワーク!G:G,"",0,1) -> 0
R60: 3 | S60: =Q52&"-"&R60 -> 4-3 | T60: =_xlfn.XLOOKUP(S60,合格掲示用ワーク!L:L,合格掲示用ワーク!B:B,"",0,1) -> 0 | U60: =_xlfn.XLOOKUP(S60,合格掲示用ワーク!L:L,合格掲示用ワーク!C:C,"",0,1) -> 0 | V60: =_xlfn.XLOOKUP(S60,合格掲示用ワーク!L:L,合格掲示用ワーク!G:G,"",0,1) -> 0
R61: 4 | S61: =Q52&"-"&R61 -> 4-4 | T61: =_xlfn.XLOOKUP(S61,合格掲示用ワーク!L:L,合格掲示用ワーク!B:B,"",0,1) -> 0 | U61: =_xlfn.XLOOKUP(S61,合格掲示用ワーク!L:L,合格掲示用ワーク!C:C,"",0,1) -> 0 | V61: =_xlfn.XLOOKUP(S61,合格掲示用ワーク!L:L,合格掲示用ワーク!G:G,"",0,1) -> 0
R62: 5 | S62: =Q52&"-"&R62 -> 4-5 | T62: =_xlfn.XLOOKUP(S62,合格掲示用ワーク!L:L,合格掲示用ワーク!B:B,"",0,1) -> 0 | U62: =_xlfn.XLOOKUP(S62,合格掲示用ワーク!L:L,合格掲示用ワーク!C:C,"",0,1) -> 0 | V62: =_xlfn.XLOOKUP(S62,合格掲示用ワーク!L:L,合格掲示用ワーク!G:G,"",0,1) -> 0
R63: 6 | S63: =Q52&"-"&R63 -> 4-6 | T63: =_xlfn.XLOOKUP(S63,合格掲示用ワーク!L:L,合格掲示用ワーク!B:B,"",0,1) -> 0 | U63: =_xlfn.XLOOKUP(S63,合格掲示用ワーク!L:L,合格掲示用ワーク!C:C,"",0,1) -> 0 | V63: =_xlfn.XLOOKUP(S63,合格掲示用ワーク!L:L,合格掲示用ワーク!G:G,"",0,1) -> 0
R64: 7 | S64: =Q52&"-"&R64 -> 4-7 | T64: =_xlfn.XLOOKUP(S64,合格掲示用ワーク!L:L,合格掲示用ワーク!B:B,"",0,1) -> 0 | U64: =_xlfn.XLOOKUP(S64,合格掲示用ワーク!L:L,合格掲示用ワーク!C:C,"",0,1) -> 0 | V64: =_xlfn.XLOOKUP(S64,合格掲示用ワーク!L:L,合格掲示用ワーク!G:G,"",0,1) -> 0
R65: 8 | S65: =Q52&"-"&R65 -> 4-8 | T65: =_xlfn.XLOOKUP(S65,合格掲示用ワーク!L:L,合格掲示用ワーク!B:B,"",0,1) -> 0 | U65: =_xlfn.XLOOKUP(S65,合格掲示用ワーク!L:L,合格掲示用ワーク!C:C,"",0,1) -> 0 | V65: =_xlfn.XLOOKUP(S65,合格掲示用ワーク!L:L,合格掲示用ワーク!G:G,"",0,1) -> 0
R66: 9 | S66: =Q52&"-"&R66 -> 4-9 | T66: =_xlfn.XLOOKUP(S66,合格掲示用ワーク!L:L,合格掲示用ワーク!B:B,"",0,1) -> 0 | U66: =_xlfn.XLOOKUP(S66,合格掲示用ワーク!L:L,合格掲示用ワーク!C:C,"",0,1) -> 0 | V66: =_xlfn.XLOOKUP(S66,合格掲示用ワーク!L:L,合格掲示用ワーク!G:G,"",0,1) -> 0
R67: 10 | S67: =Q52&"-"&R67 -> 4-10 | T67: =_xlfn.XLOOKUP(S67,合格掲示用ワーク!L:L,合格掲示用ワーク!B:B,"",0,1) -> 0 | U67: =_xlfn.XLOOKUP(S67,合格掲示用ワーク!L:L,合格掲示用ワーク!C:C,"",0,1) -> 0 | V67: =_xlfn.XLOOKUP(S67,合格掲示用ワーク!L:L,合格掲示用ワーク!G:G,"",0,1) -> 0
Q69: =Q52+1 -> 5
R75: 1 | S75: =Q69&"-"&R75 -> 5-1 | T75: =_xlfn.XLOOKUP(S75,合格掲示用ワーク!L:L,合格掲示用ワーク!B:B,"",0,1) -> 0 | U75: =_xlfn.XLOOKUP(S75,合格掲示用ワーク!L:L,合格掲示用ワーク!C:C,"",0,1) -> 0 | V75: =_xlfn.XLOOKUP(S75,合格掲示用ワーク!L:L,合格掲示用ワーク!G:G,"",0,1) -> 0
R76: 2 | S76: =Q69&"-"&R76 -> 5-2 | T76: =_xlfn.XLOOKUP(S76,合格掲示用ワーク!L:L,合格掲示用ワーク!B:B,"",0,1) -> 0 | U76: =_xlfn.XLOOKUP(S76,合格掲示用ワーク!L:L,合格掲示用ワーク!C:C,"",0,1) -> 0 | V76: =_xlfn.XLOOKUP(S76,合格掲示用ワーク!L:L,合格掲示用ワーク!G:G,"",0,1) -> 0
R77: 3 | S77: =Q69&"-"&R77 -> 5-3 | T77: =_xlfn.XLOOKUP(S77,合格掲示用ワーク!L:L,合格掲示用ワーク!B:B,"",0,1) -> 0 | U77: =_xlfn.XLOOKUP(S77,合格掲示用ワーク!L:L,合格掲示用ワーク!C:C,"",0,1) -> 0 | V77: =_xlfn.XLOOKUP(S77,合格掲示用ワーク!L:L,合格掲示用ワーク!G:G,"",0,1) -> 0
R78: 4 | S78: =Q69&"-"&R78 -> 5-4 | T78: =_xlfn.XLOOKUP(S78,合格掲示用ワーク!L:L,合格掲示用ワーク!B:B,"",0,1) -> 0 | U78: =_xlfn.XLOOKUP(S78,合格掲示用ワーク!L:L,合格掲示用ワーク!C:C,"",0,1) -> 0 | V78: =_xlfn.XLOOKUP(S78,合格掲示用ワーク!L:L,合格掲示用ワーク!G:G,"",0,1) -> 0
R79: 5 | S79: =Q69&"-"&R79 -> 5-5 | T79: =_xlfn.XLOOKUP(S79,合格掲示用ワーク!L:L,合格掲示用ワーク!B:B,"",0,1) -> 0 | U79: =_xlfn.XLOOKUP(S79,合格掲示用ワーク!L:L,合格掲示用ワーク!C:C,"",0,1) -> 0 | V79: =_xlfn.XLOOKUP(S79,合格掲示用ワーク!L:L,合格掲示用ワーク!G:G,"",0,1) -> 0
R80: 6 | S80: =Q69&"-"&R80 -> 5-6 | T80: =_xlfn.XLOOKUP(S80,合格掲示用ワーク!L:L,合格掲示用ワーク!B:B,"",0,1) -> 0 | U80: =_xlfn.XLOOKUP(S80,合格掲示用ワーク!L:L,合格掲示用ワーク!C:C,"",0,1) -> 0 | V80: =_xlfn.XLOOKUP(S80,合格掲示用ワーク!L:L,合格掲示用ワーク!G:G,"",0,1) -> 0
R81: 7 | S81: =Q69&"-"&R81 -> 5-7 | T81: =_xlfn.XLOOKUP(S81,合格掲示用ワーク!L:L,合格掲示用ワーク!B:B,"",0,1) -> 0 | U81: =_xlfn.XLOOKUP(S81,合格掲示用ワーク!L:L,合格掲示用ワーク!C:C,"",0,1) -> 0 | V81: =_xlfn.XLOOKUP(S81,合格掲示用ワーク!L:L,合格掲示用ワーク!G:G,"",0,1) -> 0
R82: 8 | S82: =Q69&"-"&R82 -> 5-8 | T82: =_xlfn.XLOOKUP(S82,合格掲示用ワーク!L:L,合格掲示用ワーク!B:B,"",0,1) -> 0 | U82: =_xlfn.XLOOKUP(S82,合格掲示用ワーク!L:L,合格掲示用ワーク!C:C,"",0,1) -> 0 | V82: =_xlfn.XLOOKUP(S82,合格掲示用ワーク!L:L,合格掲示用ワーク!G:G,"",0,1) -> 0
R83: 9 | S83: =Q69&"-"&R83 -> 5-9 | T83: =_xlfn.XLOOKUP(S83,合格掲示用ワーク!L:L,合格掲示用ワーク!B:B,"",0,1) -> 0 | U83: =_xlfn.XLOOKUP(S83,合格掲示用ワーク!L:L,合格掲示用ワーク!C:C,"",0,1) -> 0 | V83: =_xlfn.XLOOKUP(S83,合格掲示用ワーク!L:L,合格掲示用ワーク!G:G,"",0,1) -> 0
R84: 10 | S84: =Q69&"-"&R84 -> 5-10 | T84: =_xlfn.XLOOKUP(S84,合格掲示用ワーク!L:L,合格掲示用ワーク!B:B,"",0,1) -> 0 | U84: =_xlfn.XLOOKUP(S84,合格掲示用ワーク!L:L,合格掲示用ワーク!C:C,"",0,1) -> 0 | V84: =_xlfn.XLOOKUP(S84,合格掲示用ワーク!L:L,合格掲示用ワーク!G:G,"",0,1) -> 0
Q86: =Q69+1 -> 6
R92: 1 | S92: =Q86&"-"&R92 -> 6-1 | T92: =_xlfn.XLOOKUP(S92,合格掲示用ワーク!L:L,合格掲示用ワーク!B:B,"",0,1) -> 0 | U92: =_xlfn.XLOOKUP(S92,合格掲示用ワーク!L:L,合格掲示用ワーク!C:C,"",0,1) -> 0 | V92: =_xlfn.XLOOKUP(S92,合格掲示用ワーク!L:L,合格掲示用ワーク!G:G,"",0,1) -> 0
R93: 2 | S93: =Q86&"-"&R93 -> 6-2 | T93: =_xlfn.XLOOKUP(S93,合格掲示用ワーク!L:L,合格掲示用ワーク!B:B,"",0,1) -> 0 | U93: =_xlfn.XLOOKUP(S93,合格掲示用ワーク!L:L,合格掲示用ワーク!C:C,"",0,1) -> 0 | V93: =_xlfn.XLOOKUP(S93,合格掲示用ワーク!L:L,合格掲示用ワーク!G:G,"",0,1) -> 0
R94: 3 | S94: =Q86&"-"&R94 -> 6-3 | T94: =_xlfn.XLOOKUP(S94,合格掲示用ワーク!L:L,合格掲示用ワーク!B:B,"",0,1) -> 0 | U94: =_xlfn.XLOOKUP(S94,合格掲示用ワーク!L:L,合格掲示用ワーク!C:C,"",0,1) -> 0 | V94: =_xlfn.XLOOKUP(S94,合格掲示用ワーク!L:L,合格掲示用ワーク!G:G,"",0,1) -> 0
R95: 4 | S95: =Q86&"-"&R95 -> 6-4 | T95: =_xlfn.XLOOKUP(S95,合格掲示用ワーク!L:L,合格掲示用ワーク!B:B,"",0,1) -> 0 | U95: =_xlfn.XLOOKUP(S95,合格掲示用ワーク!L:L,合格掲示用ワーク!C:C,"",0,1) -> 0 | V95: =_xlfn.XLOOKUP(S95,合格掲示用ワーク!L:L,合格掲示用ワーク!G:G,"",0,1) -> 0
R96: 5 | S96: =Q86&"-"&R96 -> 6-5 | T96: =_xlfn.XLOOKUP(S96,合格掲示用ワーク!L:L,合格掲示用ワーク!B:B,"",0,1) -> 0 | U96: =_xlfn.XLOOKUP(S96,合格掲示用ワーク!L:L,合格掲示用ワーク!C:C,"",0,1) -> 0 | V96: =_xlfn.XLOOKUP(S96,合格掲示用ワーク!L:L,合格掲示用ワーク!G:G,"",0,1) -> 0
R97: 6 | S97: =Q86&"-"&R97 -> 6-6 | T97: =_xlfn.XLOOKUP(S97,合格掲示用ワーク!L:L,合格掲示用ワーク!B:B,"",0,1) -> 0 | U97: =_xlfn.XLOOKUP(S97,合格掲示用ワーク!L:L,合格掲示用ワーク!C:C,"",0,1) -> 0 | V97: =_xlfn.XLOOKUP(S97,合格掲示用ワーク!L:L,合格掲示用ワーク!G:G,"",0,1) -> 0
R98: 7 | S98: =Q86&"-"&R98 -> 6-7 | T98: =_xlfn.XLOOKUP(S98,合格掲示用ワーク!L:L,合格掲示用ワーク!B:B,"",0,1) -> 0 | U98: =_xlfn.XLOOKUP(S98,合格掲示用ワーク!L:L,合格掲示用ワーク!C:C,"",0,1) -> 0 | V98: =_xlfn.XLOOKUP(S98,合格掲示用ワーク!L:L,合格掲示用ワーク!G:G,"",0,1) -> 0
R99: 8 | S99: =Q86&"-"&R99 -> 6-8 | T99: =_xlfn.XLOOKUP(S99,合格掲示用ワーク!L:L,合格掲示用ワーク!B:B,"",0,1) -> 0 | U99: =_xlfn.XLOOKUP(S99,合格掲示用ワーク!L:L,合格掲示用ワーク!C:C,"",0,1) -> 0 | V99: =_xlfn.XLOOKUP(S99,合格掲示用ワーク!L:L,合格掲示用ワーク!G:G,"",0,1) -> 0
R100: 9 | S100: =Q86&"-"&R100 -> 6-9 | T100: =_xlfn.XLOOKUP(S100,合格掲示用ワーク!L:L,合格掲示用ワーク!B:B,"",0,1) -> 0 | U100: =_xlfn.XLOOKUP(S100,合格掲示用ワーク!L:L,合格掲示用ワーク!C:C,"",0,1) -> 0 | V100: =_xlfn.XLOOKUP(S100,合格掲示用ワーク!L:L,合格掲示用ワーク!G:G,"",0,1) -> 0
R101: 10 | S101: =Q86&"-"&R101 -> 6-10 | T101: =_xlfn.XLOOKUP(S101,合格掲示用ワーク!L:L,合格掲示用ワーク!B:B,"",0,1) -> 0 | U101: =_xlfn.XLOOKUP(S101,合格掲示用ワーク!L:L,合格掲示用ワーク!C:C,"",0,1) -> 0 | V101: =_xlfn.XLOOKUP(S101,合格掲示用ワーク!L:L,合格掲示用ワーク!G:G,"",0,1) -> 0
Q103: =Q86+1 -> 7
R109: 1 | S109: =Q103&"-"&R109 -> 7-1 | T109: =_xlfn.XLOOKUP(S109,合格掲示用ワーク!L:L,合格掲示用ワーク!B:B,"",0,1) -> 0 | U109: =_xlfn.XLOOKUP(S109,合格掲示用ワーク!L:L,合格掲示用ワーク!C:C,"",0,1) -> 0 | V109: =_xlfn.XLOOKUP(S109,合格掲示用ワーク!L:L,合格掲示用ワーク!G:G,"",0,1) -> 0
R110: 2 | S110: =Q103&"-"&R110 -> 7-2 | T110: =_xlfn.XLOOKUP(S110,合格掲示用ワーク!L:L,合格掲示用ワーク!B:B,"",0,1) -> 0 | U110: =_xlfn.XLOOKUP(S110,合格掲示用ワーク!L:L,合格掲示用ワーク!C:C,"",0,1) -> 0 | V110: =_xlfn.XLOOKUP(S110,合格掲示用ワーク!L:L,合格掲示用ワーク!G:G,"",0,1) -> 0
R111: 3 | S111: =Q103&"-"&R111 -> 7-3 | T111: =_xlfn.XLOOKUP(S111,合格掲示用ワーク!L:L,合格掲示用ワーク!B:B,"",0,1) -> 0 | U111: =_xlfn.XLOOKUP(S111,合格掲示用ワーク!L:L,合格掲示用ワーク!C:C,"",0,1) -> 0 | V111: =_xlfn.XLOOKUP(S111,合格掲示用ワーク!L:L,合格掲示用ワーク!G:G,"",0,1) -> 0
R112: 4 | S112: =Q103&"-"&R112 -> 7-4 | T112: =_xlfn.XLOOKUP(S112,合格掲示用ワーク!L:L,合格掲示用ワーク!B:B,"",0,1) -> 0 | U112: =_xlfn.XLOOKUP(S112,合格掲示用ワーク!L:L,合格掲示用ワーク!C:C,"",0,1) -> 0 | V112: =_xlfn.XLOOKUP(S112,合格掲示用ワーク!L:L,合格掲示用ワーク!G:G,"",0,1) -> 0
R113: 5 | S113: =Q103&"-"&R113 -> 7-5 | T113: =_xlfn.XLOOKUP(S113,合格掲示用ワーク!L:L,合格掲示用ワーク!B:B,"",0,1) -> 0 | U113: =_xlfn.XLOOKUP(S113,合格掲示用ワーク!L:L,合格掲示用ワーク!C:C,"",0,1) -> 0 | V113: =_xlfn.XLOOKUP(S113,合格掲示用ワーク!L:L,合格掲示用ワーク!G:G,"",0,1) -> 0
R114: 6 | S114: =Q103&"-"&R114 -> 7-6 | T114: =_xlfn.XLOOKUP(S114,合格掲示用ワーク!L:L,合格掲示用ワーク!B:B,"",0,1) -> 0 | U114: =_xlfn.XLOOKUP(S114,合格掲示用ワーク!L:L,合格掲示用ワーク!C:C,"",0,1) -> 0 | V114: =_xlfn.XLOOKUP(S114,合格掲示用ワーク!L:L,合格掲示用ワーク!G:G,"",0,1) -> 0
R115: 7 | S115: =Q103&"-"&R115 -> 7-7 | T115: =_xlfn.XLOOKUP(S115,合格掲示用ワーク!L:L,合格掲示用ワーク!B:B,"",0,1) -> 0 | U115: =_xlfn.XLOOKUP(S115,合格掲示用ワーク!L:L,合格掲示用ワーク!C:C,"",0,1) -> 0 | V115: =_xlfn.XLOOKUP(S115,合格掲示用ワーク!L:L,合格掲示用ワーク!G:G,"",0,1) -> 0
R116: 8 | S116: =Q103&"-"&R116 -> 7-8 | T116: =_xlfn.XLOOKUP(S116,合格掲示用ワーク!L:L,合格掲示用ワーク!B:B,"",0,1) -> 0 | U116: =_xlfn.XLOOKUP(S116,合格掲示用ワーク!L:L,合格掲示用ワーク!C:C,"",0,1) -> 0 | V116: =_xlfn.XLOOKUP(S116,合格掲示用ワーク!L:L,合格掲示用ワーク!G:G,"",0,1) -> 0
R117: 9 | S117: =Q103&"-"&R117 -> 7-9 | T117: =_xlfn.XLOOKUP(S117,合格掲示用ワーク!L:L,合格掲示用ワーク!B:B,"",0,1) -> 0 | U117: =_xlfn.XLOOKUP(S117,合格掲示用ワーク!L:L,合格掲示用ワーク!C:C,"",0,1) -> 0 | V117: =_xlfn.XLOOKUP(S117,合格掲示用ワーク!L:L,合格掲示用ワーク!G:G,"",0,1) -> 0
R118: 10 | S118: =Q103&"-"&R118 -> 7-10 | T118: =_xlfn.XLOOKUP(S118,合格掲示用ワーク!L:L,合格掲示用ワーク!B:B,"",0,1) -> 0 | U118: =_xlfn.XLOOKUP(S118,合格掲示用ワーク!L:L,合格掲示用ワーク!C:C,"",0,1) -> 0 | V118: =_xlfn.XLOOKUP(S118,合格掲示用ワーク!L:L,合格掲示用ワーク!G:G,"",0,1) -> 0
Q120: =Q103+1 -> 8
R126: 1 | S126: =Q120&"-"&R126 -> 8-1 | T126: =_xlfn.XLOOKUP(S126,合格掲示用ワーク!L:L,合格掲示用ワーク!B:B,"",0,1) -> 0 | U126: =_xlfn.XLOOKUP(S126,合格掲示用ワーク!L:L,合格掲示用ワーク!C:C,"",0,1) -> 0 | V126: =_xlfn.XLOOKUP(S126,合格掲示用ワーク!L:L,合格掲示用ワーク!G:G,"",0,1) -> 0
R127: 2 | S127: =Q120&"-"&R127 -> 8-2 | T127: =_xlfn.XLOOKUP(S127,合格掲示用ワーク!L:L,合格掲示用ワーク!B:B,"",0,1) -> 0 | U127: =_xlfn.XLOOKUP(S127,合格掲示用ワーク!L:L,合格掲示用ワーク!C:C,"",0,1) -> 0 | V127: =_xlfn.XLOOKUP(S127,合格掲示用ワーク!L:L,合格掲示用ワーク!G:G,"",0,1) -> 0
R128: 3 | S128: =Q120&"-"&R128 -> 8-3 | T128: =_xlfn.XLOOKUP(S128,合格掲示用ワーク!L:L,合格掲示用ワーク!B:B,"",0,1) -> 0 | U128: =_xlfn.XLOOKUP(S128,合格掲示用ワーク!L:L,合格掲示用ワーク!C:C,"",0,1) -> 0 | V128: =_xlfn.XLOOKUP(S128,合格掲示用ワーク!L:L,合格掲示用ワーク!G:G,"",0,1) -> 0
R129: 4 | S129: =Q120&"-"&R129 -> 8-4 | T129: =_xlfn.XLOOKUP(S129,合格掲示用ワーク!L:L,合格掲示用ワーク!B:B,"",0,1) -> 0 | U129: =_xlfn.XLOOKUP(S129,合格掲示用ワーク!L:L,合格掲示用ワーク!C:C,"",0,1) -> 0 | V129: =_xlfn.XLOOKUP(S129,合格掲示用ワーク!L:L,合格掲示用ワーク!G:G,"",0,1) -> 0
R130: 5 | S130: =Q120&"-"&R130 -> 8-5 | T130: =_xlfn.XLOOKUP(S130,合格掲示用ワーク!L:L,合格掲示用ワーク!B:B,"",0,1) -> 0 | U130: =_xlfn.XLOOKUP(S130,合格掲示用ワーク!L:L,合格掲示用ワーク!C:C,"",0,1) -> 0 | V130: =_xlfn.XLOOKUP(S130,合格掲示用ワーク!L:L,合格掲示用ワーク!G:G,"",0,1) -> 0
R131: 6 | S131: =Q120&"-"&R131 -> 8-6 | T131: =_xlfn.XLOOKUP(S131,合格掲示用ワーク!L:L,合格掲示用ワーク!B:B,"",0,1) -> 0 | U131: =_xlfn.XLOOKUP(S131,合格掲示用ワーク!L:L,合格掲示用ワーク!C:C,"",0,1) -> 0 | V131: =_xlfn.XLOOKUP(S131,合格掲示用ワーク!L:L,合格掲示用ワーク!G:G,"",0,1) -> 0
R132: 7 | S132: =Q120&"-"&R132 -> 8-7 | T132: =_xlfn.XLOOKUP(S132,合格掲示用ワーク!L:L,合格掲示用ワーク!B:B,"",0,1) -> 0 | U132: =_xlfn.XLOOKUP(S132,合格掲示用ワーク!L:L,合格掲示用ワーク!C:C,"",0,1) -> 0 | V132: =_xlfn.XLOOKUP(S132,合格掲示用ワーク!L:L,合格掲示用ワーク!G:G,"",0,1) -> 0
R133: 8 | S133: =Q120&"-"&R133 -> 8-8 | T133: =_xlfn.XLOOKUP(S133,合格掲示用ワーク!L:L,合格掲示用ワーク!B:B,"",0,1) -> 0 | U133: =_xlfn.XLOOKUP(S133,合格掲示用ワーク!L:L,合格掲示用ワーク!C:C,"",0,1) -> 0 | V133: =_xlfn.XLOOKUP(S133,合格掲示用ワーク!L:L,合格掲示用ワーク!G:G,"",0,1) -> 0
R134: 9 | S134: =Q120&"-"&R134 -> 8-9 | T134: =_xlfn.XLOOKUP(S134,合格掲示用ワーク!L:L,合格掲示用ワーク!B:B,"",0,1) -> 0 | U134: =_xlfn.XLOOKUP(S134,合格掲示用ワーク!L:L,合格掲示用ワーク!C:C,"",0,1) -> 0 | V134: =_xlfn.XLOOKUP(S134,合格掲示用ワーク!L:L,合格掲示用ワーク!G:G,"",0,1) -> 0
R135: 10 | S135: =Q120&"-"&R135 -> 8-10 | T135: =_xlfn.XLOOKUP(S135,合格掲示用ワーク!L:L,合格掲示用ワーク!B:B,"",0,1) -> 0 | U135: =_xlfn.XLOOKUP(S135,合格掲示用ワーク!L:L,合格掲示用ワーク!C:C,"",0,1) -> 0 | V135: =_xlfn.XLOOKUP(S135,合格掲示用ワーク!L:L,合格掲示用ワーク!G:G,"",0,1) -> 0
Q137: =Q120+1 -> 9
R143: 1 | S143: =Q137&"-"&R143 -> 9-1 | T143: =_xlfn.XLOOKUP(S143,合格掲示用ワーク!L:L,合格掲示用ワーク!B:B,"",0,1) -> 0 | U143: =_xlfn.XLOOKUP(S143,合格掲示用ワーク!L:L,合格掲示用ワーク!C:C,"",0,1) -> 0 | V143: =_xlfn.XLOOKUP(S143,合格掲示用ワーク!L:L,合格掲示用ワーク!G:G,"",0,1) -> 0
R144: 2 | S144: =Q137&"-"&R144 -> 9-2 | T144: =_xlfn.XLOOKUP(S144,合格掲示用ワーク!L:L,合格掲示用ワーク!B:B,"",0,1) -> 0 | U144: =_xlfn.XLOOKUP(S144,合格掲示用ワーク!L:L,合格掲示用ワーク!C:C,"",0,1) -> 0 | V144: =_xlfn.XLOOKUP(S144,合格掲示用ワーク!L:L,合格掲示用ワーク!G:G,"",0,1) -> 0
R145: 3 | S145: =Q137&"-"&R145 -> 9-3 | T145: =_xlfn.XLOOKUP(S145,合格掲示用ワーク!L:L,合格掲示用ワーク!B:B,"",0,1) -> 0 | U145: =_xlfn.XLOOKUP(S145,合格掲示用ワーク!L:L,合格掲示用ワーク!C:C,"",0,1) -> 0 | V145: =_xlfn.XLOOKUP(S145,合格掲示用ワーク!L:L,合格掲示用ワーク!G:G,"",0,1) -> 0
R146: 4 | S146: =Q137&"-"&R146 -> 9-4 | T146: =_xlfn.XLOOKUP(S146,合格掲示用ワーク!L:L,合格掲示用ワーク!B:B,"",0,1) -> 0 | U146: =_xlfn.XLOOKUP(S146,合格掲示用ワーク!L:L,合格掲示用ワーク!C:C,"",0,1) -> 0 | V146: =_xlfn.XLOOKUP(S146,合格掲示用ワーク!L:L,合格掲示用ワーク!G:G,"",0,1) -> 0
R147: 5 | S147: =Q137&"-"&R147 -> 9-5 | T147: =_xlfn.XLOOKUP(S147,合格掲示用ワーク!L:L,合格掲示用ワーク!B:B,"",0,1) -> 0 | U147: =_xlfn.XLOOKUP(S147,合格掲示用ワーク!L:L,合格掲示用ワーク!C:C,"",0,1) -> 0 | V147: =_xlfn.XLOOKUP(S147,合格掲示用ワーク!L:L,合格掲示用ワーク!G:G,"",0,1) -> 0
R148: 6 | S148: =Q137&"-"&R148 -> 9-6 | T148: =_xlfn.XLOOKUP(S148,合格掲示用ワーク!L:L,合格掲示用ワーク!B:B,"",0,1) -> 0 | U148: =_xlfn.XLOOKUP(S148,合格掲示用ワーク!L:L,合格掲示用ワーク!C:C,"",0,1) -> 0 | V148: =_xlfn.XLOOKUP(S148,合格掲示用ワーク!L:L,合格掲示用ワーク!G:G,"",0,1) -> 0
R149: 7 | S149: =Q137&"-"&R149 -> 9-7 | T149: =_xlfn.XLOOKUP(S149,合格掲示用ワーク!L:L,合格掲示用ワーク!B:B,"",0,1) -> 0 | U149: =_xlfn.XLOOKUP(S149,合格掲示用ワーク!L:L,合格掲示用ワーク!C:C,"",0,1) -> 0 | V149: =_xlfn.XLOOKUP(S149,合格掲示用ワーク!L:L,合格掲示用ワーク!G:G,"",0,1) -> 0
R150: 8 | S150: =Q137&"-"&R150 -> 9-8 | T150: =_xlfn.XLOOKUP(S150,合格掲示用ワーク!L:L,合格掲示用ワーク!B:B,"",0,1) -> 0 | U150: =_xlfn.XLOOKUP(S150,合格掲示用ワーク!L:L,合格掲示用ワーク!C:C,"",0,1) -> 0 | V150: =_xlfn.XLOOKUP(S150,合格掲示用ワーク!L:L,合格掲示用ワーク!G:G,"",0,1) -> 0
R151: 9 | S151: =Q137&"-"&R151 -> 9-9 | T151: =_xlfn.XLOOKUP(S151,合格掲示用ワーク!L:L,合格掲示用ワーク!B:B,"",0,1) -> 0 | U151: =_xlfn.XLOOKUP(S151,合格掲示用ワーク!L:L,合格掲示用ワーク!C:C,"",0,1) -> 0 | V151: =_xlfn.XLOOKUP(S151,合格掲示用ワーク!L:L,合格掲示用ワーク!G:G,"",0,1) -> 0
R152: 10 | S152: =Q137&"-"&R152 -> 9-10 | T152: =_xlfn.XLOOKUP(S152,合格掲示用ワーク!L:L,合格掲示用ワーク!B:B,"",0,1) -> 0 | U152: =_xlfn.XLOOKUP(S152,合格掲示用ワーク!L:L,合格掲示用ワーク!C:C,"",0,1) -> 0 | V152: =_xlfn.XLOOKUP(S152,合格掲示用ワーク!L:L,合格掲示用ワーク!G:G,"",0,1) -> 0
Q154: =Q137+1 -> 10
...

Sheet 募集状況の情報
A1: 学校名 | B1: 入試情報 | C1: 情報を取得した日 | D1: 情報を聞いた人
A2: 愛甲学院 | B2: 今期は終了 | C2: 45958 | D2: 田中
A3: 中部国際自動車大学校（A-TEC） | B3: 今期は終了 | C3: 45950 | D3: 北條
A4: 日本デジタルカレッジ | B4: 今期は終了 | C4: 45959 | D4: 北條
A5: 花壇自動車大学校 | B5: 今期は終了 | C5: 45954 | D5: 北條
A6: 岡山情報ビジネス学院 | B6: まだ余裕あり。願書もいくらか送ってもらった。 | C6: 45950 | D6: 北條
A7: TIBC神戸校 | B7: 日本語学校卒業時点でN2が一巡学び終わる程度の人であれば、受け入れ余裕あり。願書も４部もらった。 | C7: 45960 | D7: 北條
A8: 関西国際旅行・ホテル専門学校 | B8: 日本語専科（１年）は、まだ余裕あり。ただし、応募者のレベルが高く、今年は例年より合格基準を引き上げている。目安としてはN3所有程度。 | C8: 45960 | D8: 北條
A9: ICT専門学校 | B9: 11月8日のオープンキャンパスに参加した人だけ最後の試験ができる。オープンキャンパスは要予約。 | C9: 45899 | D9: 北條
A10: エール学園 | B10: 進学日本語コース2年午前の部は4回目11/7の願書締め切りで終了。また、オープンキャンパスがもうなくなったが、11/13にある入学説明会は同じ内容なのでもし参加したい場合そちらを予約する。 | C10: 45959 | D10: 木下
A11: 関西国際旅行・ホテル専門学校 | B11: 上記同様、ホテル学科のレベルが高くＮ３所持しても難しいかもしれないとのことです。年内に終了する予定はないので何度もチャレンジしてほしいとのことです。 （12月10日北條追記）試験は全部実施するので、募集終了はない。しかし、枠は少ないので難易度は非常に高くなっている。特に１年コース日本語専科は、２年コースより難易度が上がるという逆転現象が起きており、ほとんど合格の見込みはない。 逆に国際コミュニケーション学科と観光学科はまだ余裕があるので、N3相当の学生であればチャンスはある。 | C11: 45938 | D11: 木下
A12: プロスぺラ学院専門学校 | B12: 11月の試験はいっぱいでそろそろ終わるかもしれない。 （11/6：田中）ほぼ終わった。例外受験があるかも？ | C12: 45931 | D12: 木下
A13: 日本コンピュータ専門学校 | B13: 今期は終了（11月27日更新） | C13: 45959 | D13: 吉川
... A38: 広島国際ビジネスカレッジ | B38: ・N4相当 ・国際文化コミュニケーションコース（１年コース） ・学校推薦だと入学検定料と学費5万円免除。なお推薦基準は本校の推薦基準で良い。 ・入試オンライン受験可能 ・12月25日現在でも枠は多数あるとのこと | C38: 46015 | D38: 稲垣

Sheet 選択肢
A1: 選択肢 | C1: 選択肢2
A2: 45809 | C2: 進学
A3: 45839 | C3: 就職
A4: 45870 | C4: 帰国
A5: 45901 | C5: 未定
A6: 45931 | C6: その他
A7: 45962
A8: 45992
A9: 46023
A10: 46054
A11: 46082
